[0m17:59:56.602847 [debug] [MainThread]: Sending event: {'category': 'dbt', 'action': 'invocation', 'label': 'start', 'context': [<snowplow_tracker.self_describing_json.SelfDescribingJson object at 0x1050fc050>, <snowplow_tracker.self_describing_json.SelfDescribingJson object at 0x10646b610>, <snowplow_tracker.self_describing_json.SelfDescribingJson object at 0x10646b890>]}


============================== 17:59:56.607336 | 36f8faad-bdac-4ca3-9e38-1184917e3154 ==============================
[0m17:59:56.607336 [info ] [MainThread]: Running with dbt=1.10.11
[0m17:59:56.607817 [debug] [MainThread]: running dbt with arguments {'write_json': 'True', 'printer_width': '80', 'send_anonymous_usage_stats': 'True', 'use_experimental_parser': 'False', 'indirect_selection': 'eager', 'warn_error_options': 'WarnErrorOptionsV2(error=[], warn=[], silence=[])', 'no_print': 'None', 'introspect': 'True', 'use_colors': 'True', 'partial_parse': 'True', 'static_parser': 'True', 'quiet': 'False', 'fail_fast': 'False', 'profiles_dir': '/Users/austinabrahamanjiparambilhayis/.dbt', 'invocation_command': 'dbt debug', 'version_check': 'True', 'target_path': 'None', 'empty': 'None', 'log_format': 'default', 'debug': 'False', 'log_cache_events': 'False', 'warn_error': 'None', 'log_path': '/Users/austinabrahamanjiparambilhayis/Documents/repos/dbt-multi-warehouse-demo/logs', 'cache_selected_only': 'False'}
[0m17:59:56.626448 [info ] [MainThread]: dbt version: 1.10.11
[0m17:59:56.626844 [info ] [MainThread]: python version: 3.13.7
[0m17:59:56.627132 [info ] [MainThread]: python path: /Users/austinabrahamanjiparambilhayis/Documents/repos/dbt-multi-warehouse-demo/.venv/bin/python3.13
[0m17:59:56.627356 [info ] [MainThread]: os info: macOS-15.6.1-arm64-arm-64bit-Mach-O
[0m17:59:57.826066 [info ] [MainThread]: Using profiles dir at /Users/austinabrahamanjiparambilhayis/.dbt
[0m17:59:57.826430 [info ] [MainThread]: Using profiles.yml file at /Users/austinabrahamanjiparambilhayis/.dbt/profiles.yml
[0m17:59:57.826664 [info ] [MainThread]: Using dbt_project.yml file at /Users/austinabrahamanjiparambilhayis/Documents/repos/dbt-multi-warehouse-demo/dbt_project.yml
[0m17:59:57.827198 [info ] [MainThread]: adapter type: snowflake
[0m17:59:57.827480 [info ] [MainThread]: adapter version: 1.10.2
[0m17:59:57.906119 [info ] [MainThread]: Configuration:
[0m17:59:57.906464 [info ] [MainThread]:   profiles.yml file [[32mOK found and valid[0m]
[0m17:59:57.906694 [info ] [MainThread]:   dbt_project.yml file [[32mOK found and valid[0m]
[0m17:59:57.906903 [info ] [MainThread]: Required dependencies:
[0m17:59:57.907184 [debug] [MainThread]: Executing "git --help"
[0m17:59:57.932015 [debug] [MainThread]: STDOUT: "b"usage: git [-v | --version] [-h | --help] [-C <path>] [-c <name>=<value>]\n           [--exec-path[=<path>]] [--html-path] [--man-path] [--info-path]\n           [-p | --paginate | -P | --no-pager] [--no-replace-objects] [--bare]\n           [--git-dir=<path>] [--work-tree=<path>] [--namespace=<name>]\n           [--super-prefix=<path>] [--config-env=<name>=<envvar>]\n           <command> [<args>]\n\nThese are common Git commands used in various situations:\n\nstart a working area (see also: git help tutorial)\n   clone     Clone a repository into a new directory\n   init      Create an empty Git repository or reinitialize an existing one\n\nwork on the current change (see also: git help everyday)\n   add       Add file contents to the index\n   mv        Move or rename a file, a directory, or a symlink\n   restore   Restore working tree files\n   rm        Remove files from the working tree and from the index\n\nexamine the history and state (see also: git help revisions)\n   bisect    Use binary search to find the commit that introduced a bug\n   diff      Show changes between commits, commit and working tree, etc\n   grep      Print lines matching a pattern\n   log       Show commit logs\n   show      Show various types of objects\n   status    Show the working tree status\n\ngrow, mark and tweak your common history\n   branch    List, create, or delete branches\n   commit    Record changes to the repository\n   merge     Join two or more development histories together\n   rebase    Reapply commits on top of another base tip\n   reset     Reset current HEAD to the specified state\n   switch    Switch branches\n   tag       Create, list, delete or verify a tag object signed with GPG\n\ncollaborate (see also: git help workflows)\n   fetch     Download objects and refs from another repository\n   pull      Fetch from and integrate with another repository or a local branch\n   push      Update remote refs along with associated objects\n\n'git help -a' and 'git help -g' list available subcommands and some\nconcept guides. See 'git help <command>' or 'git help <concept>'\nto read about a specific subcommand or concept.\nSee 'git help git' for an overview of the system.\n""
[0m17:59:57.932762 [debug] [MainThread]: STDERR: "b''"
[0m17:59:57.933039 [info ] [MainThread]:  - git [[32mOK found[0m]

[0m17:59:57.933291 [info ] [MainThread]: Connection:
[0m17:59:57.933549 [info ] [MainThread]:   account: HAVPNFN-LD77838
[0m17:59:57.933747 [info ] [MainThread]:   user: AUSTIN
[0m17:59:57.933932 [info ] [MainThread]:   database: DBT_PROJECT
[0m17:59:57.934114 [info ] [MainThread]:   warehouse: COMPUTE_WH
[0m17:59:57.934292 [info ] [MainThread]:   role: ACCOUNTADMIN
[0m17:59:57.934471 [info ] [MainThread]:   schema: DEV
[0m17:59:57.934649 [info ] [MainThread]:   authenticator: None
[0m17:59:57.934827 [info ] [MainThread]:   oauth_client_id: None
[0m17:59:57.935004 [info ] [MainThread]:   query_tag: None
[0m17:59:57.935183 [info ] [MainThread]:   client_session_keep_alive: False
[0m17:59:57.935362 [info ] [MainThread]:   host: None
[0m17:59:57.935536 [info ] [MainThread]:   port: None
[0m17:59:57.935707 [info ] [MainThread]:   proxy_host: None
[0m17:59:57.935886 [info ] [MainThread]:   proxy_port: None
[0m17:59:57.936059 [info ] [MainThread]:   protocol: None
[0m17:59:57.936231 [info ] [MainThread]:   connect_retries: 1
[0m17:59:57.936400 [info ] [MainThread]:   connect_timeout: None
[0m17:59:57.936579 [info ] [MainThread]:   retry_on_database_errors: False
[0m17:59:57.936754 [info ] [MainThread]:   retry_all: False
[0m17:59:57.936930 [info ] [MainThread]:   insecure_mode: False
[0m17:59:57.937101 [info ] [MainThread]:   reuse_connections: True
[0m17:59:57.937277 [info ] [MainThread]:   s3_stage_vpce_dns_name: None
[0m17:59:57.937771 [info ] [MainThread]: Registered adapter: snowflake=1.10.2
[0m17:59:58.042620 [debug] [MainThread]: Acquiring new snowflake connection 'debug'
[0m17:59:58.081281 [debug] [MainThread]: Using snowflake connection "debug"
[0m17:59:58.081571 [debug] [MainThread]: On debug: select 1 as id
[0m17:59:58.081795 [debug] [MainThread]: Opening a new connection, currently in state init
[0m17:59:59.360873 [debug] [MainThread]: SQL status: SUCCESS 1 in 1.279 seconds
[0m17:59:59.364302 [info ] [MainThread]:   Connection test: [[32mOK connection ok[0m]

[0m17:59:59.364972 [info ] [MainThread]: [32mAll checks passed![0m
[0m17:59:59.382132 [debug] [MainThread]: Resource report: {"command_name": "debug", "command_success": true, "command_wall_clock_time": 2.8531141, "process_in_blocks": "0", "process_kernel_time": 0.402906, "process_mem_max_rss": "158318592", "process_out_blocks": "0", "process_user_time": 1.92149}
[0m17:59:59.383004 [debug] [MainThread]: Command `dbt debug` succeeded at 17:59:59.382708 after 2.85 seconds
[0m17:59:59.383401 [debug] [MainThread]: Connection 'debug' was left open.
[0m17:59:59.383753 [debug] [MainThread]: On debug: Close
[0m17:59:59.455189 [debug] [MainThread]: Sending event: {'category': 'dbt', 'action': 'invocation', 'label': 'end', 'context': [<snowplow_tracker.self_describing_json.SelfDescribingJson object at 0x1082802b0>, <snowplow_tracker.self_describing_json.SelfDescribingJson object at 0x107dd7ad0>, <snowplow_tracker.self_describing_json.SelfDescribingJson object at 0x107af2f10>]}
[0m17:59:59.456034 [debug] [MainThread]: Flushing usage events
[0m17:59:59.905753 [debug] [MainThread]: An error was encountered while trying to flush usage events
[0m18:13:31.149432 [debug] [MainThread]: Sending event: {'category': 'dbt', 'action': 'invocation', 'label': 'start', 'context': [<snowplow_tracker.self_describing_json.SelfDescribingJson object at 0x104600050>, <snowplow_tracker.self_describing_json.SelfDescribingJson object at 0x10545b610>, <snowplow_tracker.self_describing_json.SelfDescribingJson object at 0x10545b890>]}


============================== 18:13:31.153685 | b49092a1-9c28-4079-b3ca-576fa4316081 ==============================
[0m18:13:31.153685 [info ] [MainThread]: Running with dbt=1.10.11
[0m18:13:31.154177 [debug] [MainThread]: running dbt with arguments {'warn_error_options': 'WarnErrorOptionsV2(error=[], warn=[], silence=[])', 'introspect': 'True', 'log_path': '/Users/austinabrahamanjiparambilhayis/Documents/repos/dbt-multi-warehouse-demo/logs', 'use_experimental_parser': 'False', 'no_print': 'None', 'indirect_selection': 'eager', 'quiet': 'False', 'use_colors': 'True', 'static_parser': 'True', 'version_check': 'True', 'write_json': 'True', 'empty': 'None', 'target_path': 'None', 'invocation_command': 'dbt debug', 'log_format': 'default', 'profiles_dir': '/Users/austinabrahamanjiparambilhayis/.dbt', 'log_cache_events': 'False', 'cache_selected_only': 'False', 'send_anonymous_usage_stats': 'True', 'fail_fast': 'False', 'debug': 'False', 'warn_error': 'None', 'printer_width': '80', 'partial_parse': 'True'}
[0m18:13:31.171168 [info ] [MainThread]: dbt version: 1.10.11
[0m18:13:31.171484 [info ] [MainThread]: python version: 3.13.7
[0m18:13:31.171702 [info ] [MainThread]: python path: /Users/austinabrahamanjiparambilhayis/Documents/repos/dbt-multi-warehouse-demo/.venv/bin/python3.13
[0m18:13:31.171907 [info ] [MainThread]: os info: macOS-15.6.1-arm64-arm-64bit-Mach-O
[0m18:13:31.175478 [info ] [MainThread]: Using profiles dir at /Users/austinabrahamanjiparambilhayis/.dbt
[0m18:13:31.175768 [info ] [MainThread]: Using profiles.yml file at /Users/austinabrahamanjiparambilhayis/.dbt/profiles.yml
[0m18:13:31.175987 [info ] [MainThread]: Using dbt_project.yml file at /Users/austinabrahamanjiparambilhayis/Documents/repos/dbt-multi-warehouse-demo/dbt_project.yml
[0m18:13:31.255654 [info ] [MainThread]: Configuration:
[0m18:13:31.255997 [info ] [MainThread]:   profiles.yml file [[31mERROR invalid[0m]
[0m18:13:31.256224 [info ] [MainThread]:   dbt_project.yml file [[32mOK found and valid[0m]
[0m18:13:31.256431 [info ] [MainThread]: Required dependencies:
[0m18:13:31.256721 [debug] [MainThread]: Executing "git --help"
[0m18:13:31.285805 [debug] [MainThread]: STDOUT: "b"usage: git [-v | --version] [-h | --help] [-C <path>] [-c <name>=<value>]\n           [--exec-path[=<path>]] [--html-path] [--man-path] [--info-path]\n           [-p | --paginate | -P | --no-pager] [--no-replace-objects] [--bare]\n           [--git-dir=<path>] [--work-tree=<path>] [--namespace=<name>]\n           [--super-prefix=<path>] [--config-env=<name>=<envvar>]\n           <command> [<args>]\n\nThese are common Git commands used in various situations:\n\nstart a working area (see also: git help tutorial)\n   clone     Clone a repository into a new directory\n   init      Create an empty Git repository or reinitialize an existing one\n\nwork on the current change (see also: git help everyday)\n   add       Add file contents to the index\n   mv        Move or rename a file, a directory, or a symlink\n   restore   Restore working tree files\n   rm        Remove files from the working tree and from the index\n\nexamine the history and state (see also: git help revisions)\n   bisect    Use binary search to find the commit that introduced a bug\n   diff      Show changes between commits, commit and working tree, etc\n   grep      Print lines matching a pattern\n   log       Show commit logs\n   show      Show various types of objects\n   status    Show the working tree status\n\ngrow, mark and tweak your common history\n   branch    List, create, or delete branches\n   commit    Record changes to the repository\n   merge     Join two or more development histories together\n   rebase    Reapply commits on top of another base tip\n   reset     Reset current HEAD to the specified state\n   switch    Switch branches\n   tag       Create, list, delete or verify a tag object signed with GPG\n\ncollaborate (see also: git help workflows)\n   fetch     Download objects and refs from another repository\n   pull      Fetch from and integrate with another repository or a local branch\n   push      Update remote refs along with associated objects\n\n'git help -a' and 'git help -g' list available subcommands and some\nconcept guides. See 'git help <command>' or 'git help <concept>'\nto read about a specific subcommand or concept.\nSee 'git help git' for an overview of the system.\n""
[0m18:13:31.286585 [debug] [MainThread]: STDERR: "b''"
[0m18:13:31.286859 [info ] [MainThread]:  - git [[32mOK found[0m]

[0m18:13:31.287118 [info ] [MainThread]: Connection test skipped since no profile was found
[0m18:13:31.287346 [info ] [MainThread]: [31m1 check failed:[0m
[0m18:13:31.287546 [info ] [MainThread]: Profile loading failed for the following reason:
Runtime Error
  The profile 'multi_warehouse_demo' does not have a target named 'snowflake'. The valid target names for this profile are:
   - dev


[0m18:13:31.290318 [debug] [MainThread]: Resource report: {"command_name": "debug", "command_success": false, "command_wall_clock_time": 0.20454074, "process_in_blocks": "0", "process_kernel_time": 0.181977, "process_mem_max_rss": "106708992", "process_out_blocks": "0", "process_user_time": 1.15133}
[0m18:13:31.290816 [debug] [MainThread]: Command `dbt debug` failed at 18:13:31.290723 after 0.21 seconds
[0m18:13:31.291215 [debug] [MainThread]: Sending event: {'category': 'dbt', 'action': 'invocation', 'label': 'end', 'context': [<snowplow_tracker.self_describing_json.SelfDescribingJson object at 0x104754fc0>, <snowplow_tracker.self_describing_json.SelfDescribingJson object at 0x105610170>, <snowplow_tracker.self_describing_json.SelfDescribingJson object at 0x105302ad0>]}
[0m18:13:31.291562 [debug] [MainThread]: Flushing usage events
[0m18:13:31.740464 [debug] [MainThread]: An error was encountered while trying to flush usage events
[0m18:14:48.118894 [debug] [MainThread]: Sending event: {'category': 'dbt', 'action': 'invocation', 'label': 'start', 'context': [<snowplow_tracker.self_describing_json.SelfDescribingJson object at 0x10664c050>, <snowplow_tracker.self_describing_json.SelfDescribingJson object at 0x1074ab610>, <snowplow_tracker.self_describing_json.SelfDescribingJson object at 0x1074ab890>]}


============================== 18:14:48.123154 | 1138e056-a844-4216-9174-c7a93c5681c7 ==============================
[0m18:14:48.123154 [info ] [MainThread]: Running with dbt=1.10.11
[0m18:14:48.123636 [debug] [MainThread]: running dbt with arguments {'cache_selected_only': 'False', 'introspect': 'True', 'partial_parse': 'True', 'printer_width': '80', 'profiles_dir': '/Users/austinabrahamanjiparambilhayis/.dbt', 'empty': 'None', 'debug': 'False', 'use_experimental_parser': 'False', 'version_check': 'True', 'target_path': 'None', 'log_path': '/Users/austinabrahamanjiparambilhayis/Documents/repos/dbt-multi-warehouse-demo/logs', 'fail_fast': 'False', 'log_format': 'default', 'indirect_selection': 'eager', 'warn_error': 'None', 'use_colors': 'True', 'write_json': 'True', 'quiet': 'False', 'warn_error_options': 'WarnErrorOptionsV2(error=[], warn=[], silence=[])', 'log_cache_events': 'False', 'static_parser': 'True', 'no_print': 'None', 'invocation_command': 'dbt debug --target snowflake', 'send_anonymous_usage_stats': 'True'}
[0m18:14:48.140178 [info ] [MainThread]: dbt version: 1.10.11
[0m18:14:48.140511 [info ] [MainThread]: python version: 3.13.7
[0m18:14:48.140733 [info ] [MainThread]: python path: /Users/austinabrahamanjiparambilhayis/Documents/repos/dbt-multi-warehouse-demo/.venv/bin/python3.13
[0m18:14:48.140944 [info ] [MainThread]: os info: macOS-15.6.1-arm64-arm-64bit-Mach-O
[0m18:14:48.143943 [info ] [MainThread]: Using profiles dir at /Users/austinabrahamanjiparambilhayis/.dbt
[0m18:14:48.144214 [info ] [MainThread]: Using profiles.yml file at /Users/austinabrahamanjiparambilhayis/.dbt/profiles.yml
[0m18:14:48.144424 [info ] [MainThread]: Using dbt_project.yml file at /Users/austinabrahamanjiparambilhayis/Documents/repos/dbt-multi-warehouse-demo/dbt_project.yml
[0m18:14:48.224161 [info ] [MainThread]: Configuration:
[0m18:14:48.224506 [info ] [MainThread]:   profiles.yml file [[31mERROR invalid[0m]
[0m18:14:48.224737 [info ] [MainThread]:   dbt_project.yml file [[32mOK found and valid[0m]
[0m18:14:48.224976 [info ] [MainThread]: Required dependencies:
[0m18:14:48.225324 [debug] [MainThread]: Executing "git --help"
[0m18:14:48.257736 [debug] [MainThread]: STDOUT: "b"usage: git [-v | --version] [-h | --help] [-C <path>] [-c <name>=<value>]\n           [--exec-path[=<path>]] [--html-path] [--man-path] [--info-path]\n           [-p | --paginate | -P | --no-pager] [--no-replace-objects] [--bare]\n           [--git-dir=<path>] [--work-tree=<path>] [--namespace=<name>]\n           [--super-prefix=<path>] [--config-env=<name>=<envvar>]\n           <command> [<args>]\n\nThese are common Git commands used in various situations:\n\nstart a working area (see also: git help tutorial)\n   clone     Clone a repository into a new directory\n   init      Create an empty Git repository or reinitialize an existing one\n\nwork on the current change (see also: git help everyday)\n   add       Add file contents to the index\n   mv        Move or rename a file, a directory, or a symlink\n   restore   Restore working tree files\n   rm        Remove files from the working tree and from the index\n\nexamine the history and state (see also: git help revisions)\n   bisect    Use binary search to find the commit that introduced a bug\n   diff      Show changes between commits, commit and working tree, etc\n   grep      Print lines matching a pattern\n   log       Show commit logs\n   show      Show various types of objects\n   status    Show the working tree status\n\ngrow, mark and tweak your common history\n   branch    List, create, or delete branches\n   commit    Record changes to the repository\n   merge     Join two or more development histories together\n   rebase    Reapply commits on top of another base tip\n   reset     Reset current HEAD to the specified state\n   switch    Switch branches\n   tag       Create, list, delete or verify a tag object signed with GPG\n\ncollaborate (see also: git help workflows)\n   fetch     Download objects and refs from another repository\n   pull      Fetch from and integrate with another repository or a local branch\n   push      Update remote refs along with associated objects\n\n'git help -a' and 'git help -g' list available subcommands and some\nconcept guides. See 'git help <command>' or 'git help <concept>'\nto read about a specific subcommand or concept.\nSee 'git help git' for an overview of the system.\n""
[0m18:14:48.258495 [debug] [MainThread]: STDERR: "b''"
[0m18:14:48.258781 [info ] [MainThread]:  - git [[32mOK found[0m]

[0m18:14:48.259059 [info ] [MainThread]: Connection test skipped since no profile was found
[0m18:14:48.259289 [info ] [MainThread]: [31m1 check failed:[0m
[0m18:14:48.259492 [info ] [MainThread]: Profile loading failed for the following reason:
Runtime Error
  The profile 'multi_warehouse_demo' does not have a target named 'snowflake'. The valid target names for this profile are:
   - dev


[0m18:14:48.262427 [debug] [MainThread]: Resource report: {"command_name": "debug", "command_success": false, "command_wall_clock_time": 0.20214938, "process_in_blocks": "0", "process_kernel_time": 0.184217, "process_mem_max_rss": "106627072", "process_out_blocks": "0", "process_user_time": 1.157971}
[0m18:14:48.262935 [debug] [MainThread]: Command `dbt debug` failed at 18:14:48.262838 after 0.20 seconds
[0m18:14:48.263343 [debug] [MainThread]: Sending event: {'category': 'dbt', 'action': 'invocation', 'label': 'end', 'context': [<snowplow_tracker.self_describing_json.SelfDescribingJson object at 0x1067a4fc0>, <snowplow_tracker.self_describing_json.SelfDescribingJson object at 0x107678170>, <snowplow_tracker.self_describing_json.SelfDescribingJson object at 0x107352ad0>]}
[0m18:14:48.263693 [debug] [MainThread]: Flushing usage events
[0m18:14:48.684041 [debug] [MainThread]: An error was encountered while trying to flush usage events
[0m18:16:40.448726 [debug] [MainThread]: Sending event: {'category': 'dbt', 'action': 'invocation', 'label': 'start', 'context': [<snowplow_tracker.self_describing_json.SelfDescribingJson object at 0x109b0c050>, <snowplow_tracker.self_describing_json.SelfDescribingJson object at 0x10b56b610>, <snowplow_tracker.self_describing_json.SelfDescribingJson object at 0x10b56b890>]}


============================== 18:16:40.453294 | 43b1d9e1-7219-435c-b4dc-0b0f1d69d8a5 ==============================
[0m18:16:40.453294 [info ] [MainThread]: Running with dbt=1.10.11
[0m18:16:40.453792 [debug] [MainThread]: running dbt with arguments {'printer_width': '80', 'fail_fast': 'False', 'no_print': 'None', 'indirect_selection': 'eager', 'use_experimental_parser': 'False', 'cache_selected_only': 'False', 'warn_error_options': 'WarnErrorOptionsV2(error=[], warn=[], silence=[])', 'version_check': 'True', 'log_format': 'default', 'static_parser': 'True', 'use_colors': 'True', 'empty': 'None', 'invocation_command': 'dbt debug --target snowflake', 'introspect': 'True', 'target_path': 'None', 'partial_parse': 'True', 'log_cache_events': 'False', 'log_path': '/Users/austinabrahamanjiparambilhayis/Documents/repos/dbt-multi-warehouse-demo/logs', 'send_anonymous_usage_stats': 'True', 'warn_error': 'None', 'write_json': 'True', 'quiet': 'False', 'debug': 'False', 'profiles_dir': '/Users/austinabrahamanjiparambilhayis/.dbt'}
[0m18:16:40.470757 [info ] [MainThread]: dbt version: 1.10.11
[0m18:16:40.471070 [info ] [MainThread]: python version: 3.13.7
[0m18:16:40.471288 [info ] [MainThread]: python path: /Users/austinabrahamanjiparambilhayis/Documents/repos/dbt-multi-warehouse-demo/.venv/bin/python3.13
[0m18:16:40.471491 [info ] [MainThread]: os info: macOS-15.6.1-arm64-arm-64bit-Mach-O
[0m18:16:40.474560 [info ] [MainThread]: Using profiles dir at /Users/austinabrahamanjiparambilhayis/.dbt
[0m18:16:40.474810 [info ] [MainThread]: Using profiles.yml file at /Users/austinabrahamanjiparambilhayis/.dbt/profiles.yml
[0m18:16:40.475021 [info ] [MainThread]: Using dbt_project.yml file at /Users/austinabrahamanjiparambilhayis/Documents/repos/dbt-multi-warehouse-demo/dbt_project.yml
[0m18:16:40.554650 [info ] [MainThread]: Configuration:
[0m18:16:40.554963 [info ] [MainThread]:   profiles.yml file [[31mERROR invalid[0m]
[0m18:16:40.555184 [info ] [MainThread]:   dbt_project.yml file [[32mOK found and valid[0m]
[0m18:16:40.555378 [info ] [MainThread]: Required dependencies:
[0m18:16:40.555633 [debug] [MainThread]: Executing "git --help"
[0m18:16:40.595771 [debug] [MainThread]: STDOUT: "b"usage: git [-v | --version] [-h | --help] [-C <path>] [-c <name>=<value>]\n           [--exec-path[=<path>]] [--html-path] [--man-path] [--info-path]\n           [-p | --paginate | -P | --no-pager] [--no-replace-objects] [--bare]\n           [--git-dir=<path>] [--work-tree=<path>] [--namespace=<name>]\n           [--super-prefix=<path>] [--config-env=<name>=<envvar>]\n           <command> [<args>]\n\nThese are common Git commands used in various situations:\n\nstart a working area (see also: git help tutorial)\n   clone     Clone a repository into a new directory\n   init      Create an empty Git repository or reinitialize an existing one\n\nwork on the current change (see also: git help everyday)\n   add       Add file contents to the index\n   mv        Move or rename a file, a directory, or a symlink\n   restore   Restore working tree files\n   rm        Remove files from the working tree and from the index\n\nexamine the history and state (see also: git help revisions)\n   bisect    Use binary search to find the commit that introduced a bug\n   diff      Show changes between commits, commit and working tree, etc\n   grep      Print lines matching a pattern\n   log       Show commit logs\n   show      Show various types of objects\n   status    Show the working tree status\n\ngrow, mark and tweak your common history\n   branch    List, create, or delete branches\n   commit    Record changes to the repository\n   merge     Join two or more development histories together\n   rebase    Reapply commits on top of another base tip\n   reset     Reset current HEAD to the specified state\n   switch    Switch branches\n   tag       Create, list, delete or verify a tag object signed with GPG\n\ncollaborate (see also: git help workflows)\n   fetch     Download objects and refs from another repository\n   pull      Fetch from and integrate with another repository or a local branch\n   push      Update remote refs along with associated objects\n\n'git help -a' and 'git help -g' list available subcommands and some\nconcept guides. See 'git help <command>' or 'git help <concept>'\nto read about a specific subcommand or concept.\nSee 'git help git' for an overview of the system.\n""
[0m18:16:40.596459 [debug] [MainThread]: STDERR: "b''"
[0m18:16:40.596720 [info ] [MainThread]:  - git [[32mOK found[0m]

[0m18:16:40.596964 [info ] [MainThread]: Connection test skipped since no profile was found
[0m18:16:40.597183 [info ] [MainThread]: [31m1 check failed:[0m
[0m18:16:40.597380 [info ] [MainThread]: Profile loading failed for the following reason:
Runtime Error
  The profile 'multi_warehouse_demo' does not have a target named 'snowflake'. The valid target names for this profile are:
   - dev


[0m18:16:40.600114 [debug] [MainThread]: Resource report: {"command_name": "debug", "command_success": false, "command_wall_clock_time": 0.21223779, "process_in_blocks": "0", "process_kernel_time": 0.186111, "process_mem_max_rss": "107003904", "process_out_blocks": "0", "process_user_time": 1.154722}
[0m18:16:40.600608 [debug] [MainThread]: Command `dbt debug` failed at 18:16:40.600523 after 0.21 seconds
[0m18:16:40.601024 [debug] [MainThread]: Sending event: {'category': 'dbt', 'action': 'invocation', 'label': 'end', 'context': [<snowplow_tracker.self_describing_json.SelfDescribingJson object at 0x109d64fc0>, <snowplow_tracker.self_describing_json.SelfDescribingJson object at 0x10b824170>, <snowplow_tracker.self_describing_json.SelfDescribingJson object at 0x10b412ad0>]}
[0m18:16:40.601362 [debug] [MainThread]: Flushing usage events
[0m18:16:41.050420 [debug] [MainThread]: An error was encountered while trying to flush usage events
[0m18:17:41.214839 [debug] [MainThread]: Sending event: {'category': 'dbt', 'action': 'invocation', 'label': 'start', 'context': [<snowplow_tracker.self_describing_json.SelfDescribingJson object at 0x110a0c050>, <snowplow_tracker.self_describing_json.SelfDescribingJson object at 0x111c6b610>, <snowplow_tracker.self_describing_json.SelfDescribingJson object at 0x111c6b890>]}


============================== 18:17:41.219209 | 788bc95c-561d-4382-b938-7f8920416cb3 ==============================
[0m18:17:41.219209 [info ] [MainThread]: Running with dbt=1.10.11
[0m18:17:41.219711 [debug] [MainThread]: running dbt with arguments {'send_anonymous_usage_stats': 'True', 'printer_width': '80', 'quiet': 'False', 'target_path': 'None', 'static_parser': 'True', 'fail_fast': 'False', 'use_experimental_parser': 'False', 'indirect_selection': 'eager', 'empty': 'None', 'version_check': 'True', 'use_colors': 'True', 'invocation_command': 'dbt debug --target snowflake', 'cache_selected_only': 'False', 'log_cache_events': 'False', 'introspect': 'True', 'no_print': 'None', 'partial_parse': 'True', 'warn_error': 'None', 'log_format': 'default', 'log_path': '/Users/austinabrahamanjiparambilhayis/Documents/repos/dbt-multi-warehouse-demo/logs', 'profiles_dir': '/Users/austinabrahamanjiparambilhayis/.dbt', 'warn_error_options': 'WarnErrorOptionsV2(error=[], warn=[], silence=[])', 'write_json': 'True', 'debug': 'False'}
[0m18:17:41.236889 [info ] [MainThread]: dbt version: 1.10.11
[0m18:17:41.237213 [info ] [MainThread]: python version: 3.13.7
[0m18:17:41.237432 [info ] [MainThread]: python path: /Users/austinabrahamanjiparambilhayis/Documents/repos/dbt-multi-warehouse-demo/.venv/bin/python3.13
[0m18:17:41.237656 [info ] [MainThread]: os info: macOS-15.6.1-arm64-arm-64bit-Mach-O
[0m18:17:41.574242 [info ] [MainThread]: Using profiles dir at /Users/austinabrahamanjiparambilhayis/.dbt
[0m18:17:41.574654 [info ] [MainThread]: Using profiles.yml file at /Users/austinabrahamanjiparambilhayis/.dbt/profiles.yml
[0m18:17:41.574892 [info ] [MainThread]: Using dbt_project.yml file at /Users/austinabrahamanjiparambilhayis/Documents/repos/dbt-multi-warehouse-demo/dbt_project.yml
[0m18:17:41.575343 [info ] [MainThread]: adapter type: snowflake
[0m18:17:41.575548 [info ] [MainThread]: adapter version: 1.10.2
[0m18:17:41.656054 [info ] [MainThread]: Configuration:
[0m18:17:41.656419 [info ] [MainThread]:   profiles.yml file [[32mOK found and valid[0m]
[0m18:17:41.656648 [info ] [MainThread]:   dbt_project.yml file [[32mOK found and valid[0m]
[0m18:17:41.656873 [info ] [MainThread]: Required dependencies:
[0m18:17:41.657141 [debug] [MainThread]: Executing "git --help"
[0m18:17:41.692930 [debug] [MainThread]: STDOUT: "b"usage: git [-v | --version] [-h | --help] [-C <path>] [-c <name>=<value>]\n           [--exec-path[=<path>]] [--html-path] [--man-path] [--info-path]\n           [-p | --paginate | -P | --no-pager] [--no-replace-objects] [--bare]\n           [--git-dir=<path>] [--work-tree=<path>] [--namespace=<name>]\n           [--super-prefix=<path>] [--config-env=<name>=<envvar>]\n           <command> [<args>]\n\nThese are common Git commands used in various situations:\n\nstart a working area (see also: git help tutorial)\n   clone     Clone a repository into a new directory\n   init      Create an empty Git repository or reinitialize an existing one\n\nwork on the current change (see also: git help everyday)\n   add       Add file contents to the index\n   mv        Move or rename a file, a directory, or a symlink\n   restore   Restore working tree files\n   rm        Remove files from the working tree and from the index\n\nexamine the history and state (see also: git help revisions)\n   bisect    Use binary search to find the commit that introduced a bug\n   diff      Show changes between commits, commit and working tree, etc\n   grep      Print lines matching a pattern\n   log       Show commit logs\n   show      Show various types of objects\n   status    Show the working tree status\n\ngrow, mark and tweak your common history\n   branch    List, create, or delete branches\n   commit    Record changes to the repository\n   merge     Join two or more development histories together\n   rebase    Reapply commits on top of another base tip\n   reset     Reset current HEAD to the specified state\n   switch    Switch branches\n   tag       Create, list, delete or verify a tag object signed with GPG\n\ncollaborate (see also: git help workflows)\n   fetch     Download objects and refs from another repository\n   pull      Fetch from and integrate with another repository or a local branch\n   push      Update remote refs along with associated objects\n\n'git help -a' and 'git help -g' list available subcommands and some\nconcept guides. See 'git help <command>' or 'git help <concept>'\nto read about a specific subcommand or concept.\nSee 'git help git' for an overview of the system.\n""
[0m18:17:41.693660 [debug] [MainThread]: STDERR: "b''"
[0m18:17:41.693937 [info ] [MainThread]:  - git [[32mOK found[0m]

[0m18:17:41.694189 [info ] [MainThread]: Connection:
[0m18:17:41.694432 [info ] [MainThread]:   account: HAVPNFN-LD77838
[0m18:17:41.694628 [info ] [MainThread]:   user: AUSTIN
[0m18:17:41.694807 [info ] [MainThread]:   database: DBT_PROJECT
[0m18:17:41.694993 [info ] [MainThread]:   warehouse: COMPUTE_WH
[0m18:17:41.695167 [info ] [MainThread]:   role: ACCOUNTADMIN
[0m18:17:41.695341 [info ] [MainThread]:   schema: DEV
[0m18:17:41.695523 [info ] [MainThread]:   authenticator: None
[0m18:17:41.695697 [info ] [MainThread]:   oauth_client_id: None
[0m18:17:41.695876 [info ] [MainThread]:   query_tag: None
[0m18:17:41.696067 [info ] [MainThread]:   client_session_keep_alive: False
[0m18:17:41.696246 [info ] [MainThread]:   host: None
[0m18:17:41.696421 [info ] [MainThread]:   port: None
[0m18:17:41.696590 [info ] [MainThread]:   proxy_host: None
[0m18:17:41.696762 [info ] [MainThread]:   proxy_port: None
[0m18:17:41.696933 [info ] [MainThread]:   protocol: None
[0m18:17:41.697121 [info ] [MainThread]:   connect_retries: 1
[0m18:17:41.697292 [info ] [MainThread]:   connect_timeout: None
[0m18:17:41.697462 [info ] [MainThread]:   retry_on_database_errors: False
[0m18:17:41.697635 [info ] [MainThread]:   retry_all: False
[0m18:17:41.697803 [info ] [MainThread]:   insecure_mode: False
[0m18:17:41.697972 [info ] [MainThread]:   reuse_connections: True
[0m18:17:41.698147 [info ] [MainThread]:   s3_stage_vpce_dns_name: None
[0m18:17:41.698852 [info ] [MainThread]: Registered adapter: snowflake=1.10.2
[0m18:17:41.785960 [debug] [MainThread]: Acquiring new snowflake connection 'debug'
[0m18:17:41.824490 [debug] [MainThread]: Using snowflake connection "debug"
[0m18:17:41.824774 [debug] [MainThread]: On debug: select 1 as id
[0m18:17:41.824987 [debug] [MainThread]: Opening a new connection, currently in state init
[0m18:17:42.714200 [debug] [MainThread]: SQL status: SUCCESS 1 in 0.889 seconds
[0m18:17:42.716562 [info ] [MainThread]:   Connection test: [[32mOK connection ok[0m]

[0m18:17:42.717302 [info ] [MainThread]: [32mAll checks passed![0m
[0m18:17:42.724616 [debug] [MainThread]: Resource report: {"command_name": "debug", "command_success": true, "command_wall_clock_time": 1.5698966, "process_in_blocks": "0", "process_kernel_time": 0.34884, "process_mem_max_rss": "156139520", "process_out_blocks": "0", "process_user_time": 1.579745}
[0m18:17:42.725649 [debug] [MainThread]: Command `dbt debug` succeeded at 18:17:42.725386 after 1.57 seconds
[0m18:17:42.726233 [debug] [MainThread]: Connection 'debug' was left open.
[0m18:17:42.726635 [debug] [MainThread]: On debug: Close
[0m18:17:42.826455 [debug] [MainThread]: Sending event: {'category': 'dbt', 'action': 'invocation', 'label': 'end', 'context': [<snowplow_tracker.self_describing_json.SelfDescribingJson object at 0x113a88180>, <snowplow_tracker.self_describing_json.SelfDescribingJson object at 0x1135dfbf0>, <snowplow_tracker.self_describing_json.SelfDescribingJson object at 0x1133ef020>]}
[0m18:17:42.827126 [debug] [MainThread]: Flushing usage events
[0m18:17:43.214651 [debug] [MainThread]: An error was encountered while trying to flush usage events
[0m18:18:20.661625 [debug] [MainThread]: Sending event: {'category': 'dbt', 'action': 'invocation', 'label': 'start', 'context': [<snowplow_tracker.self_describing_json.SelfDescribingJson object at 0x103cd4050>, <snowplow_tracker.self_describing_json.SelfDescribingJson object at 0x104b3b610>, <snowplow_tracker.self_describing_json.SelfDescribingJson object at 0x104b3b890>]}


============================== 18:18:20.666159 | 8baf3ce9-ac39-465e-8c66-365999707419 ==============================
[0m18:18:20.666159 [info ] [MainThread]: Running with dbt=1.10.11
[0m18:18:20.666653 [debug] [MainThread]: running dbt with arguments {'printer_width': '80', 'profiles_dir': '/Users/austinabrahamanjiparambilhayis/.dbt', 'static_parser': 'True', 'log_cache_events': 'False', 'write_json': 'True', 'version_check': 'True', 'target_path': 'None', 'invocation_command': 'dbt seed --target snowflake', 'warn_error': 'None', 'log_path': '/Users/austinabrahamanjiparambilhayis/Documents/repos/dbt-multi-warehouse-demo/logs', 'use_experimental_parser': 'False', 'introspect': 'True', 'send_anonymous_usage_stats': 'True', 'quiet': 'False', 'fail_fast': 'False', 'use_colors': 'True', 'partial_parse': 'True', 'no_print': 'None', 'cache_selected_only': 'False', 'indirect_selection': 'eager', 'warn_error_options': 'WarnErrorOptionsV2(error=[], warn=[], silence=[])', 'debug': 'False', 'log_format': 'default', 'empty': 'None'}
[0m18:18:21.096923 [debug] [MainThread]: Sending event: {'category': 'dbt', 'action': 'project_id', 'label': '8baf3ce9-ac39-465e-8c66-365999707419', 'context': [<snowplow_tracker.self_describing_json.SelfDescribingJson object at 0x103e2fa80>]}
[0m18:18:21.145413 [debug] [MainThread]: Sending event: {'category': 'dbt', 'action': 'adapter_info', 'label': '8baf3ce9-ac39-465e-8c66-365999707419', 'context': [<snowplow_tracker.self_describing_json.SelfDescribingJson object at 0x10563fdf0>]}
[0m18:18:21.146222 [info ] [MainThread]: Registered adapter: snowflake=1.10.2
[0m18:18:21.241507 [debug] [MainThread]: checksum: 4b2932c454f70de800a6273c3b863cdea123318ee929078b65e5e487dd3470c0, vars: {}, profile: , target: snowflake, version: 1.10.11
[0m18:18:21.242225 [info ] [MainThread]: Unable to do partial parsing because saved manifest not found. Starting full parse.
[0m18:18:21.242535 [debug] [MainThread]: Sending event: {'category': 'dbt', 'action': 'partial_parser', 'label': '8baf3ce9-ac39-465e-8c66-365999707419', 'context': [<snowplow_tracker.self_describing_json.SelfDescribingJson object at 0x105659b50>]}
[0m18:18:22.577661 [warn ] [MainThread]: [[33mWARNING[0m][MissingArgumentsPropertyInGenericTestDeprecation]: Deprecated
functionality
Found top-level arguments to test `accepted_values`. Arguments to generic tests
should be nested under the `arguments` property.`
[0m18:18:22.578076 [debug] [MainThread]: Sending event: {'category': 'dbt', 'action': 'deprecation', 'label': '8baf3ce9-ac39-465e-8c66-365999707419', 'property_': 'warn', 'context': [<snowplow_tracker.self_describing_json.SelfDescribingJson object at 0x1060135c0>]}
[0m18:18:22.769286 [debug] [MainThread]: Sending event: {'category': 'dbt', 'action': 'load_project', 'label': '8baf3ce9-ac39-465e-8c66-365999707419', 'context': [<snowplow_tracker.self_describing_json.SelfDescribingJson object at 0x105ea1470>]}
[0m18:18:22.863009 [debug] [MainThread]: Wrote artifact WritableManifest to /Users/austinabrahamanjiparambilhayis/Documents/repos/dbt-multi-warehouse-demo/target/manifest.json
[0m18:18:22.865318 [debug] [MainThread]: Wrote artifact SemanticManifest to /Users/austinabrahamanjiparambilhayis/Documents/repos/dbt-multi-warehouse-demo/target/semantic_manifest.json
[0m18:18:22.882955 [debug] [MainThread]: Sending event: {'category': 'dbt', 'action': 'resource_counts', 'label': '8baf3ce9-ac39-465e-8c66-365999707419', 'context': [<snowplow_tracker.self_describing_json.SelfDescribingJson object at 0x106c26ea0>]}
[0m18:18:22.883343 [info ] [MainThread]: Found 6 models, 1 snapshot, 4 seeds, 14 data tests, 4 sources, 480 macros
[0m18:18:22.883601 [debug] [MainThread]: Sending event: {'category': 'dbt', 'action': 'runnable_timing', 'label': '8baf3ce9-ac39-465e-8c66-365999707419', 'context': [<snowplow_tracker.self_describing_json.SelfDescribingJson object at 0x10602f110>]}
[0m18:18:22.885273 [info ] [MainThread]: 
[0m18:18:22.885550 [info ] [MainThread]: Concurrency: 1 threads (target='snowflake')
[0m18:18:22.885758 [info ] [MainThread]: 
[0m18:18:22.886109 [debug] [MainThread]: Acquiring new snowflake connection 'master'
[0m18:18:22.889674 [debug] [ThreadPool]: Acquiring new snowflake connection 'list_DBT_PROJECT'
[0m18:18:22.938048 [debug] [ThreadPool]: Using snowflake connection "list_DBT_PROJECT"
[0m18:18:22.938363 [debug] [ThreadPool]: On list_DBT_PROJECT: show terse schemas in database DBT_PROJECT
    limit 10000
/* {"app": "dbt", "dbt_version": "1.10.11", "profile_name": "multi_warehouse_demo", "target_name": "snowflake", "connection_name": "list_DBT_PROJECT"} */
[0m18:18:22.938591 [debug] [ThreadPool]: Opening a new connection, currently in state init
[0m18:18:24.029547 [debug] [ThreadPool]: Snowflake adapter: Snowflake query id: 01bef08e-0207-842f-0002-f3860002500a
[0m18:18:24.030515 [debug] [ThreadPool]: Snowflake adapter: Snowflake error: 002043 (02000): SQL compilation error:
Object does not exist, or operation cannot be performed.
[0m18:18:24.031189 [debug] [ThreadPool]: Snowflake adapter: Error running SQL: macro list_schemas
[0m18:18:24.031544 [debug] [ThreadPool]: Snowflake adapter: Rolling back transaction.
[0m18:18:24.033052 [debug] [MainThread]: Connection 'master' was properly closed.
[0m18:18:24.033669 [debug] [MainThread]: Connection 'list_DBT_PROJECT' was left open.
[0m18:18:24.034177 [debug] [MainThread]: On list_DBT_PROJECT: Close
[0m18:18:24.161422 [info ] [MainThread]: 
[0m18:18:24.162180 [info ] [MainThread]: Finished running  in 0 hours 0 minutes and 1.28 seconds (1.28s).
[0m18:18:24.162950 [error] [MainThread]: Encountered an error:
Runtime Error
  Database error while listing schemas in database "DBT_PROJECT"
  Database Error
    002043 (02000): SQL compilation error:
    Object does not exist, or operation cannot be performed.
[0m18:18:24.163891 [warn ] [MainThread]: [[33mWARNING[0m][DeprecationsSummary]: Deprecated functionality
Summary of encountered deprecations:
- MissingArgumentsPropertyInGenericTestDeprecation: 2 occurrences
To see all deprecation instances instead of just the first occurrence of each,
run command again with the `--show-all-deprecations` flag. You may also need to
run with `--no-partial-parse` as some deprecations are only encountered during
parsing.
[0m18:18:24.168947 [debug] [MainThread]: Resource report: {"command_name": "seed", "command_success": false, "command_wall_clock_time": 3.5665064, "process_in_blocks": "0", "process_kernel_time": 0.389385, "process_mem_max_rss": "171917312", "process_out_blocks": "0", "process_user_time": 3.151201}
[0m18:18:24.169721 [debug] [MainThread]: Command `dbt seed` failed at 18:18:24.169493 after 3.57 seconds
[0m18:18:24.170186 [debug] [MainThread]: Sending event: {'category': 'dbt', 'action': 'invocation', 'label': 'end', 'context': [<snowplow_tracker.self_describing_json.SelfDescribingJson object at 0x10ba48e10>, <snowplow_tracker.self_describing_json.SelfDescribingJson object at 0x105da85f0>, <snowplow_tracker.self_describing_json.SelfDescribingJson object at 0x10ba7e8f0>]}
[0m18:18:24.170625 [debug] [MainThread]: Flushing usage events
[0m18:18:24.562171 [debug] [MainThread]: An error was encountered while trying to flush usage events
[0m18:21:33.372992 [debug] [MainThread]: Sending event: {'category': 'dbt', 'action': 'invocation', 'label': 'start', 'context': [<snowplow_tracker.self_describing_json.SelfDescribingJson object at 0x108038050>, <snowplow_tracker.self_describing_json.SelfDescribingJson object at 0x108e9f610>, <snowplow_tracker.self_describing_json.SelfDescribingJson object at 0x108e9f890>]}


============================== 18:21:33.377364 | ae1c1be7-a6e4-4616-bd8b-d6987ed3b822 ==============================
[0m18:21:33.377364 [info ] [MainThread]: Running with dbt=1.10.11
[0m18:21:33.377887 [debug] [MainThread]: running dbt with arguments {'indirect_selection': 'eager', 'debug': 'False', 'use_experimental_parser': 'False', 'static_parser': 'True', 'send_anonymous_usage_stats': 'True', 'fail_fast': 'False', 'quiet': 'False', 'invocation_command': 'dbt seed --target snowflake', 'version_check': 'True', 'warn_error_options': 'WarnErrorOptionsV2(error=[], warn=[], silence=[])', 'partial_parse': 'True', 'printer_width': '80', 'write_json': 'True', 'cache_selected_only': 'False', 'introspect': 'True', 'log_path': '/Users/austinabrahamanjiparambilhayis/Documents/repos/dbt-multi-warehouse-demo/logs', 'target_path': 'None', 'profiles_dir': '/Users/austinabrahamanjiparambilhayis/.dbt', 'log_format': 'default', 'log_cache_events': 'False', 'warn_error': 'None', 'use_colors': 'True', 'empty': 'None', 'no_print': 'None'}
[0m18:21:33.799950 [debug] [MainThread]: Sending event: {'category': 'dbt', 'action': 'project_id', 'label': 'ae1c1be7-a6e4-4616-bd8b-d6987ed3b822', 'context': [<snowplow_tracker.self_describing_json.SelfDescribingJson object at 0x108193a80>]}
[0m18:21:33.848263 [debug] [MainThread]: Sending event: {'category': 'dbt', 'action': 'adapter_info', 'label': 'ae1c1be7-a6e4-4616-bd8b-d6987ed3b822', 'context': [<snowplow_tracker.self_describing_json.SelfDescribingJson object at 0x1099a3df0>]}
[0m18:21:33.849284 [info ] [MainThread]: Registered adapter: snowflake=1.10.2
[0m18:21:33.945517 [debug] [MainThread]: checksum: 4b2932c454f70de800a6273c3b863cdea123318ee929078b65e5e487dd3470c0, vars: {}, profile: , target: snowflake, version: 1.10.11
[0m18:21:34.055657 [info ] [MainThread]: Unable to do partial parsing because profile has changed
[0m18:21:34.056041 [debug] [MainThread]: Sending event: {'category': 'dbt', 'action': 'partial_parser', 'label': 'ae1c1be7-a6e4-4616-bd8b-d6987ed3b822', 'context': [<snowplow_tracker.self_describing_json.SelfDescribingJson object at 0x109f9e450>]}
[0m18:21:35.173312 [warn ] [MainThread]: [[33mWARNING[0m][MissingArgumentsPropertyInGenericTestDeprecation]: Deprecated
functionality
Found top-level arguments to test `accepted_values`. Arguments to generic tests
should be nested under the `arguments` property.`
[0m18:21:35.173718 [debug] [MainThread]: Sending event: {'category': 'dbt', 'action': 'deprecation', 'label': 'ae1c1be7-a6e4-4616-bd8b-d6987ed3b822', 'property_': 'warn', 'context': [<snowplow_tracker.self_describing_json.SelfDescribingJson object at 0x109a33020>]}
[0m18:21:35.359463 [debug] [MainThread]: Sending event: {'category': 'dbt', 'action': 'load_project', 'label': 'ae1c1be7-a6e4-4616-bd8b-d6987ed3b822', 'context': [<snowplow_tracker.self_describing_json.SelfDescribingJson object at 0x109c3d9b0>]}
[0m18:21:35.446834 [debug] [MainThread]: Wrote artifact WritableManifest to /Users/austinabrahamanjiparambilhayis/Documents/repos/dbt-multi-warehouse-demo/target/manifest.json
[0m18:21:35.448989 [debug] [MainThread]: Wrote artifact SemanticManifest to /Users/austinabrahamanjiparambilhayis/Documents/repos/dbt-multi-warehouse-demo/target/semantic_manifest.json
[0m18:21:35.467089 [debug] [MainThread]: Sending event: {'category': 'dbt', 'action': 'resource_counts', 'label': 'ae1c1be7-a6e4-4616-bd8b-d6987ed3b822', 'context': [<snowplow_tracker.self_describing_json.SelfDescribingJson object at 0x109a5d640>]}
[0m18:21:35.467457 [info ] [MainThread]: Found 6 models, 1 snapshot, 4 seeds, 14 data tests, 4 sources, 480 macros
[0m18:21:35.467717 [debug] [MainThread]: Sending event: {'category': 'dbt', 'action': 'runnable_timing', 'label': 'ae1c1be7-a6e4-4616-bd8b-d6987ed3b822', 'context': [<snowplow_tracker.self_describing_json.SelfDescribingJson object at 0x109fd8950>]}
[0m18:21:35.469380 [info ] [MainThread]: 
[0m18:21:35.469658 [info ] [MainThread]: Concurrency: 1 threads (target='snowflake')
[0m18:21:35.469874 [info ] [MainThread]: 
[0m18:21:35.470212 [debug] [MainThread]: Acquiring new snowflake connection 'master'
[0m18:21:35.473697 [debug] [ThreadPool]: Acquiring new snowflake connection 'list_DEMO'
[0m18:21:35.522312 [debug] [ThreadPool]: Using snowflake connection "list_DEMO"
[0m18:21:35.522628 [debug] [ThreadPool]: On list_DEMO: show terse schemas in database DEMO
    limit 10000
/* {"app": "dbt", "dbt_version": "1.10.11", "profile_name": "multi_warehouse_demo", "target_name": "snowflake", "connection_name": "list_DEMO"} */
[0m18:21:35.522863 [debug] [ThreadPool]: Opening a new connection, currently in state init
[0m18:21:36.410590 [debug] [ThreadPool]: SQL status: SUCCESS 3 in 0.888 seconds
[0m18:21:36.415095 [debug] [ThreadPool]: Re-using an available connection from the pool (formerly list_DEMO, now list_DEMO_ANALYTICS)
[0m18:21:36.432275 [debug] [ThreadPool]: Using snowflake connection "list_DEMO_ANALYTICS"
[0m18:21:36.432704 [debug] [ThreadPool]: On list_DEMO_ANALYTICS: show objects in DEMO.ANALYTICS
    limit 10000
    

/* {"app": "dbt", "dbt_version": "1.10.11", "profile_name": "multi_warehouse_demo", "target_name": "snowflake", "connection_name": "list_DEMO_ANALYTICS"} */;
[0m18:21:36.538618 [debug] [ThreadPool]: SQL status: SUCCESS 4 in 0.105 seconds
[0m18:21:36.543227 [debug] [ThreadPool]: Re-using an available connection from the pool (formerly list_DEMO_ANALYTICS, now list_DEMO_analytics_snapshots)
[0m18:21:36.546859 [debug] [ThreadPool]: Using snowflake connection "list_DEMO_analytics_snapshots"
[0m18:21:36.547276 [debug] [ThreadPool]: On list_DEMO_analytics_snapshots: show objects in DEMO.analytics_snapshots
    limit 10000
    

/* {"app": "dbt", "dbt_version": "1.10.11", "profile_name": "multi_warehouse_demo", "target_name": "snowflake", "connection_name": "list_DEMO_analytics_snapshots"} */;
[0m18:21:36.640663 [debug] [ThreadPool]: Snowflake adapter: Snowflake query id: 01bef091-0207-8181-0002-f3860001c106
[0m18:21:36.641367 [debug] [ThreadPool]: Snowflake adapter: Snowflake error: 002043 (02000): SQL compilation error:
Object does not exist, or operation cannot be performed.
[0m18:21:36.642168 [debug] [ThreadPool]: Snowflake adapter: Error running SQL: macro list_relations_without_caching
[0m18:21:36.642619 [debug] [ThreadPool]: Snowflake adapter: Rolling back transaction.
[0m18:21:36.643590 [debug] [MainThread]: Sending event: {'category': 'dbt', 'action': 'runnable_timing', 'label': 'ae1c1be7-a6e4-4616-bd8b-d6987ed3b822', 'context': [<snowplow_tracker.self_describing_json.SelfDescribingJson object at 0x10fc5f330>]}
[0m18:21:36.652216 [debug] [Thread-1 (]: Began running node seed.multi_warehouse_demo.raw_order_items
[0m18:21:36.652955 [info ] [Thread-1 (]: 1 of 4 START seed file ANALYTICS.raw_order_items ............................... [RUN]
[0m18:21:36.653521 [debug] [Thread-1 (]: Re-using an available connection from the pool (formerly list_DEMO_analytics_snapshots, now seed.multi_warehouse_demo.raw_order_items)
[0m18:21:36.653959 [debug] [Thread-1 (]: Began compiling node seed.multi_warehouse_demo.raw_order_items
[0m18:21:36.654374 [debug] [Thread-1 (]: Began executing node seed.multi_warehouse_demo.raw_order_items
[0m18:21:36.689159 [debug] [Thread-1 (]: Using snowflake connection "seed.multi_warehouse_demo.raw_order_items"
[0m18:21:36.689548 [debug] [Thread-1 (]: On seed.multi_warehouse_demo.raw_order_items: BEGIN
/* {"app": "dbt", "dbt_version": "1.10.11", "profile_name": "multi_warehouse_demo", "target_name": "snowflake", "node_id": "seed.multi_warehouse_demo.raw_order_items"} */
[0m18:21:36.786306 [debug] [Thread-1 (]: SQL status: SUCCESS 1 in 0.096 seconds
[0m18:21:36.786884 [debug] [Thread-1 (]: Using snowflake connection "seed.multi_warehouse_demo.raw_order_items"
[0m18:21:36.787328 [debug] [Thread-1 (]: On seed.multi_warehouse_demo.raw_order_items: truncate table "DEMO"."ANALYTICS"."RAW_ORDER_ITEMS"
  
/* {"app": "dbt", "dbt_version": "1.10.11", "profile_name": "multi_warehouse_demo", "target_name": "snowflake", "node_id": "seed.multi_warehouse_demo.raw_order_items"} */;
[0m18:21:37.776624 [debug] [Thread-1 (]: SQL status: SUCCESS 1 in 0.989 seconds
[0m18:21:37.778291 [debug] [Thread-1 (]: Using snowflake connection "seed.multi_warehouse_demo.raw_order_items"
[0m18:21:37.779330 [debug] [Thread-1 (]: On seed.multi_warehouse_demo.raw_order_items: COMMIT
/* {"app": "dbt", "dbt_version": "1.10.11", "profile_name": "multi_warehouse_demo", "target_name": "snowflake", "node_id": "seed.multi_warehouse_demo.raw_order_items"} */
[0m18:21:38.161371 [debug] [Thread-1 (]: SQL status: SUCCESS 1 in 0.381 seconds
[0m18:21:38.182459 [debug] [Thread-1 (]: Using snowflake connection "seed.multi_warehouse_demo.raw_order_items"
[0m18:21:38.182943 [debug] [Thread-1 (]: On seed.multi_warehouse_demo.raw_order_items: BEGIN
/* {"app": "dbt", "dbt_version": "1.10.11", "profile_name": "multi_warehouse_demo", "target_name": "snowflake", "node_id": "seed.multi_warehouse_demo.raw_order_items"} */
[0m18:21:38.275467 [debug] [Thread-1 (]: SQL status: SUCCESS 1 in 0.092 seconds
[0m18:21:38.277612 [debug] [Thread-1 (]: Using snowflake connection "seed.multi_warehouse_demo.raw_order_items"
[0m18:21:38.278608 [debug] [Thread-1 (]: On seed.multi_warehouse_demo.raw_order_items: insert into DEMO.ANALYTICS.raw_order_items (order_id, sku, qty, unit_price) values
            (%s,%s,%s,%s),(%s,%s,%s,%s),(%s,%s,%s,%s),(%s,%s,%s,%s),(%s,%s,%s,%s),(%s,%s,%s,%s),(%s,%s,%s,%s),(%s,%s,%s,%s)
/* {"app": "dbt", "dbt_version": "1.10.11", "profile_name": "multi_warehouse_demo", "target_name": "snowflake", "node_id": "seed.multi_warehouse_demo.raw_order_items"} */...
[0m18:21:39.003347 [debug] [Thread-1 (]: SQL status: SUCCESS 8 in 0.724 seconds
[0m18:21:39.005319 [debug] [Thread-1 (]: Using snowflake connection "seed.multi_warehouse_demo.raw_order_items"
[0m18:21:39.006349 [debug] [Thread-1 (]: On seed.multi_warehouse_demo.raw_order_items: COMMIT
/* {"app": "dbt", "dbt_version": "1.10.11", "profile_name": "multi_warehouse_demo", "target_name": "snowflake", "node_id": "seed.multi_warehouse_demo.raw_order_items"} */
[0m18:21:39.209297 [debug] [Thread-1 (]: SQL status: SUCCESS 1 in 0.202 seconds
[0m18:21:39.219941 [debug] [Thread-1 (]: Writing runtime SQL for node "seed.multi_warehouse_demo.raw_order_items"
[0m18:21:39.244319 [debug] [Thread-1 (]: Sending event: {'category': 'dbt', 'action': 'run_model', 'label': 'ae1c1be7-a6e4-4616-bd8b-d6987ed3b822', 'context': [<snowplow_tracker.self_describing_json.SelfDescribingJson object at 0x108165950>]}
[0m18:21:39.244831 [info ] [Thread-1 (]: 1 of 4 OK loaded seed file ANALYTICS.raw_order_items ........................... [[32mINSERT 8[0m in 2.59s]
[0m18:21:39.245304 [debug] [Thread-1 (]: Finished running node seed.multi_warehouse_demo.raw_order_items
[0m18:21:39.245616 [debug] [Thread-1 (]: Began running node seed.multi_warehouse_demo.raw_orders
[0m18:21:39.246083 [info ] [Thread-1 (]: 2 of 4 START seed file ANALYTICS.raw_orders .................................... [RUN]
[0m18:21:39.246488 [debug] [Thread-1 (]: Re-using an available connection from the pool (formerly seed.multi_warehouse_demo.raw_order_items, now seed.multi_warehouse_demo.raw_orders)
[0m18:21:39.246778 [debug] [Thread-1 (]: Began compiling node seed.multi_warehouse_demo.raw_orders
[0m18:21:39.247070 [debug] [Thread-1 (]: Began executing node seed.multi_warehouse_demo.raw_orders
[0m18:21:39.263847 [debug] [Thread-1 (]: Using snowflake connection "seed.multi_warehouse_demo.raw_orders"
[0m18:21:39.264238 [debug] [Thread-1 (]: On seed.multi_warehouse_demo.raw_orders: BEGIN
/* {"app": "dbt", "dbt_version": "1.10.11", "profile_name": "multi_warehouse_demo", "target_name": "snowflake", "node_id": "seed.multi_warehouse_demo.raw_orders"} */
[0m18:21:39.338165 [debug] [Thread-1 (]: SQL status: SUCCESS 1 in 0.074 seconds
[0m18:21:39.338581 [debug] [Thread-1 (]: Using snowflake connection "seed.multi_warehouse_demo.raw_orders"
[0m18:21:39.338920 [debug] [Thread-1 (]: On seed.multi_warehouse_demo.raw_orders: truncate table "DEMO"."ANALYTICS"."RAW_ORDERS"
  
/* {"app": "dbt", "dbt_version": "1.10.11", "profile_name": "multi_warehouse_demo", "target_name": "snowflake", "node_id": "seed.multi_warehouse_demo.raw_orders"} */;
[0m18:21:39.614877 [debug] [Thread-1 (]: SQL status: SUCCESS 1 in 0.275 seconds
[0m18:21:39.616219 [debug] [Thread-1 (]: Using snowflake connection "seed.multi_warehouse_demo.raw_orders"
[0m18:21:39.616835 [debug] [Thread-1 (]: On seed.multi_warehouse_demo.raw_orders: COMMIT
/* {"app": "dbt", "dbt_version": "1.10.11", "profile_name": "multi_warehouse_demo", "target_name": "snowflake", "node_id": "seed.multi_warehouse_demo.raw_orders"} */
[0m18:21:39.871495 [debug] [Thread-1 (]: SQL status: SUCCESS 1 in 0.254 seconds
[0m18:21:39.875284 [debug] [Thread-1 (]: Using snowflake connection "seed.multi_warehouse_demo.raw_orders"
[0m18:21:39.875833 [debug] [Thread-1 (]: On seed.multi_warehouse_demo.raw_orders: BEGIN
/* {"app": "dbt", "dbt_version": "1.10.11", "profile_name": "multi_warehouse_demo", "target_name": "snowflake", "node_id": "seed.multi_warehouse_demo.raw_orders"} */
[0m18:21:40.026910 [debug] [Thread-1 (]: SQL status: SUCCESS 1 in 0.150 seconds
[0m18:21:40.029001 [debug] [Thread-1 (]: Using snowflake connection "seed.multi_warehouse_demo.raw_orders"
[0m18:21:40.029607 [debug] [Thread-1 (]: On seed.multi_warehouse_demo.raw_orders: insert into DEMO.ANALYTICS.raw_orders (order_id, user_id, order_ts, status) values
            (%s,%s,%s,%s),(%s,%s,%s,%s),(%s,%s,%s,%s),(%s,%s,%s,%s),(%s,%s,%s,%s)
/* {"app": "dbt", "dbt_version": "1.10.11", "profile_name": "multi_warehouse_demo", "target_name": "snowflake", "node_id": "seed.multi_warehouse_demo.raw_orders"} */...
[0m18:21:40.575590 [debug] [Thread-1 (]: SQL status: SUCCESS 5 in 0.545 seconds
[0m18:21:40.577305 [debug] [Thread-1 (]: Using snowflake connection "seed.multi_warehouse_demo.raw_orders"
[0m18:21:40.578291 [debug] [Thread-1 (]: On seed.multi_warehouse_demo.raw_orders: COMMIT
/* {"app": "dbt", "dbt_version": "1.10.11", "profile_name": "multi_warehouse_demo", "target_name": "snowflake", "node_id": "seed.multi_warehouse_demo.raw_orders"} */
[0m18:21:40.765207 [debug] [Thread-1 (]: SQL status: SUCCESS 1 in 0.186 seconds
[0m18:21:40.766112 [debug] [Thread-1 (]: Writing runtime SQL for node "seed.multi_warehouse_demo.raw_orders"
[0m18:21:40.768201 [debug] [Thread-1 (]: Sending event: {'category': 'dbt', 'action': 'run_model', 'label': 'ae1c1be7-a6e4-4616-bd8b-d6987ed3b822', 'context': [<snowplow_tracker.self_describing_json.SelfDescribingJson object at 0x10fc075d0>]}
[0m18:21:40.768670 [info ] [Thread-1 (]: 2 of 4 OK loaded seed file ANALYTICS.raw_orders ................................ [[32mINSERT 5[0m in 1.52s]
[0m18:21:40.769078 [debug] [Thread-1 (]: Finished running node seed.multi_warehouse_demo.raw_orders
[0m18:21:40.769450 [debug] [Thread-1 (]: Began running node seed.multi_warehouse_demo.raw_users
[0m18:21:40.769949 [info ] [Thread-1 (]: 3 of 4 START seed file ANALYTICS.raw_users ..................................... [RUN]
[0m18:21:40.770332 [debug] [Thread-1 (]: Re-using an available connection from the pool (formerly seed.multi_warehouse_demo.raw_orders, now seed.multi_warehouse_demo.raw_users)
[0m18:21:40.770648 [debug] [Thread-1 (]: Began compiling node seed.multi_warehouse_demo.raw_users
[0m18:21:40.770990 [debug] [Thread-1 (]: Began executing node seed.multi_warehouse_demo.raw_users
[0m18:21:40.776456 [debug] [Thread-1 (]: Using snowflake connection "seed.multi_warehouse_demo.raw_users"
[0m18:21:40.776858 [debug] [Thread-1 (]: On seed.multi_warehouse_demo.raw_users: BEGIN
/* {"app": "dbt", "dbt_version": "1.10.11", "profile_name": "multi_warehouse_demo", "target_name": "snowflake", "node_id": "seed.multi_warehouse_demo.raw_users"} */
[0m18:21:40.848150 [debug] [Thread-1 (]: SQL status: SUCCESS 1 in 0.071 seconds
[0m18:21:40.848748 [debug] [Thread-1 (]: Using snowflake connection "seed.multi_warehouse_demo.raw_users"
[0m18:21:40.849146 [debug] [Thread-1 (]: On seed.multi_warehouse_demo.raw_users: truncate table "DEMO"."ANALYTICS"."RAW_USERS"
  
/* {"app": "dbt", "dbt_version": "1.10.11", "profile_name": "multi_warehouse_demo", "target_name": "snowflake", "node_id": "seed.multi_warehouse_demo.raw_users"} */;
[0m18:21:41.114181 [debug] [Thread-1 (]: SQL status: SUCCESS 1 in 0.264 seconds
[0m18:21:41.115361 [debug] [Thread-1 (]: Using snowflake connection "seed.multi_warehouse_demo.raw_users"
[0m18:21:41.115920 [debug] [Thread-1 (]: On seed.multi_warehouse_demo.raw_users: COMMIT
/* {"app": "dbt", "dbt_version": "1.10.11", "profile_name": "multi_warehouse_demo", "target_name": "snowflake", "node_id": "seed.multi_warehouse_demo.raw_users"} */
[0m18:21:41.349061 [debug] [Thread-1 (]: SQL status: SUCCESS 1 in 0.232 seconds
[0m18:21:41.353605 [debug] [Thread-1 (]: Using snowflake connection "seed.multi_warehouse_demo.raw_users"
[0m18:21:41.354265 [debug] [Thread-1 (]: On seed.multi_warehouse_demo.raw_users: BEGIN
/* {"app": "dbt", "dbt_version": "1.10.11", "profile_name": "multi_warehouse_demo", "target_name": "snowflake", "node_id": "seed.multi_warehouse_demo.raw_users"} */
[0m18:21:41.438221 [debug] [Thread-1 (]: SQL status: SUCCESS 1 in 0.083 seconds
[0m18:21:41.439840 [debug] [Thread-1 (]: Using snowflake connection "seed.multi_warehouse_demo.raw_users"
[0m18:21:41.440423 [debug] [Thread-1 (]: On seed.multi_warehouse_demo.raw_users: insert into DEMO.ANALYTICS.raw_users (user_id, email, country, created_at) values
            (%s,%s,%s,%s),(%s,%s,%s,%s),(%s,%s,%s,%s),(%s,%s,%s,%s),(%s,%s,%s,%s)
/* {"app": "dbt", "dbt_version": "1.10.11", "profile_name": "multi_warehouse_demo", "target_name": "snowflake", "node_id": "seed.multi_warehouse_demo.raw_users"} */...
[0m18:21:41.783188 [debug] [Thread-1 (]: SQL status: SUCCESS 5 in 0.342 seconds
[0m18:21:41.784520 [debug] [Thread-1 (]: Using snowflake connection "seed.multi_warehouse_demo.raw_users"
[0m18:21:41.785213 [debug] [Thread-1 (]: On seed.multi_warehouse_demo.raw_users: COMMIT
/* {"app": "dbt", "dbt_version": "1.10.11", "profile_name": "multi_warehouse_demo", "target_name": "snowflake", "node_id": "seed.multi_warehouse_demo.raw_users"} */
[0m18:21:42.001306 [debug] [Thread-1 (]: SQL status: SUCCESS 1 in 0.215 seconds
[0m18:21:42.003838 [debug] [Thread-1 (]: Writing runtime SQL for node "seed.multi_warehouse_demo.raw_users"
[0m18:21:42.008086 [debug] [Thread-1 (]: Sending event: {'category': 'dbt', 'action': 'run_model', 'label': 'ae1c1be7-a6e4-4616-bd8b-d6987ed3b822', 'context': [<snowplow_tracker.self_describing_json.SelfDescribingJson object at 0x10fded550>]}
[0m18:21:42.008704 [info ] [Thread-1 (]: 3 of 4 OK loaded seed file ANALYTICS.raw_users ................................. [[32mINSERT 5[0m in 1.24s]
[0m18:21:42.009224 [debug] [Thread-1 (]: Finished running node seed.multi_warehouse_demo.raw_users
[0m18:21:42.009573 [debug] [Thread-1 (]: Began running node seed.multi_warehouse_demo.raw_users_changes
[0m18:21:42.010084 [info ] [Thread-1 (]: 4 of 4 START seed file ANALYTICS.raw_users_changes ............................. [RUN]
[0m18:21:42.010554 [debug] [Thread-1 (]: Re-using an available connection from the pool (formerly seed.multi_warehouse_demo.raw_users, now seed.multi_warehouse_demo.raw_users_changes)
[0m18:21:42.010896 [debug] [Thread-1 (]: Began compiling node seed.multi_warehouse_demo.raw_users_changes
[0m18:21:42.011199 [debug] [Thread-1 (]: Began executing node seed.multi_warehouse_demo.raw_users_changes
[0m18:21:42.016428 [debug] [Thread-1 (]: Using snowflake connection "seed.multi_warehouse_demo.raw_users_changes"
[0m18:21:42.016764 [debug] [Thread-1 (]: On seed.multi_warehouse_demo.raw_users_changes: BEGIN
/* {"app": "dbt", "dbt_version": "1.10.11", "profile_name": "multi_warehouse_demo", "target_name": "snowflake", "node_id": "seed.multi_warehouse_demo.raw_users_changes"} */
[0m18:21:42.082408 [debug] [Thread-1 (]: SQL status: SUCCESS 1 in 0.065 seconds
[0m18:21:42.082868 [debug] [Thread-1 (]: Using snowflake connection "seed.multi_warehouse_demo.raw_users_changes"
[0m18:21:42.083248 [debug] [Thread-1 (]: On seed.multi_warehouse_demo.raw_users_changes: truncate table "DEMO"."ANALYTICS"."RAW_USERS_CHANGES"
  
/* {"app": "dbt", "dbt_version": "1.10.11", "profile_name": "multi_warehouse_demo", "target_name": "snowflake", "node_id": "seed.multi_warehouse_demo.raw_users_changes"} */;
[0m18:21:42.281317 [debug] [Thread-1 (]: SQL status: SUCCESS 1 in 0.198 seconds
[0m18:21:42.282370 [debug] [Thread-1 (]: Using snowflake connection "seed.multi_warehouse_demo.raw_users_changes"
[0m18:21:42.282950 [debug] [Thread-1 (]: On seed.multi_warehouse_demo.raw_users_changes: COMMIT
/* {"app": "dbt", "dbt_version": "1.10.11", "profile_name": "multi_warehouse_demo", "target_name": "snowflake", "node_id": "seed.multi_warehouse_demo.raw_users_changes"} */
[0m18:21:42.538571 [debug] [Thread-1 (]: SQL status: SUCCESS 1 in 0.255 seconds
[0m18:21:42.542502 [debug] [Thread-1 (]: Using snowflake connection "seed.multi_warehouse_demo.raw_users_changes"
[0m18:21:42.543056 [debug] [Thread-1 (]: On seed.multi_warehouse_demo.raw_users_changes: BEGIN
/* {"app": "dbt", "dbt_version": "1.10.11", "profile_name": "multi_warehouse_demo", "target_name": "snowflake", "node_id": "seed.multi_warehouse_demo.raw_users_changes"} */
[0m18:21:42.613519 [debug] [Thread-1 (]: SQL status: SUCCESS 1 in 0.070 seconds
[0m18:21:42.615567 [debug] [Thread-1 (]: Using snowflake connection "seed.multi_warehouse_demo.raw_users_changes"
[0m18:21:42.616181 [debug] [Thread-1 (]: On seed.multi_warehouse_demo.raw_users_changes: insert into DEMO.ANALYTICS.raw_users_changes (user_id, email, country, change_ts) values
            (%s,%s,%s,%s),(%s,%s,%s,%s),(%s,%s,%s,%s),(%s,%s,%s,%s),(%s,%s,%s,%s),(%s,%s,%s,%s),(%s,%s,%s,%s)
/* {"app": "dbt", "dbt_version": "1.10.11", "profile_name": "multi_warehouse_demo", "target_name": "snowflake", "node_id": "seed.multi_warehouse_demo.raw_users_changes"} */...
[0m18:21:43.235268 [debug] [Thread-1 (]: SQL status: SUCCESS 7 in 0.618 seconds
[0m18:21:43.236926 [debug] [Thread-1 (]: Using snowflake connection "seed.multi_warehouse_demo.raw_users_changes"
[0m18:21:43.237366 [debug] [Thread-1 (]: On seed.multi_warehouse_demo.raw_users_changes: COMMIT
/* {"app": "dbt", "dbt_version": "1.10.11", "profile_name": "multi_warehouse_demo", "target_name": "snowflake", "node_id": "seed.multi_warehouse_demo.raw_users_changes"} */
[0m18:21:43.439946 [debug] [Thread-1 (]: SQL status: SUCCESS 1 in 0.202 seconds
[0m18:21:43.440914 [debug] [Thread-1 (]: Writing runtime SQL for node "seed.multi_warehouse_demo.raw_users_changes"
[0m18:21:43.443955 [debug] [Thread-1 (]: Sending event: {'category': 'dbt', 'action': 'run_model', 'label': 'ae1c1be7-a6e4-4616-bd8b-d6987ed3b822', 'context': [<snowplow_tracker.self_describing_json.SelfDescribingJson object at 0x10ff54ad0>]}
[0m18:21:43.444581 [info ] [Thread-1 (]: 4 of 4 OK loaded seed file ANALYTICS.raw_users_changes ......................... [[32mINSERT 7[0m in 1.43s]
[0m18:21:43.445167 [debug] [Thread-1 (]: Finished running node seed.multi_warehouse_demo.raw_users_changes
[0m18:21:43.446517 [debug] [MainThread]: Connection 'master' was properly closed.
[0m18:21:43.446906 [debug] [MainThread]: Connection 'seed.multi_warehouse_demo.raw_users_changes' was left open.
[0m18:21:43.447179 [debug] [MainThread]: On seed.multi_warehouse_demo.raw_users_changes: Close
[0m18:21:43.516481 [info ] [MainThread]: 
[0m18:21:43.516929 [info ] [MainThread]: Finished running 4 seeds in 0 hours 0 minutes and 8.05 seconds (8.05s).
[0m18:21:43.517885 [debug] [MainThread]: Command end result
[0m18:21:43.543133 [debug] [MainThread]: Wrote artifact WritableManifest to /Users/austinabrahamanjiparambilhayis/Documents/repos/dbt-multi-warehouse-demo/target/manifest.json
[0m18:21:43.544686 [debug] [MainThread]: Wrote artifact SemanticManifest to /Users/austinabrahamanjiparambilhayis/Documents/repos/dbt-multi-warehouse-demo/target/semantic_manifest.json
[0m18:21:43.549608 [debug] [MainThread]: Wrote artifact RunExecutionResult to /Users/austinabrahamanjiparambilhayis/Documents/repos/dbt-multi-warehouse-demo/target/run_results.json
[0m18:21:43.549862 [info ] [MainThread]: 
[0m18:21:43.550144 [info ] [MainThread]: [32mCompleted successfully[0m
[0m18:21:43.550365 [info ] [MainThread]: 
[0m18:21:43.550630 [info ] [MainThread]: Done. PASS=4 WARN=0 ERROR=0 SKIP=0 NO-OP=0 TOTAL=4
[0m18:21:43.551040 [warn ] [MainThread]: [[33mWARNING[0m][DeprecationsSummary]: Deprecated functionality
Summary of encountered deprecations:
- MissingArgumentsPropertyInGenericTestDeprecation: 2 occurrences
To see all deprecation instances instead of just the first occurrence of each,
run command again with the `--show-all-deprecations` flag. You may also need to
run with `--no-partial-parse` as some deprecations are only encountered during
parsing.
[0m18:21:43.553728 [debug] [MainThread]: Resource report: {"command_name": "seed", "command_success": true, "command_wall_clock_time": 10.241697, "process_in_blocks": "0", "process_kernel_time": 0.391661, "process_mem_max_rss": "178143232", "process_out_blocks": "0", "process_user_time": 3.488154}
[0m18:21:43.554064 [debug] [MainThread]: Command `dbt seed` succeeded at 18:21:43.554000 after 10.24 seconds
[0m18:21:43.554334 [debug] [MainThread]: Sending event: {'category': 'dbt', 'action': 'invocation', 'label': 'end', 'context': [<snowplow_tracker.self_describing_json.SelfDescribingJson object at 0x10fd0f2f0>, <snowplow_tracker.self_describing_json.SelfDescribingJson object at 0x10ff57d70>, <snowplow_tracker.self_describing_json.SelfDescribingJson object at 0x10ff57d10>]}
[0m18:21:43.554596 [debug] [MainThread]: Flushing usage events
[0m18:21:43.965573 [debug] [MainThread]: An error was encountered while trying to flush usage events
[0m18:22:20.046160 [debug] [MainThread]: Sending event: {'category': 'dbt', 'action': 'invocation', 'label': 'start', 'context': [<snowplow_tracker.self_describing_json.SelfDescribingJson object at 0x1064cc050>, <snowplow_tracker.self_describing_json.SelfDescribingJson object at 0x10732b610>, <snowplow_tracker.self_describing_json.SelfDescribingJson object at 0x10732b890>]}


============================== 18:22:20.050593 | f501abfc-8ca1-4880-96c5-b8f6b53c6c2b ==============================
[0m18:22:20.050593 [info ] [MainThread]: Running with dbt=1.10.11
[0m18:22:20.051069 [debug] [MainThread]: running dbt with arguments {'target_path': 'None', 'empty': 'None', 'invocation_command': 'dbt parse', 'introspect': 'True', 'static_parser': 'True', 'warn_error': 'None', 'warn_error_options': 'WarnErrorOptionsV2(error=[], warn=[], silence=[])', 'profiles_dir': '/Users/austinabrahamanjiparambilhayis/.dbt', 'fail_fast': 'False', 'log_path': '/Users/austinabrahamanjiparambilhayis/Documents/repos/dbt-multi-warehouse-demo/logs', 'use_colors': 'True', 'log_cache_events': 'False', 'partial_parse': 'True', 'printer_width': '80', 'debug': 'False', 'quiet': 'False', 'write_json': 'True', 'indirect_selection': 'eager', 'log_format': 'default', 'no_print': 'None', 'cache_selected_only': 'False', 'use_experimental_parser': 'False', 'version_check': 'True', 'send_anonymous_usage_stats': 'True'}
[0m18:22:20.483434 [debug] [MainThread]: Sending event: {'category': 'dbt', 'action': 'project_id', 'label': 'f501abfc-8ca1-4880-96c5-b8f6b53c6c2b', 'context': [<snowplow_tracker.self_describing_json.SelfDescribingJson object at 0x106623a80>]}
[0m18:22:20.533486 [debug] [MainThread]: Sending event: {'category': 'dbt', 'action': 'adapter_info', 'label': 'f501abfc-8ca1-4880-96c5-b8f6b53c6c2b', 'context': [<snowplow_tracker.self_describing_json.SelfDescribingJson object at 0x107e37df0>]}
[0m18:22:20.534498 [info ] [MainThread]: Registered adapter: snowflake=1.10.2
[0m18:22:20.633533 [debug] [MainThread]: checksum: 5335e1629744fab92fa7809c625edbb36f0d7063a879d6215c971798f27e66f9, vars: {}, profile: , target: , version: 1.10.11
[0m18:22:20.744511 [info ] [MainThread]: Unable to do partial parsing because config vars, config profile, or config target have changed
[0m18:22:20.744904 [debug] [MainThread]: previous checksum: 5335e1629744fab92fa7809c625edbb36f0d7063a879d6215c971798f27e66f9, current checksum: 4b2932c454f70de800a6273c3b863cdea123318ee929078b65e5e487dd3470c0
[0m18:22:20.745178 [debug] [MainThread]: Sending event: {'category': 'dbt', 'action': 'partial_parser', 'label': 'f501abfc-8ca1-4880-96c5-b8f6b53c6c2b', 'context': [<snowplow_tracker.self_describing_json.SelfDescribingJson object at 0x10842e450>]}
[0m18:22:21.870617 [warn ] [MainThread]: [[33mWARNING[0m][MissingArgumentsPropertyInGenericTestDeprecation]: Deprecated
functionality
Found top-level arguments to test `accepted_values`. Arguments to generic tests
should be nested under the `arguments` property.`
[0m18:22:21.871050 [debug] [MainThread]: Sending event: {'category': 'dbt', 'action': 'deprecation', 'label': 'f501abfc-8ca1-4880-96c5-b8f6b53c6c2b', 'property_': 'warn', 'context': [<snowplow_tracker.self_describing_json.SelfDescribingJson object at 0x107ec7020>]}
[0m18:22:22.056990 [debug] [MainThread]: Sending event: {'category': 'dbt', 'action': 'load_project', 'label': 'f501abfc-8ca1-4880-96c5-b8f6b53c6c2b', 'context': [<snowplow_tracker.self_describing_json.SelfDescribingJson object at 0x1080d58d0>]}
[0m18:22:22.060235 [info ] [MainThread]: Performance info: /Users/austinabrahamanjiparambilhayis/Documents/repos/dbt-multi-warehouse-demo/target/perf_info.json
[0m18:22:22.147620 [debug] [MainThread]: Wrote artifact WritableManifest to /Users/austinabrahamanjiparambilhayis/Documents/repos/dbt-multi-warehouse-demo/target/manifest.json
[0m18:22:22.149593 [debug] [MainThread]: Wrote artifact SemanticManifest to /Users/austinabrahamanjiparambilhayis/Documents/repos/dbt-multi-warehouse-demo/target/semantic_manifest.json
[0m18:22:22.150041 [warn ] [MainThread]: [[33mWARNING[0m][DeprecationsSummary]: Deprecated functionality
Summary of encountered deprecations:
- MissingArgumentsPropertyInGenericTestDeprecation: 2 occurrences
To see all deprecation instances instead of just the first occurrence of each,
run command again with the `--show-all-deprecations` flag. You may also need to
run with `--no-partial-parse` as some deprecations are only encountered during
parsing.
[0m18:22:22.152453 [debug] [MainThread]: Resource report: {"command_name": "parse", "command_success": true, "command_wall_clock_time": 2.16475, "process_in_blocks": "0", "process_kernel_time": 0.305402, "process_mem_max_rss": "147734528", "process_out_blocks": "0", "process_user_time": 2.943802}
[0m18:22:22.152806 [debug] [MainThread]: Command `dbt parse` succeeded at 18:22:22.152725 after 2.17 seconds
[0m18:22:22.153089 [debug] [MainThread]: Sending event: {'category': 'dbt', 'action': 'invocation', 'label': 'end', 'context': [<snowplow_tracker.self_describing_json.SelfDescribingJson object at 0x107ef1640>, <snowplow_tracker.self_describing_json.SelfDescribingJson object at 0x107218b90>, <snowplow_tracker.self_describing_json.SelfDescribingJson object at 0x108469790>]}
[0m18:22:22.153366 [debug] [MainThread]: Flushing usage events
[0m18:22:22.523124 [debug] [MainThread]: An error was encountered while trying to flush usage events
[0m18:23:02.838506 [debug] [MainThread]: Sending event: {'category': 'dbt', 'action': 'invocation', 'label': 'start', 'context': [<snowplow_tracker.self_describing_json.SelfDescribingJson object at 0x10800c050>, <snowplow_tracker.self_describing_json.SelfDescribingJson object at 0x109a6f610>, <snowplow_tracker.self_describing_json.SelfDescribingJson object at 0x109a6f890>]}


============================== 18:23:02.842870 | 8ac841b7-ab03-4398-9047-6c8576c6efa4 ==============================
[0m18:23:02.842870 [info ] [MainThread]: Running with dbt=1.10.11
[0m18:23:02.843378 [debug] [MainThread]: running dbt with arguments {'debug': 'False', 'log_path': '/Users/austinabrahamanjiparambilhayis/Documents/repos/dbt-multi-warehouse-demo/logs', 'send_anonymous_usage_stats': 'True', 'log_format': 'default', 'introspect': 'True', 'target_path': 'None', 'no_print': 'None', 'invocation_command': 'dbt build --target snowflake', 'use_experimental_parser': 'False', 'profiles_dir': '/Users/austinabrahamanjiparambilhayis/.dbt', 'partial_parse': 'True', 'version_check': 'True', 'warn_error_options': 'WarnErrorOptionsV2(error=[], warn=[], silence=[])', 'indirect_selection': 'eager', 'cache_selected_only': 'False', 'warn_error': 'None', 'log_cache_events': 'False', 'empty': 'False', 'quiet': 'False', 'printer_width': '80', 'use_colors': 'True', 'fail_fast': 'False', 'write_json': 'True', 'static_parser': 'True'}
[0m18:23:03.280185 [debug] [MainThread]: Sending event: {'category': 'dbt', 'action': 'project_id', 'label': '8ac841b7-ab03-4398-9047-6c8576c6efa4', 'context': [<snowplow_tracker.self_describing_json.SelfDescribingJson object at 0x108163a80>]}
[0m18:23:03.328393 [debug] [MainThread]: Sending event: {'category': 'dbt', 'action': 'adapter_info', 'label': '8ac841b7-ab03-4398-9047-6c8576c6efa4', 'context': [<snowplow_tracker.self_describing_json.SelfDescribingJson object at 0x10a83fdf0>]}
[0m18:23:03.329517 [info ] [MainThread]: Registered adapter: snowflake=1.10.2
[0m18:23:03.428282 [debug] [MainThread]: checksum: 4b2932c454f70de800a6273c3b863cdea123318ee929078b65e5e487dd3470c0, vars: {}, profile: , target: snowflake, version: 1.10.11
[0m18:23:03.537908 [info ] [MainThread]: Unable to do partial parsing because config vars, config profile, or config target have changed
[0m18:23:03.538266 [debug] [MainThread]: previous checksum: 4b2932c454f70de800a6273c3b863cdea123318ee929078b65e5e487dd3470c0, current checksum: 5335e1629744fab92fa7809c625edbb36f0d7063a879d6215c971798f27e66f9
[0m18:23:03.538532 [debug] [MainThread]: Sending event: {'category': 'dbt', 'action': 'partial_parser', 'label': '8ac841b7-ab03-4398-9047-6c8576c6efa4', 'context': [<snowplow_tracker.self_describing_json.SelfDescribingJson object at 0x10ba7e450>]}
[0m18:23:04.657846 [warn ] [MainThread]: [[33mWARNING[0m][MissingArgumentsPropertyInGenericTestDeprecation]: Deprecated
functionality
Found top-level arguments to test `accepted_values`. Arguments to generic tests
should be nested under the `arguments` property.`
[0m18:23:04.658297 [debug] [MainThread]: Sending event: {'category': 'dbt', 'action': 'deprecation', 'label': '8ac841b7-ab03-4398-9047-6c8576c6efa4', 'property_': 'warn', 'context': [<snowplow_tracker.self_describing_json.SelfDescribingJson object at 0x10a8cf020>]}
[0m18:23:04.846977 [debug] [MainThread]: Sending event: {'category': 'dbt', 'action': 'load_project', 'label': '8ac841b7-ab03-4398-9047-6c8576c6efa4', 'context': [<snowplow_tracker.self_describing_json.SelfDescribingJson object at 0x10c94b150>]}
[0m18:23:04.933430 [debug] [MainThread]: Wrote artifact WritableManifest to /Users/austinabrahamanjiparambilhayis/Documents/repos/dbt-multi-warehouse-demo/target/manifest.json
[0m18:23:04.936282 [debug] [MainThread]: Wrote artifact SemanticManifest to /Users/austinabrahamanjiparambilhayis/Documents/repos/dbt-multi-warehouse-demo/target/semantic_manifest.json
[0m18:23:04.965398 [debug] [MainThread]: Sending event: {'category': 'dbt', 'action': 'resource_counts', 'label': '8ac841b7-ab03-4398-9047-6c8576c6efa4', 'context': [<snowplow_tracker.self_describing_json.SelfDescribingJson object at 0x10cd37a00>]}
[0m18:23:04.965778 [info ] [MainThread]: Found 6 models, 1 snapshot, 4 seeds, 14 data tests, 4 sources, 480 macros
[0m18:23:04.968310 [info ] [MainThread]: 
[0m18:23:04.968582 [info ] [MainThread]: Concurrency: 1 threads (target='snowflake')
[0m18:23:04.968789 [info ] [MainThread]: 
[0m18:23:04.969126 [debug] [MainThread]: Acquiring new snowflake connection 'master'
[0m18:23:04.973212 [debug] [ThreadPool]: Acquiring new snowflake connection 'list_DEMO'
[0m18:23:05.021753 [debug] [ThreadPool]: Using snowflake connection "list_DEMO"
[0m18:23:05.022062 [debug] [ThreadPool]: On list_DEMO: show terse schemas in database DEMO
    limit 10000
/* {"app": "dbt", "dbt_version": "1.10.11", "profile_name": "multi_warehouse_demo", "target_name": "snowflake", "connection_name": "list_DEMO"} */
[0m18:23:05.022402 [debug] [ThreadPool]: Opening a new connection, currently in state init
[0m18:23:05.791685 [debug] [ThreadPool]: SQL status: SUCCESS 3 in 0.769 seconds
[0m18:23:05.799741 [debug] [ThreadPool]: Using snowflake connection "list_DEMO"
[0m18:23:05.800425 [debug] [ThreadPool]: On list_DEMO: show terse schemas in database DEMO
    limit 10000
/* {"app": "dbt", "dbt_version": "1.10.11", "profile_name": "multi_warehouse_demo", "target_name": "snowflake", "connection_name": "list_DEMO"} */
[0m18:23:05.875119 [debug] [ThreadPool]: SQL status: SUCCESS 3 in 0.074 seconds
[0m18:23:05.878749 [debug] [ThreadPool]: Re-using an available connection from the pool (formerly list_DEMO, now create_DEMO_analytics_snapshots)
[0m18:23:05.879579 [debug] [ThreadPool]: Creating schema "database: "DEMO"
schema: "analytics_snapshots"
"
[0m18:23:05.888201 [debug] [ThreadPool]: Using snowflake connection "create_DEMO_analytics_snapshots"
[0m18:23:05.888696 [debug] [ThreadPool]: On create_DEMO_analytics_snapshots: create schema if not exists DEMO.analytics_snapshots
/* {"app": "dbt", "dbt_version": "1.10.11", "profile_name": "multi_warehouse_demo", "target_name": "snowflake", "connection_name": "create_DEMO_analytics_snapshots"} */
[0m18:23:06.066203 [debug] [ThreadPool]: SQL status: SUCCESS 1 in 0.177 seconds
[0m18:23:06.071445 [debug] [ThreadPool]: Re-using an available connection from the pool (formerly create_DEMO_analytics_snapshots, now list_DEMO_ANALYTICS)
[0m18:23:06.101648 [debug] [ThreadPool]: Using snowflake connection "list_DEMO_ANALYTICS"
[0m18:23:06.102044 [debug] [ThreadPool]: On list_DEMO_ANALYTICS: show objects in DEMO.ANALYTICS
    limit 10000
    

/* {"app": "dbt", "dbt_version": "1.10.11", "profile_name": "multi_warehouse_demo", "target_name": "snowflake", "connection_name": "list_DEMO_ANALYTICS"} */;
[0m18:23:06.189743 [debug] [ThreadPool]: SQL status: SUCCESS 4 in 0.087 seconds
[0m18:23:06.192593 [debug] [ThreadPool]: Re-using an available connection from the pool (formerly list_DEMO_ANALYTICS, now list_DEMO_analytics_snapshots)
[0m18:23:06.195982 [debug] [ThreadPool]: Using snowflake connection "list_DEMO_analytics_snapshots"
[0m18:23:06.196339 [debug] [ThreadPool]: On list_DEMO_analytics_snapshots: show objects in DEMO.analytics_snapshots
    limit 10000
    

/* {"app": "dbt", "dbt_version": "1.10.11", "profile_name": "multi_warehouse_demo", "target_name": "snowflake", "connection_name": "list_DEMO_analytics_snapshots"} */;
[0m18:23:06.265761 [debug] [ThreadPool]: SQL status: SUCCESS 0 in 0.069 seconds
[0m18:23:06.268892 [debug] [MainThread]: Sending event: {'category': 'dbt', 'action': 'runnable_timing', 'label': '8ac841b7-ab03-4398-9047-6c8576c6efa4', 'context': [<snowplow_tracker.self_describing_json.SelfDescribingJson object at 0x10cae0d10>]}
[0m18:23:06.272937 [debug] [Thread-1 (]: Began running node model.multi_warehouse_demo.stg_order_items
[0m18:23:06.273642 [info ] [Thread-1 (]: 1 of 25 START sql view model ANALYTICS.stg_order_items ......................... [RUN]
[0m18:23:06.274356 [debug] [Thread-1 (]: Re-using an available connection from the pool (formerly list_DEMO_analytics_snapshots, now model.multi_warehouse_demo.stg_order_items)
[0m18:23:06.274874 [debug] [Thread-1 (]: Began compiling node model.multi_warehouse_demo.stg_order_items
[0m18:23:06.284036 [debug] [Thread-1 (]: Writing injected SQL for node "model.multi_warehouse_demo.stg_order_items"
[0m18:23:06.285326 [debug] [Thread-1 (]: Began executing node model.multi_warehouse_demo.stg_order_items
[0m18:23:06.310682 [debug] [Thread-1 (]: Writing runtime sql for node "model.multi_warehouse_demo.stg_order_items"
[0m18:23:06.312219 [debug] [Thread-1 (]: Using snowflake connection "model.multi_warehouse_demo.stg_order_items"
[0m18:23:06.312517 [debug] [Thread-1 (]: On model.multi_warehouse_demo.stg_order_items: create or replace   view DEMO.ANALYTICS.stg_order_items
  
  
  
  
  as (
    with src as (
  select * from DEMO.analytics.raw_order_items
)
select
  cast(order_id as integer)          as order_id,
  sku,
  cast(qty as integer)               as qty,
  cast(unit_price as decimal(10,2))  as unit_price
from src
  )
/* {"app": "dbt", "dbt_version": "1.10.11", "profile_name": "multi_warehouse_demo", "target_name": "snowflake", "node_id": "model.multi_warehouse_demo.stg_order_items"} */;
[0m18:23:07.057183 [debug] [Thread-1 (]: SQL status: SUCCESS 1 in 0.744 seconds
[0m18:23:07.086777 [debug] [Thread-1 (]: Sending event: {'category': 'dbt', 'action': 'run_model', 'label': '8ac841b7-ab03-4398-9047-6c8576c6efa4', 'context': [<snowplow_tracker.self_describing_json.SelfDescribingJson object at 0x10e38a150>]}
[0m18:23:07.087457 [info ] [Thread-1 (]: 1 of 25 OK created sql view model ANALYTICS.stg_order_items .................... [[32mSUCCESS 1[0m in 0.81s]
[0m18:23:07.087940 [debug] [Thread-1 (]: Finished running node model.multi_warehouse_demo.stg_order_items
[0m18:23:07.088255 [debug] [Thread-1 (]: Began running node model.multi_warehouse_demo.stg_orders
[0m18:23:07.088704 [info ] [Thread-1 (]: 2 of 25 START sql incremental model ANALYTICS.stg_orders ....................... [RUN]
[0m18:23:07.089233 [debug] [Thread-1 (]: Re-using an available connection from the pool (formerly model.multi_warehouse_demo.stg_order_items, now model.multi_warehouse_demo.stg_orders)
[0m18:23:07.089580 [debug] [Thread-1 (]: Began compiling node model.multi_warehouse_demo.stg_orders
[0m18:23:07.093109 [debug] [Thread-1 (]: Writing injected SQL for node "model.multi_warehouse_demo.stg_orders"
[0m18:23:07.093734 [debug] [Thread-1 (]: Began executing node model.multi_warehouse_demo.stg_orders
[0m18:23:07.137591 [debug] [Thread-1 (]: Writing runtime sql for node "model.multi_warehouse_demo.stg_orders"
[0m18:23:07.138643 [debug] [Thread-1 (]: Using snowflake connection "model.multi_warehouse_demo.stg_orders"
[0m18:23:07.139042 [debug] [Thread-1 (]: On model.multi_warehouse_demo.stg_orders: create or replace transient table DEMO.ANALYTICS.stg_orders
    
    
    
    as (

with src as (
  select * from DEMO.analytics.raw_orders
)

select
  cast(order_id as integer)          as order_id,
  cast(user_id as integer)           as user_id,
  cast(order_ts as timestamp)        as order_ts,
  status
from src


-- Optional bounded window using vars

    )

/* {"app": "dbt", "dbt_version": "1.10.11", "profile_name": "multi_warehouse_demo", "target_name": "snowflake", "node_id": "model.multi_warehouse_demo.stg_orders"} */;
[0m18:23:08.183796 [debug] [Thread-1 (]: SQL status: SUCCESS 1 in 1.044 seconds
[0m18:23:08.199938 [debug] [Thread-1 (]: Applying DROP to: DEMO.ANALYTICS.stg_orders__dbt_tmp
[0m18:23:08.208357 [debug] [Thread-1 (]: Using snowflake connection "model.multi_warehouse_demo.stg_orders"
[0m18:23:08.208799 [debug] [Thread-1 (]: On model.multi_warehouse_demo.stg_orders: drop view if exists DEMO.ANALYTICS.stg_orders__dbt_tmp cascade
/* {"app": "dbt", "dbt_version": "1.10.11", "profile_name": "multi_warehouse_demo", "target_name": "snowflake", "node_id": "model.multi_warehouse_demo.stg_orders"} */
[0m18:23:08.302721 [debug] [Thread-1 (]: SQL status: SUCCESS 1 in 0.093 seconds
[0m18:23:08.307268 [debug] [Thread-1 (]: Sending event: {'category': 'dbt', 'action': 'run_model', 'label': '8ac841b7-ab03-4398-9047-6c8576c6efa4', 'context': [<snowplow_tracker.self_describing_json.SelfDescribingJson object at 0x10f1c8550>]}
[0m18:23:08.308515 [info ] [Thread-1 (]: 2 of 25 OK created sql incremental model ANALYTICS.stg_orders .................. [[32mSUCCESS 1[0m in 1.22s]
[0m18:23:08.309426 [debug] [Thread-1 (]: Finished running node model.multi_warehouse_demo.stg_orders
[0m18:23:08.310032 [debug] [Thread-1 (]: Began running node model.multi_warehouse_demo.stg_users
[0m18:23:08.310873 [info ] [Thread-1 (]: 3 of 25 START sql view model ANALYTICS.stg_users ............................... [RUN]
[0m18:23:08.311767 [debug] [Thread-1 (]: Re-using an available connection from the pool (formerly model.multi_warehouse_demo.stg_orders, now model.multi_warehouse_demo.stg_users)
[0m18:23:08.312265 [debug] [Thread-1 (]: Began compiling node model.multi_warehouse_demo.stg_users
[0m18:23:08.316445 [debug] [Thread-1 (]: Writing injected SQL for node "model.multi_warehouse_demo.stg_users"
[0m18:23:08.317575 [debug] [Thread-1 (]: Began executing node model.multi_warehouse_demo.stg_users
[0m18:23:08.320642 [debug] [Thread-1 (]: Writing runtime sql for node "model.multi_warehouse_demo.stg_users"
[0m18:23:08.321810 [debug] [Thread-1 (]: Using snowflake connection "model.multi_warehouse_demo.stg_users"
[0m18:23:08.322246 [debug] [Thread-1 (]: On model.multi_warehouse_demo.stg_users: create or replace   view DEMO.ANALYTICS.stg_users
  
  
  
  
  as (
    with src as (
  select * from DEMO.analytics.raw_users
)
select
  cast(user_id as integer)           as user_id,
  lower(email)                       as email,
  country,
  cast(created_at as timestamp)      as created_at
from src
  )
/* {"app": "dbt", "dbt_version": "1.10.11", "profile_name": "multi_warehouse_demo", "target_name": "snowflake", "node_id": "model.multi_warehouse_demo.stg_users"} */;
[0m18:23:08.651446 [debug] [Thread-1 (]: SQL status: SUCCESS 1 in 0.328 seconds
[0m18:23:08.655787 [debug] [Thread-1 (]: Sending event: {'category': 'dbt', 'action': 'run_model', 'label': '8ac841b7-ab03-4398-9047-6c8576c6efa4', 'context': [<snowplow_tracker.self_describing_json.SelfDescribingJson object at 0x10e2fbb50>]}
[0m18:23:08.656813 [info ] [Thread-1 (]: 3 of 25 OK created sql view model ANALYTICS.stg_users .......................... [[32mSUCCESS 1[0m in 0.34s]
[0m18:23:08.657609 [debug] [Thread-1 (]: Finished running node model.multi_warehouse_demo.stg_users
[0m18:23:08.658181 [debug] [Thread-1 (]: Began running node seed.multi_warehouse_demo.raw_order_items
[0m18:23:08.658837 [info ] [Thread-1 (]: 4 of 25 START seed file ANALYTICS.raw_order_items .............................. [RUN]
[0m18:23:08.660310 [debug] [Thread-1 (]: Re-using an available connection from the pool (formerly model.multi_warehouse_demo.stg_users, now seed.multi_warehouse_demo.raw_order_items)
[0m18:23:08.660981 [debug] [Thread-1 (]: Began compiling node seed.multi_warehouse_demo.raw_order_items
[0m18:23:08.661647 [debug] [Thread-1 (]: Began executing node seed.multi_warehouse_demo.raw_order_items
[0m18:23:08.689577 [debug] [Thread-1 (]: Using snowflake connection "seed.multi_warehouse_demo.raw_order_items"
[0m18:23:08.689950 [debug] [Thread-1 (]: On seed.multi_warehouse_demo.raw_order_items: BEGIN
/* {"app": "dbt", "dbt_version": "1.10.11", "profile_name": "multi_warehouse_demo", "target_name": "snowflake", "node_id": "seed.multi_warehouse_demo.raw_order_items"} */
[0m18:23:08.763960 [debug] [Thread-1 (]: SQL status: SUCCESS 1 in 0.074 seconds
[0m18:23:08.764629 [debug] [Thread-1 (]: Using snowflake connection "seed.multi_warehouse_demo.raw_order_items"
[0m18:23:08.765100 [debug] [Thread-1 (]: On seed.multi_warehouse_demo.raw_order_items: truncate table "DEMO"."ANALYTICS"."RAW_ORDER_ITEMS"
  
/* {"app": "dbt", "dbt_version": "1.10.11", "profile_name": "multi_warehouse_demo", "target_name": "snowflake", "node_id": "seed.multi_warehouse_demo.raw_order_items"} */;
[0m18:23:09.103961 [debug] [Thread-1 (]: SQL status: SUCCESS 1 in 0.338 seconds
[0m18:23:09.104665 [debug] [Thread-1 (]: Using snowflake connection "seed.multi_warehouse_demo.raw_order_items"
[0m18:23:09.105157 [debug] [Thread-1 (]: On seed.multi_warehouse_demo.raw_order_items: COMMIT
/* {"app": "dbt", "dbt_version": "1.10.11", "profile_name": "multi_warehouse_demo", "target_name": "snowflake", "node_id": "seed.multi_warehouse_demo.raw_order_items"} */
[0m18:23:09.309259 [debug] [Thread-1 (]: SQL status: SUCCESS 1 in 0.203 seconds
[0m18:23:09.331306 [debug] [Thread-1 (]: Using snowflake connection "seed.multi_warehouse_demo.raw_order_items"
[0m18:23:09.331823 [debug] [Thread-1 (]: On seed.multi_warehouse_demo.raw_order_items: BEGIN
/* {"app": "dbt", "dbt_version": "1.10.11", "profile_name": "multi_warehouse_demo", "target_name": "snowflake", "node_id": "seed.multi_warehouse_demo.raw_order_items"} */
[0m18:23:09.417605 [debug] [Thread-1 (]: SQL status: SUCCESS 1 in 0.085 seconds
[0m18:23:09.418658 [debug] [Thread-1 (]: Using snowflake connection "seed.multi_warehouse_demo.raw_order_items"
[0m18:23:09.419137 [debug] [Thread-1 (]: On seed.multi_warehouse_demo.raw_order_items: insert into DEMO.ANALYTICS.raw_order_items (order_id, sku, qty, unit_price) values
            (%s,%s,%s,%s),(%s,%s,%s,%s),(%s,%s,%s,%s),(%s,%s,%s,%s),(%s,%s,%s,%s),(%s,%s,%s,%s),(%s,%s,%s,%s),(%s,%s,%s,%s)
/* {"app": "dbt", "dbt_version": "1.10.11", "profile_name": "multi_warehouse_demo", "target_name": "snowflake", "node_id": "seed.multi_warehouse_demo.raw_order_items"} */...
[0m18:23:09.820581 [debug] [Thread-1 (]: SQL status: SUCCESS 8 in 0.401 seconds
[0m18:23:09.821349 [debug] [Thread-1 (]: Using snowflake connection "seed.multi_warehouse_demo.raw_order_items"
[0m18:23:09.821819 [debug] [Thread-1 (]: On seed.multi_warehouse_demo.raw_order_items: COMMIT
/* {"app": "dbt", "dbt_version": "1.10.11", "profile_name": "multi_warehouse_demo", "target_name": "snowflake", "node_id": "seed.multi_warehouse_demo.raw_order_items"} */
[0m18:23:10.228141 [debug] [Thread-1 (]: SQL status: SUCCESS 1 in 0.406 seconds
[0m18:23:10.232870 [debug] [Thread-1 (]: Writing runtime SQL for node "seed.multi_warehouse_demo.raw_order_items"
[0m18:23:10.234754 [debug] [Thread-1 (]: Sending event: {'category': 'dbt', 'action': 'run_model', 'label': '8ac841b7-ab03-4398-9047-6c8576c6efa4', 'context': [<snowplow_tracker.self_describing_json.SelfDescribingJson object at 0x10f1da6d0>]}
[0m18:23:10.235193 [info ] [Thread-1 (]: 4 of 25 OK loaded seed file ANALYTICS.raw_order_items .......................... [[32mINSERT 8[0m in 1.57s]
[0m18:23:10.235596 [debug] [Thread-1 (]: Finished running node seed.multi_warehouse_demo.raw_order_items
[0m18:23:10.235870 [debug] [Thread-1 (]: Began running node seed.multi_warehouse_demo.raw_orders
[0m18:23:10.236237 [info ] [Thread-1 (]: 5 of 25 START seed file ANALYTICS.raw_orders ................................... [RUN]
[0m18:23:10.236526 [debug] [Thread-1 (]: Re-using an available connection from the pool (formerly seed.multi_warehouse_demo.raw_order_items, now seed.multi_warehouse_demo.raw_orders)
[0m18:23:10.236768 [debug] [Thread-1 (]: Began compiling node seed.multi_warehouse_demo.raw_orders
[0m18:23:10.237001 [debug] [Thread-1 (]: Began executing node seed.multi_warehouse_demo.raw_orders
[0m18:23:10.241322 [debug] [Thread-1 (]: Using snowflake connection "seed.multi_warehouse_demo.raw_orders"
[0m18:23:10.241681 [debug] [Thread-1 (]: On seed.multi_warehouse_demo.raw_orders: BEGIN
/* {"app": "dbt", "dbt_version": "1.10.11", "profile_name": "multi_warehouse_demo", "target_name": "snowflake", "node_id": "seed.multi_warehouse_demo.raw_orders"} */
[0m18:23:10.310041 [debug] [Thread-1 (]: SQL status: SUCCESS 1 in 0.068 seconds
[0m18:23:10.310441 [debug] [Thread-1 (]: Using snowflake connection "seed.multi_warehouse_demo.raw_orders"
[0m18:23:10.310717 [debug] [Thread-1 (]: On seed.multi_warehouse_demo.raw_orders: truncate table "DEMO"."ANALYTICS"."RAW_ORDERS"
  
/* {"app": "dbt", "dbt_version": "1.10.11", "profile_name": "multi_warehouse_demo", "target_name": "snowflake", "node_id": "seed.multi_warehouse_demo.raw_orders"} */;
[0m18:23:10.641875 [debug] [Thread-1 (]: SQL status: SUCCESS 1 in 0.330 seconds
[0m18:23:10.643047 [debug] [Thread-1 (]: Using snowflake connection "seed.multi_warehouse_demo.raw_orders"
[0m18:23:10.643611 [debug] [Thread-1 (]: On seed.multi_warehouse_demo.raw_orders: COMMIT
/* {"app": "dbt", "dbt_version": "1.10.11", "profile_name": "multi_warehouse_demo", "target_name": "snowflake", "node_id": "seed.multi_warehouse_demo.raw_orders"} */
[0m18:23:10.837504 [debug] [Thread-1 (]: SQL status: SUCCESS 1 in 0.193 seconds
[0m18:23:10.839025 [debug] [Thread-1 (]: Using snowflake connection "seed.multi_warehouse_demo.raw_orders"
[0m18:23:10.839377 [debug] [Thread-1 (]: On seed.multi_warehouse_demo.raw_orders: BEGIN
/* {"app": "dbt", "dbt_version": "1.10.11", "profile_name": "multi_warehouse_demo", "target_name": "snowflake", "node_id": "seed.multi_warehouse_demo.raw_orders"} */
[0m18:23:10.940167 [debug] [Thread-1 (]: SQL status: SUCCESS 1 in 0.100 seconds
[0m18:23:10.940840 [debug] [Thread-1 (]: Using snowflake connection "seed.multi_warehouse_demo.raw_orders"
[0m18:23:10.941168 [debug] [Thread-1 (]: On seed.multi_warehouse_demo.raw_orders: insert into DEMO.ANALYTICS.raw_orders (order_id, user_id, order_ts, status) values
            (%s,%s,%s,%s),(%s,%s,%s,%s),(%s,%s,%s,%s),(%s,%s,%s,%s),(%s,%s,%s,%s)
/* {"app": "dbt", "dbt_version": "1.10.11", "profile_name": "multi_warehouse_demo", "target_name": "snowflake", "node_id": "seed.multi_warehouse_demo.raw_orders"} */...
[0m18:23:11.256155 [debug] [Thread-1 (]: SQL status: SUCCESS 5 in 0.314 seconds
[0m18:23:11.257462 [debug] [Thread-1 (]: Using snowflake connection "seed.multi_warehouse_demo.raw_orders"
[0m18:23:11.258153 [debug] [Thread-1 (]: On seed.multi_warehouse_demo.raw_orders: COMMIT
/* {"app": "dbt", "dbt_version": "1.10.11", "profile_name": "multi_warehouse_demo", "target_name": "snowflake", "node_id": "seed.multi_warehouse_demo.raw_orders"} */
[0m18:23:11.485932 [debug] [Thread-1 (]: SQL status: SUCCESS 1 in 0.227 seconds
[0m18:23:11.487749 [debug] [Thread-1 (]: Writing runtime SQL for node "seed.multi_warehouse_demo.raw_orders"
[0m18:23:11.493656 [debug] [Thread-1 (]: Sending event: {'category': 'dbt', 'action': 'run_model', 'label': '8ac841b7-ab03-4398-9047-6c8576c6efa4', 'context': [<snowplow_tracker.self_describing_json.SelfDescribingJson object at 0x10f366bd0>]}
[0m18:23:11.494532 [info ] [Thread-1 (]: 5 of 25 OK loaded seed file ANALYTICS.raw_orders ............................... [[32mINSERT 5[0m in 1.26s]
[0m18:23:11.495296 [debug] [Thread-1 (]: Finished running node seed.multi_warehouse_demo.raw_orders
[0m18:23:11.496284 [debug] [Thread-1 (]: Began running node seed.multi_warehouse_demo.raw_users
[0m18:23:11.497243 [info ] [Thread-1 (]: 6 of 25 START seed file ANALYTICS.raw_users .................................... [RUN]
[0m18:23:11.497908 [debug] [Thread-1 (]: Re-using an available connection from the pool (formerly seed.multi_warehouse_demo.raw_orders, now seed.multi_warehouse_demo.raw_users)
[0m18:23:11.498379 [debug] [Thread-1 (]: Began compiling node seed.multi_warehouse_demo.raw_users
[0m18:23:11.498831 [debug] [Thread-1 (]: Began executing node seed.multi_warehouse_demo.raw_users
[0m18:23:11.506283 [debug] [Thread-1 (]: Using snowflake connection "seed.multi_warehouse_demo.raw_users"
[0m18:23:11.506801 [debug] [Thread-1 (]: On seed.multi_warehouse_demo.raw_users: BEGIN
/* {"app": "dbt", "dbt_version": "1.10.11", "profile_name": "multi_warehouse_demo", "target_name": "snowflake", "node_id": "seed.multi_warehouse_demo.raw_users"} */
[0m18:23:11.634407 [debug] [Thread-1 (]: SQL status: SUCCESS 1 in 0.127 seconds
[0m18:23:11.635167 [debug] [Thread-1 (]: Using snowflake connection "seed.multi_warehouse_demo.raw_users"
[0m18:23:11.635659 [debug] [Thread-1 (]: On seed.multi_warehouse_demo.raw_users: truncate table "DEMO"."ANALYTICS"."RAW_USERS"
  
/* {"app": "dbt", "dbt_version": "1.10.11", "profile_name": "multi_warehouse_demo", "target_name": "snowflake", "node_id": "seed.multi_warehouse_demo.raw_users"} */;
[0m18:23:11.835334 [debug] [Thread-1 (]: SQL status: SUCCESS 1 in 0.199 seconds
[0m18:23:11.837207 [debug] [Thread-1 (]: Using snowflake connection "seed.multi_warehouse_demo.raw_users"
[0m18:23:11.838246 [debug] [Thread-1 (]: On seed.multi_warehouse_demo.raw_users: COMMIT
/* {"app": "dbt", "dbt_version": "1.10.11", "profile_name": "multi_warehouse_demo", "target_name": "snowflake", "node_id": "seed.multi_warehouse_demo.raw_users"} */
[0m18:23:12.011789 [debug] [Thread-1 (]: SQL status: SUCCESS 1 in 0.172 seconds
[0m18:23:12.015874 [debug] [Thread-1 (]: Using snowflake connection "seed.multi_warehouse_demo.raw_users"
[0m18:23:12.016600 [debug] [Thread-1 (]: On seed.multi_warehouse_demo.raw_users: BEGIN
/* {"app": "dbt", "dbt_version": "1.10.11", "profile_name": "multi_warehouse_demo", "target_name": "snowflake", "node_id": "seed.multi_warehouse_demo.raw_users"} */
[0m18:23:12.098349 [debug] [Thread-1 (]: SQL status: SUCCESS 1 in 0.081 seconds
[0m18:23:12.099106 [debug] [Thread-1 (]: Using snowflake connection "seed.multi_warehouse_demo.raw_users"
[0m18:23:12.099456 [debug] [Thread-1 (]: On seed.multi_warehouse_demo.raw_users: insert into DEMO.ANALYTICS.raw_users (user_id, email, country, created_at) values
            (%s,%s,%s,%s),(%s,%s,%s,%s),(%s,%s,%s,%s),(%s,%s,%s,%s),(%s,%s,%s,%s)
/* {"app": "dbt", "dbt_version": "1.10.11", "profile_name": "multi_warehouse_demo", "target_name": "snowflake", "node_id": "seed.multi_warehouse_demo.raw_users"} */...
[0m18:23:12.459019 [debug] [Thread-1 (]: SQL status: SUCCESS 5 in 0.359 seconds
[0m18:23:12.460064 [debug] [Thread-1 (]: Using snowflake connection "seed.multi_warehouse_demo.raw_users"
[0m18:23:12.460669 [debug] [Thread-1 (]: On seed.multi_warehouse_demo.raw_users: COMMIT
/* {"app": "dbt", "dbt_version": "1.10.11", "profile_name": "multi_warehouse_demo", "target_name": "snowflake", "node_id": "seed.multi_warehouse_demo.raw_users"} */
[0m18:23:12.682659 [debug] [Thread-1 (]: SQL status: SUCCESS 1 in 0.221 seconds
[0m18:23:12.684863 [debug] [Thread-1 (]: Writing runtime SQL for node "seed.multi_warehouse_demo.raw_users"
[0m18:23:12.688068 [debug] [Thread-1 (]: Sending event: {'category': 'dbt', 'action': 'run_model', 'label': '8ac841b7-ab03-4398-9047-6c8576c6efa4', 'context': [<snowplow_tracker.self_describing_json.SelfDescribingJson object at 0x1061f0e90>]}
[0m18:23:12.688673 [info ] [Thread-1 (]: 6 of 25 OK loaded seed file ANALYTICS.raw_users ................................ [[32mINSERT 5[0m in 1.19s]
[0m18:23:12.689417 [debug] [Thread-1 (]: Finished running node seed.multi_warehouse_demo.raw_users
[0m18:23:12.689832 [debug] [Thread-1 (]: Began running node seed.multi_warehouse_demo.raw_users_changes
[0m18:23:12.690308 [info ] [Thread-1 (]: 7 of 25 START seed file ANALYTICS.raw_users_changes ............................ [RUN]
[0m18:23:12.690685 [debug] [Thread-1 (]: Re-using an available connection from the pool (formerly seed.multi_warehouse_demo.raw_users, now seed.multi_warehouse_demo.raw_users_changes)
[0m18:23:12.690989 [debug] [Thread-1 (]: Began compiling node seed.multi_warehouse_demo.raw_users_changes
[0m18:23:12.691269 [debug] [Thread-1 (]: Began executing node seed.multi_warehouse_demo.raw_users_changes
[0m18:23:12.696925 [debug] [Thread-1 (]: Using snowflake connection "seed.multi_warehouse_demo.raw_users_changes"
[0m18:23:12.697287 [debug] [Thread-1 (]: On seed.multi_warehouse_demo.raw_users_changes: BEGIN
/* {"app": "dbt", "dbt_version": "1.10.11", "profile_name": "multi_warehouse_demo", "target_name": "snowflake", "node_id": "seed.multi_warehouse_demo.raw_users_changes"} */
[0m18:23:12.794223 [debug] [Thread-1 (]: SQL status: SUCCESS 1 in 0.096 seconds
[0m18:23:12.794944 [debug] [Thread-1 (]: Using snowflake connection "seed.multi_warehouse_demo.raw_users_changes"
[0m18:23:12.795420 [debug] [Thread-1 (]: On seed.multi_warehouse_demo.raw_users_changes: truncate table "DEMO"."ANALYTICS"."RAW_USERS_CHANGES"
  
/* {"app": "dbt", "dbt_version": "1.10.11", "profile_name": "multi_warehouse_demo", "target_name": "snowflake", "node_id": "seed.multi_warehouse_demo.raw_users_changes"} */;
[0m18:23:12.988656 [debug] [Thread-1 (]: SQL status: SUCCESS 1 in 0.192 seconds
[0m18:23:12.989806 [debug] [Thread-1 (]: Using snowflake connection "seed.multi_warehouse_demo.raw_users_changes"
[0m18:23:12.990411 [debug] [Thread-1 (]: On seed.multi_warehouse_demo.raw_users_changes: COMMIT
/* {"app": "dbt", "dbt_version": "1.10.11", "profile_name": "multi_warehouse_demo", "target_name": "snowflake", "node_id": "seed.multi_warehouse_demo.raw_users_changes"} */
[0m18:23:13.167471 [debug] [Thread-1 (]: SQL status: SUCCESS 1 in 0.176 seconds
[0m18:23:13.171671 [debug] [Thread-1 (]: Using snowflake connection "seed.multi_warehouse_demo.raw_users_changes"
[0m18:23:13.172198 [debug] [Thread-1 (]: On seed.multi_warehouse_demo.raw_users_changes: BEGIN
/* {"app": "dbt", "dbt_version": "1.10.11", "profile_name": "multi_warehouse_demo", "target_name": "snowflake", "node_id": "seed.multi_warehouse_demo.raw_users_changes"} */
[0m18:23:13.237421 [debug] [Thread-1 (]: SQL status: SUCCESS 1 in 0.065 seconds
[0m18:23:13.238732 [debug] [Thread-1 (]: Using snowflake connection "seed.multi_warehouse_demo.raw_users_changes"
[0m18:23:13.239280 [debug] [Thread-1 (]: On seed.multi_warehouse_demo.raw_users_changes: insert into DEMO.ANALYTICS.raw_users_changes (user_id, email, country, change_ts) values
            (%s,%s,%s,%s),(%s,%s,%s,%s),(%s,%s,%s,%s),(%s,%s,%s,%s),(%s,%s,%s,%s),(%s,%s,%s,%s),(%s,%s,%s,%s)
/* {"app": "dbt", "dbt_version": "1.10.11", "profile_name": "multi_warehouse_demo", "target_name": "snowflake", "node_id": "seed.multi_warehouse_demo.raw_users_changes"} */...
[0m18:23:13.618491 [debug] [Thread-1 (]: SQL status: SUCCESS 7 in 0.378 seconds
[0m18:23:13.620252 [debug] [Thread-1 (]: Using snowflake connection "seed.multi_warehouse_demo.raw_users_changes"
[0m18:23:13.621251 [debug] [Thread-1 (]: On seed.multi_warehouse_demo.raw_users_changes: COMMIT
/* {"app": "dbt", "dbt_version": "1.10.11", "profile_name": "multi_warehouse_demo", "target_name": "snowflake", "node_id": "seed.multi_warehouse_demo.raw_users_changes"} */
[0m18:23:13.828546 [debug] [Thread-1 (]: SQL status: SUCCESS 1 in 0.206 seconds
[0m18:23:13.830272 [debug] [Thread-1 (]: Writing runtime SQL for node "seed.multi_warehouse_demo.raw_users_changes"
[0m18:23:13.835078 [debug] [Thread-1 (]: Sending event: {'category': 'dbt', 'action': 'run_model', 'label': '8ac841b7-ab03-4398-9047-6c8576c6efa4', 'context': [<snowplow_tracker.self_describing_json.SelfDescribingJson object at 0x1061f1df0>]}
[0m18:23:13.835976 [info ] [Thread-1 (]: 7 of 25 OK loaded seed file ANALYTICS.raw_users_changes ........................ [[32mINSERT 7[0m in 1.14s]
[0m18:23:13.836741 [debug] [Thread-1 (]: Finished running node seed.multi_warehouse_demo.raw_users_changes
[0m18:23:13.837251 [debug] [Thread-1 (]: Began running node snapshot.multi_warehouse_demo.customers_scd2
[0m18:23:13.837966 [info ] [Thread-1 (]: 8 of 25 START snapshot analytics_snapshots.customers_scd2 ...................... [RUN]
[0m18:23:13.838578 [debug] [Thread-1 (]: Re-using an available connection from the pool (formerly seed.multi_warehouse_demo.raw_users_changes, now snapshot.multi_warehouse_demo.customers_scd2)
[0m18:23:13.839304 [debug] [Thread-1 (]: Began compiling node snapshot.multi_warehouse_demo.customers_scd2
[0m18:23:13.843945 [debug] [Thread-1 (]: Began executing node snapshot.multi_warehouse_demo.customers_scd2
[0m18:23:13.893481 [debug] [Thread-1 (]: Using snowflake connection "snapshot.multi_warehouse_demo.customers_scd2"
[0m18:23:13.893880 [debug] [Thread-1 (]: On snapshot.multi_warehouse_demo.customers_scd2: select * from (
        
    

    select *,
        md5(coalesce(cast(user_id as varchar ), '')
         || '|' || coalesce(cast(change_ts as varchar ), '')
        ) as dbt_scd_id,
        change_ts as dbt_updated_at,
        change_ts as dbt_valid_from,
        
  
  coalesce(nullif(change_ts, change_ts), null)
  as dbt_valid_to
from (
        


select
  cast(user_id as integer)      as user_id,
  lower(email)                  as email,
  country,
  cast(change_ts as timestamp)  as change_ts
from DEMO.analytics.raw_users_changes

    ) sbq



    ) as __dbt_sbq
    where false
    limit 0
/* {"app": "dbt", "dbt_version": "1.10.11", "profile_name": "multi_warehouse_demo", "target_name": "snowflake", "node_id": "snapshot.multi_warehouse_demo.customers_scd2"} */
/* {"app": "dbt", "dbt_version": "1.10.11", "profile_name": "multi_warehouse_demo", "target_name": "snowflake", "node_id": "snapshot.multi_warehouse_demo.customers_scd2"} */
[0m18:23:14.429926 [debug] [Thread-1 (]: SQL status: SUCCESS 0 in 0.535 seconds
[0m18:23:14.440356 [debug] [Thread-1 (]: Using snowflake connection "snapshot.multi_warehouse_demo.customers_scd2"
[0m18:23:14.440996 [debug] [Thread-1 (]: On snapshot.multi_warehouse_demo.customers_scd2: select * from (
        select to_timestamp_ntz(convert_timezone('UTC', current_timestamp())) as dbt_snapshot_time
    ) as __dbt_sbq
    where false
    limit 0
/* {"app": "dbt", "dbt_version": "1.10.11", "profile_name": "multi_warehouse_demo", "target_name": "snowflake", "node_id": "snapshot.multi_warehouse_demo.customers_scd2"} */
/* {"app": "dbt", "dbt_version": "1.10.11", "profile_name": "multi_warehouse_demo", "target_name": "snowflake", "node_id": "snapshot.multi_warehouse_demo.customers_scd2"} */
[0m18:23:14.512953 [debug] [Thread-1 (]: SQL status: SUCCESS 0 in 0.071 seconds
[0m18:23:14.514972 [debug] [Thread-1 (]: Writing runtime sql for node "snapshot.multi_warehouse_demo.customers_scd2"
[0m18:23:14.518203 [debug] [Thread-1 (]: Using snowflake connection "snapshot.multi_warehouse_demo.customers_scd2"
[0m18:23:14.518793 [debug] [Thread-1 (]: On snapshot.multi_warehouse_demo.customers_scd2: create or replace transient table DEMO.analytics_snapshots.customers_scd2
    
    
    
    as (
    

    select *,
        md5(coalesce(cast(user_id as varchar ), '')
         || '|' || coalesce(cast(change_ts as varchar ), '')
        ) as dbt_scd_id,
        change_ts as dbt_updated_at,
        change_ts as dbt_valid_from,
        
  
  coalesce(nullif(change_ts, change_ts), null)
  as dbt_valid_to
from (
        


select
  cast(user_id as integer)      as user_id,
  lower(email)                  as email,
  country,
  cast(change_ts as timestamp)  as change_ts
from DEMO.analytics.raw_users_changes

    ) sbq



    )

/* {"app": "dbt", "dbt_version": "1.10.11", "profile_name": "multi_warehouse_demo", "target_name": "snowflake", "node_id": "snapshot.multi_warehouse_demo.customers_scd2"} */;
[0m18:23:15.147207 [debug] [Thread-1 (]: SQL status: SUCCESS 1 in 0.628 seconds
[0m18:23:15.152125 [debug] [Thread-1 (]: Sending event: {'category': 'dbt', 'action': 'run_model', 'label': '8ac841b7-ab03-4398-9047-6c8576c6efa4', 'context': [<snowplow_tracker.self_describing_json.SelfDescribingJson object at 0x106228830>]}
[0m18:23:15.152793 [info ] [Thread-1 (]: 8 of 25 OK snapshotted analytics_snapshots.customers_scd2 ...................... [[32mSUCCESS 1[0m in 1.31s]
[0m18:23:15.153267 [debug] [Thread-1 (]: Finished running node snapshot.multi_warehouse_demo.customers_scd2
[0m18:23:15.153560 [debug] [Thread-1 (]: Began running node test.multi_warehouse_demo.not_null_stg_order_items_order_id.2063801f96
[0m18:23:15.153892 [info ] [Thread-1 (]: 9 of 25 START test not_null_stg_order_items_order_id ........................... [RUN]
[0m18:23:15.154282 [debug] [Thread-1 (]: Re-using an available connection from the pool (formerly snapshot.multi_warehouse_demo.customers_scd2, now test.multi_warehouse_demo.not_null_stg_order_items_order_id.2063801f96)
[0m18:23:15.154565 [debug] [Thread-1 (]: Began compiling node test.multi_warehouse_demo.not_null_stg_order_items_order_id.2063801f96
[0m18:23:15.161038 [debug] [Thread-1 (]: Writing injected SQL for node "test.multi_warehouse_demo.not_null_stg_order_items_order_id.2063801f96"
[0m18:23:15.161766 [debug] [Thread-1 (]: Began executing node test.multi_warehouse_demo.not_null_stg_order_items_order_id.2063801f96
[0m18:23:15.180881 [debug] [Thread-1 (]: Writing runtime sql for node "test.multi_warehouse_demo.not_null_stg_order_items_order_id.2063801f96"
[0m18:23:15.181932 [debug] [Thread-1 (]: Using snowflake connection "test.multi_warehouse_demo.not_null_stg_order_items_order_id.2063801f96"
[0m18:23:15.182244 [debug] [Thread-1 (]: On test.multi_warehouse_demo.not_null_stg_order_items_order_id.2063801f96: select
      count(*) as failures,
      count(*) != 0 as should_warn,
      count(*) != 0 as should_error
    from (
      
    
  
    
    



select order_id
from DEMO.ANALYTICS.stg_order_items
where order_id is null



  
  
      
    ) dbt_internal_test
/* {"app": "dbt", "dbt_version": "1.10.11", "profile_name": "multi_warehouse_demo", "target_name": "snowflake", "node_id": "test.multi_warehouse_demo.not_null_stg_order_items_order_id.2063801f96"} */
[0m18:23:15.348708 [debug] [Thread-1 (]: SQL status: SUCCESS 1 in 0.166 seconds
[0m18:23:15.355196 [info ] [Thread-1 (]: 9 of 25 PASS not_null_stg_order_items_order_id ................................. [[32mPASS[0m in 0.20s]
[0m18:23:15.355859 [debug] [Thread-1 (]: Finished running node test.multi_warehouse_demo.not_null_stg_order_items_order_id.2063801f96
[0m18:23:15.356233 [debug] [Thread-1 (]: Began running node test.multi_warehouse_demo.not_null_stg_order_items_qty.8ef4f29677
[0m18:23:15.356580 [info ] [Thread-1 (]: 10 of 25 START test not_null_stg_order_items_qty ............................... [RUN]
[0m18:23:15.356944 [debug] [Thread-1 (]: Re-using an available connection from the pool (formerly test.multi_warehouse_demo.not_null_stg_order_items_order_id.2063801f96, now test.multi_warehouse_demo.not_null_stg_order_items_qty.8ef4f29677)
[0m18:23:15.357239 [debug] [Thread-1 (]: Began compiling node test.multi_warehouse_demo.not_null_stg_order_items_qty.8ef4f29677
[0m18:23:15.362563 [debug] [Thread-1 (]: Writing injected SQL for node "test.multi_warehouse_demo.not_null_stg_order_items_qty.8ef4f29677"
[0m18:23:15.363718 [debug] [Thread-1 (]: Began executing node test.multi_warehouse_demo.not_null_stg_order_items_qty.8ef4f29677
[0m18:23:15.366477 [debug] [Thread-1 (]: Writing runtime sql for node "test.multi_warehouse_demo.not_null_stg_order_items_qty.8ef4f29677"
[0m18:23:15.367484 [debug] [Thread-1 (]: Using snowflake connection "test.multi_warehouse_demo.not_null_stg_order_items_qty.8ef4f29677"
[0m18:23:15.367893 [debug] [Thread-1 (]: On test.multi_warehouse_demo.not_null_stg_order_items_qty.8ef4f29677: select
      count(*) as failures,
      count(*) != 0 as should_warn,
      count(*) != 0 as should_error
    from (
      
    
  
    
    



select qty
from DEMO.ANALYTICS.stg_order_items
where qty is null



  
  
      
    ) dbt_internal_test
/* {"app": "dbt", "dbt_version": "1.10.11", "profile_name": "multi_warehouse_demo", "target_name": "snowflake", "node_id": "test.multi_warehouse_demo.not_null_stg_order_items_qty.8ef4f29677"} */
[0m18:23:15.654775 [debug] [Thread-1 (]: SQL status: SUCCESS 1 in 0.286 seconds
[0m18:23:15.656517 [info ] [Thread-1 (]: 10 of 25 PASS not_null_stg_order_items_qty ..................................... [[32mPASS[0m in 0.30s]
[0m18:23:15.657035 [debug] [Thread-1 (]: Finished running node test.multi_warehouse_demo.not_null_stg_order_items_qty.8ef4f29677
[0m18:23:15.657334 [debug] [Thread-1 (]: Began running node test.multi_warehouse_demo.accepted_values_stg_orders_status__completed__cancelled.0881a3f2d1
[0m18:23:15.657666 [info ] [Thread-1 (]: 11 of 25 START test accepted_values_stg_orders_status__completed__cancelled .... [RUN]
[0m18:23:15.658081 [debug] [Thread-1 (]: Re-using an available connection from the pool (formerly test.multi_warehouse_demo.not_null_stg_order_items_qty.8ef4f29677, now test.multi_warehouse_demo.accepted_values_stg_orders_status__completed__cancelled.0881a3f2d1)
[0m18:23:15.658382 [debug] [Thread-1 (]: Began compiling node test.multi_warehouse_demo.accepted_values_stg_orders_status__completed__cancelled.0881a3f2d1
[0m18:23:15.661807 [debug] [Thread-1 (]: Writing injected SQL for node "test.multi_warehouse_demo.accepted_values_stg_orders_status__completed__cancelled.0881a3f2d1"
[0m18:23:15.662492 [debug] [Thread-1 (]: Began executing node test.multi_warehouse_demo.accepted_values_stg_orders_status__completed__cancelled.0881a3f2d1
[0m18:23:15.664988 [debug] [Thread-1 (]: Writing runtime sql for node "test.multi_warehouse_demo.accepted_values_stg_orders_status__completed__cancelled.0881a3f2d1"
[0m18:23:15.665984 [debug] [Thread-1 (]: Using snowflake connection "test.multi_warehouse_demo.accepted_values_stg_orders_status__completed__cancelled.0881a3f2d1"
[0m18:23:15.666294 [debug] [Thread-1 (]: On test.multi_warehouse_demo.accepted_values_stg_orders_status__completed__cancelled.0881a3f2d1: select
      count(*) as failures,
      count(*) != 0 as should_warn,
      count(*) != 0 as should_error
    from (
      
    
  
    
    

with all_values as (

    select
        status as value_field,
        count(*) as n_records

    from DEMO.ANALYTICS.stg_orders
    group by status

)

select *
from all_values
where value_field not in (
    'completed','cancelled'
)



  
  
      
    ) dbt_internal_test
/* {"app": "dbt", "dbt_version": "1.10.11", "profile_name": "multi_warehouse_demo", "target_name": "snowflake", "node_id": "test.multi_warehouse_demo.accepted_values_stg_orders_status__completed__cancelled.0881a3f2d1"} */
[0m18:23:16.093907 [debug] [Thread-1 (]: SQL status: SUCCESS 1 in 0.427 seconds
[0m18:23:16.098151 [info ] [Thread-1 (]: 11 of 25 PASS accepted_values_stg_orders_status__completed__cancelled .......... [[32mPASS[0m in 0.44s]
[0m18:23:16.099101 [debug] [Thread-1 (]: Finished running node test.multi_warehouse_demo.accepted_values_stg_orders_status__completed__cancelled.0881a3f2d1
[0m18:23:16.099614 [debug] [Thread-1 (]: Began running node test.multi_warehouse_demo.not_null_stg_orders_order_id.81cfe2fe64
[0m18:23:16.100197 [info ] [Thread-1 (]: 12 of 25 START test not_null_stg_orders_order_id ............................... [RUN]
[0m18:23:16.100861 [debug] [Thread-1 (]: Re-using an available connection from the pool (formerly test.multi_warehouse_demo.accepted_values_stg_orders_status__completed__cancelled.0881a3f2d1, now test.multi_warehouse_demo.not_null_stg_orders_order_id.81cfe2fe64)
[0m18:23:16.101350 [debug] [Thread-1 (]: Began compiling node test.multi_warehouse_demo.not_null_stg_orders_order_id.81cfe2fe64
[0m18:23:16.106486 [debug] [Thread-1 (]: Writing injected SQL for node "test.multi_warehouse_demo.not_null_stg_orders_order_id.81cfe2fe64"
[0m18:23:16.107519 [debug] [Thread-1 (]: Began executing node test.multi_warehouse_demo.not_null_stg_orders_order_id.81cfe2fe64
[0m18:23:16.110386 [debug] [Thread-1 (]: Writing runtime sql for node "test.multi_warehouse_demo.not_null_stg_orders_order_id.81cfe2fe64"
[0m18:23:16.111609 [debug] [Thread-1 (]: Using snowflake connection "test.multi_warehouse_demo.not_null_stg_orders_order_id.81cfe2fe64"
[0m18:23:16.111957 [debug] [Thread-1 (]: On test.multi_warehouse_demo.not_null_stg_orders_order_id.81cfe2fe64: select
      count(*) as failures,
      count(*) != 0 as should_warn,
      count(*) != 0 as should_error
    from (
      
    
  
    
    



select order_id
from DEMO.ANALYTICS.stg_orders
where order_id is null



  
  
      
    ) dbt_internal_test
/* {"app": "dbt", "dbt_version": "1.10.11", "profile_name": "multi_warehouse_demo", "target_name": "snowflake", "node_id": "test.multi_warehouse_demo.not_null_stg_orders_order_id.81cfe2fe64"} */
[0m18:23:16.579821 [debug] [Thread-1 (]: SQL status: SUCCESS 1 in 0.467 seconds
[0m18:23:16.586063 [info ] [Thread-1 (]: 12 of 25 PASS not_null_stg_orders_order_id ..................................... [[32mPASS[0m in 0.49s]
[0m18:23:16.587083 [debug] [Thread-1 (]: Finished running node test.multi_warehouse_demo.not_null_stg_orders_order_id.81cfe2fe64
[0m18:23:16.587629 [debug] [Thread-1 (]: Began running node test.multi_warehouse_demo.not_null_stg_orders_user_id.7d129d0209
[0m18:23:16.588252 [info ] [Thread-1 (]: 13 of 25 START test not_null_stg_orders_user_id ................................ [RUN]
[0m18:23:16.588915 [debug] [Thread-1 (]: Re-using an available connection from the pool (formerly test.multi_warehouse_demo.not_null_stg_orders_order_id.81cfe2fe64, now test.multi_warehouse_demo.not_null_stg_orders_user_id.7d129d0209)
[0m18:23:16.589377 [debug] [Thread-1 (]: Began compiling node test.multi_warehouse_demo.not_null_stg_orders_user_id.7d129d0209
[0m18:23:16.595154 [debug] [Thread-1 (]: Writing injected SQL for node "test.multi_warehouse_demo.not_null_stg_orders_user_id.7d129d0209"
[0m18:23:16.596306 [debug] [Thread-1 (]: Began executing node test.multi_warehouse_demo.not_null_stg_orders_user_id.7d129d0209
[0m18:23:16.598675 [debug] [Thread-1 (]: Writing runtime sql for node "test.multi_warehouse_demo.not_null_stg_orders_user_id.7d129d0209"
[0m18:23:16.599797 [debug] [Thread-1 (]: Using snowflake connection "test.multi_warehouse_demo.not_null_stg_orders_user_id.7d129d0209"
[0m18:23:16.600183 [debug] [Thread-1 (]: On test.multi_warehouse_demo.not_null_stg_orders_user_id.7d129d0209: select
      count(*) as failures,
      count(*) != 0 as should_warn,
      count(*) != 0 as should_error
    from (
      
    
  
    
    



select user_id
from DEMO.ANALYTICS.stg_orders
where user_id is null



  
  
      
    ) dbt_internal_test
/* {"app": "dbt", "dbt_version": "1.10.11", "profile_name": "multi_warehouse_demo", "target_name": "snowflake", "node_id": "test.multi_warehouse_demo.not_null_stg_orders_user_id.7d129d0209"} */
[0m18:23:16.747159 [debug] [Thread-1 (]: SQL status: SUCCESS 1 in 0.146 seconds
[0m18:23:16.751470 [info ] [Thread-1 (]: 13 of 25 PASS not_null_stg_orders_user_id ...................................... [[32mPASS[0m in 0.16s]
[0m18:23:16.752390 [debug] [Thread-1 (]: Finished running node test.multi_warehouse_demo.not_null_stg_orders_user_id.7d129d0209
[0m18:23:16.752934 [debug] [Thread-1 (]: Began running node test.multi_warehouse_demo.relationships_stg_order_items_qty__order_id__ref_stg_orders_.17f6c55bb2
[0m18:23:16.753511 [info ] [Thread-1 (]: 14 of 25 START test relationships_stg_order_items_qty__order_id__ref_stg_orders_  [RUN]
[0m18:23:16.754051 [debug] [Thread-1 (]: Re-using an available connection from the pool (formerly test.multi_warehouse_demo.not_null_stg_orders_user_id.7d129d0209, now test.multi_warehouse_demo.relationships_stg_order_items_qty__order_id__ref_stg_orders_.17f6c55bb2)
[0m18:23:16.754493 [debug] [Thread-1 (]: Began compiling node test.multi_warehouse_demo.relationships_stg_order_items_qty__order_id__ref_stg_orders_.17f6c55bb2
[0m18:23:16.762732 [debug] [Thread-1 (]: Writing injected SQL for node "test.multi_warehouse_demo.relationships_stg_order_items_qty__order_id__ref_stg_orders_.17f6c55bb2"
[0m18:23:16.763710 [debug] [Thread-1 (]: Began executing node test.multi_warehouse_demo.relationships_stg_order_items_qty__order_id__ref_stg_orders_.17f6c55bb2
[0m18:23:16.765983 [debug] [Thread-1 (]: Writing runtime sql for node "test.multi_warehouse_demo.relationships_stg_order_items_qty__order_id__ref_stg_orders_.17f6c55bb2"
[0m18:23:16.767341 [debug] [Thread-1 (]: Using snowflake connection "test.multi_warehouse_demo.relationships_stg_order_items_qty__order_id__ref_stg_orders_.17f6c55bb2"
[0m18:23:16.767754 [debug] [Thread-1 (]: On test.multi_warehouse_demo.relationships_stg_order_items_qty__order_id__ref_stg_orders_.17f6c55bb2: select
      count(*) as failures,
      count(*) != 0 as should_warn,
      count(*) != 0 as should_error
    from (
      
    
  
    
    

with child as (
    select qty as from_field
    from DEMO.ANALYTICS.stg_order_items
    where qty is not null
),

parent as (
    select order_id as to_field
    from DEMO.ANALYTICS.stg_orders
)

select
    from_field

from child
left join parent
    on child.from_field = parent.to_field

where parent.to_field is null



  
  
      
    ) dbt_internal_test
/* {"app": "dbt", "dbt_version": "1.10.11", "profile_name": "multi_warehouse_demo", "target_name": "snowflake", "node_id": "test.multi_warehouse_demo.relationships_stg_order_items_qty__order_id__ref_stg_orders_.17f6c55bb2"} */
[0m18:23:17.501776 [debug] [Thread-1 (]: SQL status: SUCCESS 1 in 0.733 seconds
[0m18:23:17.505917 [error] [Thread-1 (]: 14 of 25 FAIL 8 relationships_stg_order_items_qty__order_id__ref_stg_orders_ ... [[31mFAIL 8[0m in 0.75s]
[0m18:23:17.506597 [debug] [Thread-1 (]: Finished running node test.multi_warehouse_demo.relationships_stg_order_items_qty__order_id__ref_stg_orders_.17f6c55bb2
[0m18:23:17.506994 [debug] [Thread-1 (]: Began running node test.multi_warehouse_demo.unique_stg_orders_order_id.e3b841c71a
[0m18:23:17.507524 [debug] [Thread-4 (]: Marking all children of 'test.multi_warehouse_demo.relationships_stg_order_items_qty__order_id__ref_stg_orders_.17f6c55bb2' to be skipped because of status 'fail'.  Reason: Got 8 results, configured to fail if != 0.
[0m18:23:17.507946 [info ] [Thread-1 (]: 15 of 25 START test unique_stg_orders_order_id ................................. [RUN]
[0m18:23:17.508863 [debug] [Thread-1 (]: Re-using an available connection from the pool (formerly test.multi_warehouse_demo.relationships_stg_order_items_qty__order_id__ref_stg_orders_.17f6c55bb2, now test.multi_warehouse_demo.unique_stg_orders_order_id.e3b841c71a)
[0m18:23:17.509239 [debug] [Thread-1 (]: Began compiling node test.multi_warehouse_demo.unique_stg_orders_order_id.e3b841c71a
[0m18:23:17.515888 [debug] [Thread-1 (]: Writing injected SQL for node "test.multi_warehouse_demo.unique_stg_orders_order_id.e3b841c71a"
[0m18:23:17.516644 [debug] [Thread-1 (]: Began executing node test.multi_warehouse_demo.unique_stg_orders_order_id.e3b841c71a
[0m18:23:17.518443 [debug] [Thread-1 (]: Writing runtime sql for node "test.multi_warehouse_demo.unique_stg_orders_order_id.e3b841c71a"
[0m18:23:17.519625 [debug] [Thread-1 (]: Using snowflake connection "test.multi_warehouse_demo.unique_stg_orders_order_id.e3b841c71a"
[0m18:23:17.519942 [debug] [Thread-1 (]: On test.multi_warehouse_demo.unique_stg_orders_order_id.e3b841c71a: select
      count(*) as failures,
      count(*) != 0 as should_warn,
      count(*) != 0 as should_error
    from (
      
    
  
    
    

select
    order_id as unique_field,
    count(*) as n_records

from DEMO.ANALYTICS.stg_orders
where order_id is not null
group by order_id
having count(*) > 1



  
  
      
    ) dbt_internal_test
/* {"app": "dbt", "dbt_version": "1.10.11", "profile_name": "multi_warehouse_demo", "target_name": "snowflake", "node_id": "test.multi_warehouse_demo.unique_stg_orders_order_id.e3b841c71a"} */
[0m18:23:17.688697 [debug] [Thread-1 (]: SQL status: SUCCESS 1 in 0.168 seconds
[0m18:23:17.692338 [info ] [Thread-1 (]: 15 of 25 PASS unique_stg_orders_order_id ....................................... [[32mPASS[0m in 0.18s]
[0m18:23:17.693252 [debug] [Thread-1 (]: Finished running node test.multi_warehouse_demo.unique_stg_orders_order_id.e3b841c71a
[0m18:23:17.693750 [debug] [Thread-1 (]: Began running node test.multi_warehouse_demo.not_null_stg_users_user_id.980dfc1b77
[0m18:23:17.694319 [info ] [Thread-1 (]: 16 of 25 START test not_null_stg_users_user_id ................................. [RUN]
[0m18:23:17.695096 [debug] [Thread-1 (]: Re-using an available connection from the pool (formerly test.multi_warehouse_demo.unique_stg_orders_order_id.e3b841c71a, now test.multi_warehouse_demo.not_null_stg_users_user_id.980dfc1b77)
[0m18:23:17.695555 [debug] [Thread-1 (]: Began compiling node test.multi_warehouse_demo.not_null_stg_users_user_id.980dfc1b77
[0m18:23:17.701114 [debug] [Thread-1 (]: Writing injected SQL for node "test.multi_warehouse_demo.not_null_stg_users_user_id.980dfc1b77"
[0m18:23:17.702078 [debug] [Thread-1 (]: Began executing node test.multi_warehouse_demo.not_null_stg_users_user_id.980dfc1b77
[0m18:23:17.704198 [debug] [Thread-1 (]: Writing runtime sql for node "test.multi_warehouse_demo.not_null_stg_users_user_id.980dfc1b77"
[0m18:23:17.705207 [debug] [Thread-1 (]: Using snowflake connection "test.multi_warehouse_demo.not_null_stg_users_user_id.980dfc1b77"
[0m18:23:17.705587 [debug] [Thread-1 (]: On test.multi_warehouse_demo.not_null_stg_users_user_id.980dfc1b77: select
      count(*) as failures,
      count(*) != 0 as should_warn,
      count(*) != 0 as should_error
    from (
      
    
  
    
    



select user_id
from DEMO.ANALYTICS.stg_users
where user_id is null



  
  
      
    ) dbt_internal_test
/* {"app": "dbt", "dbt_version": "1.10.11", "profile_name": "multi_warehouse_demo", "target_name": "snowflake", "node_id": "test.multi_warehouse_demo.not_null_stg_users_user_id.980dfc1b77"} */
[0m18:23:18.015581 [debug] [Thread-1 (]: SQL status: SUCCESS 1 in 0.309 seconds
[0m18:23:18.020321 [info ] [Thread-1 (]: 16 of 25 PASS not_null_stg_users_user_id ....................................... [[32mPASS[0m in 0.32s]
[0m18:23:18.021452 [debug] [Thread-1 (]: Finished running node test.multi_warehouse_demo.not_null_stg_users_user_id.980dfc1b77
[0m18:23:18.022018 [debug] [Thread-1 (]: Began running node test.multi_warehouse_demo.unique_stg_users_user_id.c2ff477e6b
[0m18:23:18.022579 [info ] [Thread-1 (]: 17 of 25 START test unique_stg_users_user_id ................................... [RUN]
[0m18:23:18.023262 [debug] [Thread-1 (]: Re-using an available connection from the pool (formerly test.multi_warehouse_demo.not_null_stg_users_user_id.980dfc1b77, now test.multi_warehouse_demo.unique_stg_users_user_id.c2ff477e6b)
[0m18:23:18.023758 [debug] [Thread-1 (]: Began compiling node test.multi_warehouse_demo.unique_stg_users_user_id.c2ff477e6b
[0m18:23:18.028733 [debug] [Thread-1 (]: Writing injected SQL for node "test.multi_warehouse_demo.unique_stg_users_user_id.c2ff477e6b"
[0m18:23:18.029799 [debug] [Thread-1 (]: Began executing node test.multi_warehouse_demo.unique_stg_users_user_id.c2ff477e6b
[0m18:23:18.033254 [debug] [Thread-1 (]: Writing runtime sql for node "test.multi_warehouse_demo.unique_stg_users_user_id.c2ff477e6b"
[0m18:23:18.034403 [debug] [Thread-1 (]: Using snowflake connection "test.multi_warehouse_demo.unique_stg_users_user_id.c2ff477e6b"
[0m18:23:18.034732 [debug] [Thread-1 (]: On test.multi_warehouse_demo.unique_stg_users_user_id.c2ff477e6b: select
      count(*) as failures,
      count(*) != 0 as should_warn,
      count(*) != 0 as should_error
    from (
      
    
  
    
    

select
    user_id as unique_field,
    count(*) as n_records

from DEMO.ANALYTICS.stg_users
where user_id is not null
group by user_id
having count(*) > 1



  
  
      
    ) dbt_internal_test
/* {"app": "dbt", "dbt_version": "1.10.11", "profile_name": "multi_warehouse_demo", "target_name": "snowflake", "node_id": "test.multi_warehouse_demo.unique_stg_users_user_id.c2ff477e6b"} */
[0m18:23:18.205728 [debug] [Thread-1 (]: SQL status: SUCCESS 1 in 0.170 seconds
[0m18:23:18.210085 [info ] [Thread-1 (]: 17 of 25 PASS unique_stg_users_user_id ......................................... [[32mPASS[0m in 0.19s]
[0m18:23:18.211042 [debug] [Thread-1 (]: Finished running node test.multi_warehouse_demo.unique_stg_users_user_id.c2ff477e6b
[0m18:23:18.211662 [debug] [Thread-1 (]: Began running node model.multi_warehouse_demo.fct_orders
[0m18:23:18.212446 [info ] [Thread-1 (]: 18 of 25 SKIP relation ANALYTICS.fct_orders .................................... [[33mSKIP[0m]
[0m18:23:18.213233 [debug] [Thread-1 (]: Finished running node model.multi_warehouse_demo.fct_orders
[0m18:23:18.213725 [debug] [Thread-1 (]: Began running node model.multi_warehouse_demo.fct_orders_daily
[0m18:23:18.214116 [debug] [Thread-4 (]: Marking all children of 'model.multi_warehouse_demo.fct_orders' to be skipped because of status 'skipped'. 
[0m18:23:18.214600 [info ] [Thread-1 (]: 19 of 25 SKIP relation ANALYTICS.fct_orders_daily .............................. [[33mSKIP[0m]
[0m18:23:18.215323 [debug] [Thread-1 (]: Finished running node model.multi_warehouse_demo.fct_orders_daily
[0m18:23:18.215726 [debug] [Thread-1 (]: Began running node model.multi_warehouse_demo.dim_customers
[0m18:23:18.216042 [debug] [Thread-4 (]: Marking all children of 'model.multi_warehouse_demo.fct_orders_daily' to be skipped because of status 'skipped'. 
[0m18:23:18.216634 [info ] [Thread-1 (]: 20 of 25 START sql view model ANALYTICS.dim_customers .......................... [RUN]
[0m18:23:18.217522 [debug] [Thread-1 (]: Re-using an available connection from the pool (formerly test.multi_warehouse_demo.unique_stg_users_user_id.c2ff477e6b, now model.multi_warehouse_demo.dim_customers)
[0m18:23:18.218095 [debug] [Thread-1 (]: Began compiling node model.multi_warehouse_demo.dim_customers
[0m18:23:18.221938 [debug] [Thread-1 (]: Writing injected SQL for node "model.multi_warehouse_demo.dim_customers"
[0m18:23:18.223280 [debug] [Thread-1 (]: Began executing node model.multi_warehouse_demo.dim_customers
[0m18:23:18.227657 [debug] [Thread-1 (]: Writing runtime sql for node "model.multi_warehouse_demo.dim_customers"
[0m18:23:18.229232 [debug] [Thread-1 (]: Using snowflake connection "model.multi_warehouse_demo.dim_customers"
[0m18:23:18.229637 [debug] [Thread-1 (]: On model.multi_warehouse_demo.dim_customers: create or replace   view DEMO.ANALYTICS.dim_customers
  
  
  
  
  as (
    select
  u.user_id,
  u.email,
  u.country,
  min(o.order_ts)                                    as first_order_ts,
  max(o.order_ts)                                    as last_order_ts,
  count(case when o.status='completed' then 1 end)   as completed_orders
from DEMO.ANALYTICS.stg_users u
left join DEMO.ANALYTICS.stg_orders o
  on o.user_id = u.user_id
group by 1,2,3
  )
/* {"app": "dbt", "dbt_version": "1.10.11", "profile_name": "multi_warehouse_demo", "target_name": "snowflake", "node_id": "model.multi_warehouse_demo.dim_customers"} */;
[0m18:23:18.629763 [debug] [Thread-1 (]: SQL status: SUCCESS 1 in 0.400 seconds
[0m18:23:18.632472 [debug] [Thread-1 (]: Sending event: {'category': 'dbt', 'action': 'run_model', 'label': '8ac841b7-ab03-4398-9047-6c8576c6efa4', 'context': [<snowplow_tracker.self_describing_json.SelfDescribingJson object at 0x10f119fd0>]}
[0m18:23:18.633211 [info ] [Thread-1 (]: 20 of 25 OK created sql view model ANALYTICS.dim_customers ..................... [[32mSUCCESS 1[0m in 0.41s]
[0m18:23:18.633805 [debug] [Thread-1 (]: Finished running node model.multi_warehouse_demo.dim_customers
[0m18:23:18.634196 [debug] [Thread-1 (]: Began running node test.multi_warehouse_demo.not_null_fct_orders_order_amount.ca14a44d1f
[0m18:23:18.634694 [info ] [Thread-1 (]: 21 of 25 SKIP test not_null_fct_orders_order_amount ............................ [[33mSKIP[0m]
[0m18:23:18.635260 [debug] [Thread-1 (]: Finished running node test.multi_warehouse_demo.not_null_fct_orders_order_amount.ca14a44d1f
[0m18:23:18.635663 [debug] [Thread-1 (]: Began running node test.multi_warehouse_demo.not_null_fct_orders_order_id.4e687af8d0
[0m18:23:18.635999 [debug] [Thread-4 (]: Marking all children of 'test.multi_warehouse_demo.not_null_fct_orders_order_amount.ca14a44d1f' to be skipped because of status 'skipped'. 
[0m18:23:18.636351 [info ] [Thread-1 (]: 22 of 25 SKIP test not_null_fct_orders_order_id ................................ [[33mSKIP[0m]
[0m18:23:18.636811 [debug] [Thread-1 (]: Finished running node test.multi_warehouse_demo.not_null_fct_orders_order_id.4e687af8d0
[0m18:23:18.637166 [debug] [Thread-1 (]: Began running node test.multi_warehouse_demo.unique_fct_orders_order_id.523ddb6ce5
[0m18:23:18.637457 [debug] [Thread-4 (]: Marking all children of 'test.multi_warehouse_demo.not_null_fct_orders_order_id.4e687af8d0' to be skipped because of status 'skipped'. 
[0m18:23:18.637824 [info ] [Thread-1 (]: 23 of 25 SKIP test unique_fct_orders_order_id .................................. [[33mSKIP[0m]
[0m18:23:18.638338 [debug] [Thread-1 (]: Finished running node test.multi_warehouse_demo.unique_fct_orders_order_id.523ddb6ce5
[0m18:23:18.638794 [debug] [Thread-1 (]: Began running node test.multi_warehouse_demo.not_null_dim_customers_user_id.d6a844546c
[0m18:23:18.639115 [debug] [Thread-4 (]: Marking all children of 'test.multi_warehouse_demo.unique_fct_orders_order_id.523ddb6ce5' to be skipped because of status 'skipped'. 
[0m18:23:18.639474 [info ] [Thread-1 (]: 24 of 25 START test not_null_dim_customers_user_id ............................. [RUN]
[0m18:23:18.640180 [debug] [Thread-1 (]: Re-using an available connection from the pool (formerly model.multi_warehouse_demo.dim_customers, now test.multi_warehouse_demo.not_null_dim_customers_user_id.d6a844546c)
[0m18:23:18.640521 [debug] [Thread-1 (]: Began compiling node test.multi_warehouse_demo.not_null_dim_customers_user_id.d6a844546c
[0m18:23:18.644391 [debug] [Thread-1 (]: Writing injected SQL for node "test.multi_warehouse_demo.not_null_dim_customers_user_id.d6a844546c"
[0m18:23:18.645277 [debug] [Thread-1 (]: Began executing node test.multi_warehouse_demo.not_null_dim_customers_user_id.d6a844546c
[0m18:23:18.647482 [debug] [Thread-1 (]: Writing runtime sql for node "test.multi_warehouse_demo.not_null_dim_customers_user_id.d6a844546c"
[0m18:23:18.648312 [debug] [Thread-1 (]: Using snowflake connection "test.multi_warehouse_demo.not_null_dim_customers_user_id.d6a844546c"
[0m18:23:18.648592 [debug] [Thread-1 (]: On test.multi_warehouse_demo.not_null_dim_customers_user_id.d6a844546c: select
      count(*) as failures,
      count(*) != 0 as should_warn,
      count(*) != 0 as should_error
    from (
      
    
  
    
    



select user_id
from DEMO.ANALYTICS.dim_customers
where user_id is null



  
  
      
    ) dbt_internal_test
/* {"app": "dbt", "dbt_version": "1.10.11", "profile_name": "multi_warehouse_demo", "target_name": "snowflake", "node_id": "test.multi_warehouse_demo.not_null_dim_customers_user_id.d6a844546c"} */
[0m18:23:18.878638 [debug] [Thread-1 (]: SQL status: SUCCESS 1 in 0.229 seconds
[0m18:23:18.882596 [info ] [Thread-1 (]: 24 of 25 PASS not_null_dim_customers_user_id ................................... [[32mPASS[0m in 0.24s]
[0m18:23:18.883473 [debug] [Thread-1 (]: Finished running node test.multi_warehouse_demo.not_null_dim_customers_user_id.d6a844546c
[0m18:23:18.883930 [debug] [Thread-1 (]: Began running node test.multi_warehouse_demo.unique_dim_customers_user_id.a4ad18eff3
[0m18:23:18.884451 [info ] [Thread-1 (]: 25 of 25 START test unique_dim_customers_user_id ............................... [RUN]
[0m18:23:18.885045 [debug] [Thread-1 (]: Re-using an available connection from the pool (formerly test.multi_warehouse_demo.not_null_dim_customers_user_id.d6a844546c, now test.multi_warehouse_demo.unique_dim_customers_user_id.a4ad18eff3)
[0m18:23:18.885499 [debug] [Thread-1 (]: Began compiling node test.multi_warehouse_demo.unique_dim_customers_user_id.a4ad18eff3
[0m18:23:18.890378 [debug] [Thread-1 (]: Writing injected SQL for node "test.multi_warehouse_demo.unique_dim_customers_user_id.a4ad18eff3"
[0m18:23:18.891229 [debug] [Thread-1 (]: Began executing node test.multi_warehouse_demo.unique_dim_customers_user_id.a4ad18eff3
[0m18:23:18.893696 [debug] [Thread-1 (]: Writing runtime sql for node "test.multi_warehouse_demo.unique_dim_customers_user_id.a4ad18eff3"
[0m18:23:18.894891 [debug] [Thread-1 (]: Using snowflake connection "test.multi_warehouse_demo.unique_dim_customers_user_id.a4ad18eff3"
[0m18:23:18.895291 [debug] [Thread-1 (]: On test.multi_warehouse_demo.unique_dim_customers_user_id.a4ad18eff3: select
      count(*) as failures,
      count(*) != 0 as should_warn,
      count(*) != 0 as should_error
    from (
      
    
  
    
    

select
    user_id as unique_field,
    count(*) as n_records

from DEMO.ANALYTICS.dim_customers
where user_id is not null
group by user_id
having count(*) > 1



  
  
      
    ) dbt_internal_test
/* {"app": "dbt", "dbt_version": "1.10.11", "profile_name": "multi_warehouse_demo", "target_name": "snowflake", "node_id": "test.multi_warehouse_demo.unique_dim_customers_user_id.a4ad18eff3"} */
[0m18:23:19.346853 [debug] [Thread-1 (]: SQL status: SUCCESS 1 in 0.451 seconds
[0m18:23:19.351481 [info ] [Thread-1 (]: 25 of 25 PASS unique_dim_customers_user_id ..................................... [[32mPASS[0m in 0.47s]
[0m18:23:19.352410 [debug] [Thread-1 (]: Finished running node test.multi_warehouse_demo.unique_dim_customers_user_id.a4ad18eff3
[0m18:23:19.354071 [debug] [MainThread]: Connection 'master' was properly closed.
[0m18:23:19.354449 [debug] [MainThread]: Connection 'test.multi_warehouse_demo.unique_dim_customers_user_id.a4ad18eff3' was left open.
[0m18:23:19.354802 [debug] [MainThread]: On test.multi_warehouse_demo.unique_dim_customers_user_id.a4ad18eff3: Close
[0m18:23:19.961746 [info ] [MainThread]: 
[0m18:23:19.962462 [info ] [MainThread]: Finished running 2 incremental models, 4 seeds, 1 snapshot, 14 data tests, 4 view models in 0 hours 0 minutes and 14.99 seconds (14.99s).
[0m18:23:19.966012 [debug] [MainThread]: Command end result
[0m18:23:19.994602 [debug] [MainThread]: Wrote artifact WritableManifest to /Users/austinabrahamanjiparambilhayis/Documents/repos/dbt-multi-warehouse-demo/target/manifest.json
[0m18:23:19.996115 [debug] [MainThread]: Wrote artifact SemanticManifest to /Users/austinabrahamanjiparambilhayis/Documents/repos/dbt-multi-warehouse-demo/target/semantic_manifest.json
[0m18:23:20.001546 [debug] [MainThread]: Wrote artifact RunExecutionResult to /Users/austinabrahamanjiparambilhayis/Documents/repos/dbt-multi-warehouse-demo/target/run_results.json
[0m18:23:20.001834 [info ] [MainThread]: 
[0m18:23:20.002104 [info ] [MainThread]: [31mCompleted with 1 error, 0 partial successes, and 0 warnings:[0m
[0m18:23:20.002331 [info ] [MainThread]: 
[0m18:23:20.002605 [error] [MainThread]: [31mFailure in test relationships_stg_order_items_qty__order_id__ref_stg_orders_ (models/staging/staging.yml)[0m
[0m18:23:20.002868 [error] [MainThread]:   Got 8 results, configured to fail if != 0
[0m18:23:20.003057 [info ] [MainThread]: 
[0m18:23:20.003299 [info ] [MainThread]:   compiled code at target/compiled/multi_warehouse_demo/models/staging/staging.yml/relationships_stg_order_items_qty__order_id__ref_stg_orders_.sql
[0m18:23:20.003515 [info ] [MainThread]: 
[0m18:23:20.003740 [info ] [MainThread]: Done. PASS=19 WARN=0 ERROR=1 SKIP=5 NO-OP=0 TOTAL=25
[0m18:23:20.004152 [warn ] [MainThread]: [[33mWARNING[0m][DeprecationsSummary]: Deprecated functionality
Summary of encountered deprecations:
- MissingArgumentsPropertyInGenericTestDeprecation: 2 occurrences
To see all deprecation instances instead of just the first occurrence of each,
run command again with the `--show-all-deprecations` flag. You may also need to
run with `--no-partial-parse` as some deprecations are only encountered during
parsing.
[0m18:23:20.006623 [debug] [MainThread]: Resource report: {"command_name": "build", "command_success": false, "command_wall_clock_time": 17.228207, "process_in_blocks": "0", "process_kernel_time": 0.452178, "process_mem_max_rss": "184631296", "process_out_blocks": "0", "process_user_time": 4.031964}
[0m18:23:20.007061 [debug] [MainThread]: Command `dbt build` failed at 18:23:20.006952 after 17.23 seconds
[0m18:23:20.007422 [debug] [MainThread]: Sending event: {'category': 'dbt', 'action': 'invocation', 'label': 'end', 'context': [<snowplow_tracker.self_describing_json.SelfDescribingJson object at 0x10f11a0f0>, <snowplow_tracker.self_describing_json.SelfDescribingJson object at 0x10bf89eb0>, <snowplow_tracker.self_describing_json.SelfDescribingJson object at 0x106228530>]}
[0m18:23:20.007718 [debug] [MainThread]: Flushing usage events
[0m18:23:20.537539 [debug] [MainThread]: An error was encountered while trying to flush usage events
[0m18:27:57.763712 [debug] [MainThread]: Sending event: {'category': 'dbt', 'action': 'invocation', 'label': 'start', 'context': [<snowplow_tracker.self_describing_json.SelfDescribingJson object at 0x107c0c050>, <snowplow_tracker.self_describing_json.SelfDescribingJson object at 0x11166f610>, <snowplow_tracker.self_describing_json.SelfDescribingJson object at 0x11166f890>]}


============================== 18:27:57.768037 | f550b5af-8bac-4167-a74b-568640f4ff08 ==============================
[0m18:27:57.768037 [info ] [MainThread]: Running with dbt=1.10.11
[0m18:27:57.768537 [debug] [MainThread]: running dbt with arguments {'empty': 'False', 'send_anonymous_usage_stats': 'True', 'partial_parse': 'True', 'static_parser': 'True', 'no_print': 'None', 'warn_error': 'None', 'printer_width': '80', 'log_format': 'default', 'log_cache_events': 'False', 'use_experimental_parser': 'False', 'fail_fast': 'False', 'indirect_selection': 'eager', 'invocation_command': 'dbt build --target snowflake', 'target_path': 'None', 'profiles_dir': '/Users/austinabrahamanjiparambilhayis/.dbt', 'cache_selected_only': 'False', 'debug': 'False', 'use_colors': 'True', 'version_check': 'True', 'quiet': 'False', 'introspect': 'True', 'log_path': '/Users/austinabrahamanjiparambilhayis/Documents/repos/dbt-multi-warehouse-demo/logs', 'warn_error_options': 'WarnErrorOptionsV2(error=[], warn=[], silence=[])', 'write_json': 'True'}
[0m18:27:58.201064 [debug] [MainThread]: Sending event: {'category': 'dbt', 'action': 'project_id', 'label': 'f550b5af-8bac-4167-a74b-568640f4ff08', 'context': [<snowplow_tracker.self_describing_json.SelfDescribingJson object at 0x107d63a80>]}
[0m18:27:58.248922 [debug] [MainThread]: Sending event: {'category': 'dbt', 'action': 'adapter_info', 'label': 'f550b5af-8bac-4167-a74b-568640f4ff08', 'context': [<snowplow_tracker.self_describing_json.SelfDescribingJson object at 0x11233fdf0>]}
[0m18:27:58.249718 [info ] [MainThread]: Registered adapter: snowflake=1.10.2
[0m18:27:58.346423 [debug] [MainThread]: checksum: 4b2932c454f70de800a6273c3b863cdea123318ee929078b65e5e487dd3470c0, vars: {}, profile: , target: snowflake, version: 1.10.11
[0m18:27:58.490513 [debug] [MainThread]: Partial parsing enabled: 0 files deleted, 0 files added, 1 files changed.
[0m18:27:58.491141 [debug] [MainThread]: Partial parsing: updated file: multi_warehouse_demo://models/staging/staging.yml
[0m18:27:58.758551 [warn ] [MainThread]: [[33mWARNING[0m][MissingArgumentsPropertyInGenericTestDeprecation]: Deprecated
functionality
Found top-level arguments to test `relationships`. Arguments to generic tests
should be nested under the `arguments` property.`
[0m18:27:58.758988 [debug] [MainThread]: Sending event: {'category': 'dbt', 'action': 'deprecation', 'label': 'f550b5af-8bac-4167-a74b-568640f4ff08', 'property_': 'warn', 'context': [<snowplow_tracker.self_describing_json.SelfDescribingJson object at 0x112c3f250>]}
[0m18:27:58.853008 [debug] [MainThread]: Sending event: {'category': 'dbt', 'action': 'load_project', 'label': 'f550b5af-8bac-4167-a74b-568640f4ff08', 'context': [<snowplow_tracker.self_describing_json.SelfDescribingJson object at 0x112c27e30>]}
[0m18:27:58.943429 [debug] [MainThread]: Wrote artifact WritableManifest to /Users/austinabrahamanjiparambilhayis/Documents/repos/dbt-multi-warehouse-demo/target/manifest.json
[0m18:27:58.945539 [debug] [MainThread]: Wrote artifact SemanticManifest to /Users/austinabrahamanjiparambilhayis/Documents/repos/dbt-multi-warehouse-demo/target/semantic_manifest.json
[0m18:27:58.974879 [debug] [MainThread]: Sending event: {'category': 'dbt', 'action': 'resource_counts', 'label': 'f550b5af-8bac-4167-a74b-568640f4ff08', 'context': [<snowplow_tracker.self_describing_json.SelfDescribingJson object at 0x1127e2f90>]}
[0m18:27:58.975252 [info ] [MainThread]: Found 6 models, 1 snapshot, 4 seeds, 14 data tests, 4 sources, 480 macros
[0m18:27:58.977782 [info ] [MainThread]: 
[0m18:27:58.978061 [info ] [MainThread]: Concurrency: 1 threads (target='snowflake')
[0m18:27:58.978270 [info ] [MainThread]: 
[0m18:27:58.978617 [debug] [MainThread]: Acquiring new snowflake connection 'master'
[0m18:27:58.982718 [debug] [ThreadPool]: Acquiring new snowflake connection 'list_DEMO'
[0m18:27:59.031700 [debug] [ThreadPool]: Using snowflake connection "list_DEMO"
[0m18:27:59.032009 [debug] [ThreadPool]: On list_DEMO: show terse schemas in database DEMO
    limit 10000
/* {"app": "dbt", "dbt_version": "1.10.11", "profile_name": "multi_warehouse_demo", "target_name": "snowflake", "connection_name": "list_DEMO"} */
[0m18:27:59.032247 [debug] [ThreadPool]: Opening a new connection, currently in state init
[0m18:27:59.827395 [debug] [ThreadPool]: SQL status: SUCCESS 4 in 0.795 seconds
[0m18:27:59.832773 [debug] [ThreadPool]: Using snowflake connection "list_DEMO"
[0m18:27:59.833189 [debug] [ThreadPool]: On list_DEMO: show terse schemas in database DEMO
    limit 10000
/* {"app": "dbt", "dbt_version": "1.10.11", "profile_name": "multi_warehouse_demo", "target_name": "snowflake", "connection_name": "list_DEMO"} */
[0m18:27:59.899583 [debug] [ThreadPool]: SQL status: SUCCESS 4 in 0.066 seconds
[0m18:27:59.904792 [debug] [ThreadPool]: Re-using an available connection from the pool (formerly list_DEMO, now list_DEMO_analytics_snapshots)
[0m18:27:59.922711 [debug] [ThreadPool]: Using snowflake connection "list_DEMO_analytics_snapshots"
[0m18:27:59.923093 [debug] [ThreadPool]: On list_DEMO_analytics_snapshots: show objects in DEMO.analytics_snapshots
    limit 10000
    

/* {"app": "dbt", "dbt_version": "1.10.11", "profile_name": "multi_warehouse_demo", "target_name": "snowflake", "connection_name": "list_DEMO_analytics_snapshots"} */;
[0m18:28:00.055369 [debug] [ThreadPool]: SQL status: SUCCESS 1 in 0.132 seconds
[0m18:28:00.057096 [debug] [ThreadPool]: Re-using an available connection from the pool (formerly list_DEMO_analytics_snapshots, now list_DEMO_ANALYTICS)
[0m18:28:00.059547 [debug] [ThreadPool]: Using snowflake connection "list_DEMO_ANALYTICS"
[0m18:28:00.059818 [debug] [ThreadPool]: On list_DEMO_ANALYTICS: show objects in DEMO.ANALYTICS
    limit 10000
    

/* {"app": "dbt", "dbt_version": "1.10.11", "profile_name": "multi_warehouse_demo", "target_name": "snowflake", "connection_name": "list_DEMO_ANALYTICS"} */;
[0m18:28:00.168236 [debug] [ThreadPool]: SQL status: SUCCESS 8 in 0.108 seconds
[0m18:28:00.173403 [debug] [MainThread]: Sending event: {'category': 'dbt', 'action': 'runnable_timing', 'label': 'f550b5af-8bac-4167-a74b-568640f4ff08', 'context': [<snowplow_tracker.self_describing_json.SelfDescribingJson object at 0x114cf3c70>]}
[0m18:28:00.177736 [debug] [Thread-1 (]: Began running node model.multi_warehouse_demo.stg_order_items
[0m18:28:00.178490 [info ] [Thread-1 (]: 1 of 25 START sql view model ANALYTICS.stg_order_items ......................... [RUN]
[0m18:28:00.179061 [debug] [Thread-1 (]: Re-using an available connection from the pool (formerly list_DEMO_ANALYTICS, now model.multi_warehouse_demo.stg_order_items)
[0m18:28:00.179495 [debug] [Thread-1 (]: Began compiling node model.multi_warehouse_demo.stg_order_items
[0m18:28:00.188538 [debug] [Thread-1 (]: Writing injected SQL for node "model.multi_warehouse_demo.stg_order_items"
[0m18:28:00.189419 [debug] [Thread-1 (]: Began executing node model.multi_warehouse_demo.stg_order_items
[0m18:28:00.215394 [debug] [Thread-1 (]: Writing runtime sql for node "model.multi_warehouse_demo.stg_order_items"
[0m18:28:00.216483 [debug] [Thread-1 (]: Using snowflake connection "model.multi_warehouse_demo.stg_order_items"
[0m18:28:00.216809 [debug] [Thread-1 (]: On model.multi_warehouse_demo.stg_order_items: create or replace   view DEMO.ANALYTICS.stg_order_items
  
  
  
  
  as (
    with src as (
  select * from DEMO.analytics.raw_order_items
)
select
  cast(order_id as integer)          as order_id,
  sku,
  cast(qty as integer)               as qty,
  cast(unit_price as decimal(10,2))  as unit_price
from src
  )
/* {"app": "dbt", "dbt_version": "1.10.11", "profile_name": "multi_warehouse_demo", "target_name": "snowflake", "node_id": "model.multi_warehouse_demo.stg_order_items"} */;
[0m18:28:00.423062 [debug] [Thread-1 (]: SQL status: SUCCESS 1 in 0.206 seconds
[0m18:28:00.454488 [debug] [Thread-1 (]: Sending event: {'category': 'dbt', 'action': 'run_model', 'label': 'f550b5af-8bac-4167-a74b-568640f4ff08', 'context': [<snowplow_tracker.self_describing_json.SelfDescribingJson object at 0x1155a0c50>]}
[0m18:28:00.455091 [info ] [Thread-1 (]: 1 of 25 OK created sql view model ANALYTICS.stg_order_items .................... [[32mSUCCESS 1[0m in 0.27s]
[0m18:28:00.455561 [debug] [Thread-1 (]: Finished running node model.multi_warehouse_demo.stg_order_items
[0m18:28:00.455874 [debug] [Thread-1 (]: Began running node model.multi_warehouse_demo.stg_orders
[0m18:28:00.456313 [info ] [Thread-1 (]: 2 of 25 START sql incremental model ANALYTICS.stg_orders ....................... [RUN]
[0m18:28:00.456782 [debug] [Thread-1 (]: Re-using an available connection from the pool (formerly model.multi_warehouse_demo.stg_order_items, now model.multi_warehouse_demo.stg_orders)
[0m18:28:00.457132 [debug] [Thread-1 (]: Began compiling node model.multi_warehouse_demo.stg_orders
[0m18:28:00.465153 [debug] [Thread-1 (]: Writing injected SQL for node "model.multi_warehouse_demo.stg_orders"
[0m18:28:00.465959 [debug] [Thread-1 (]: Began executing node model.multi_warehouse_demo.stg_orders
[0m18:28:00.495639 [debug] [Thread-1 (]: Using snowflake connection "model.multi_warehouse_demo.stg_orders"
[0m18:28:00.495984 [debug] [Thread-1 (]: On model.multi_warehouse_demo.stg_orders: create or replace  temporary view DEMO.ANALYTICS.stg_orders__dbt_tmp
  
  
  
  
  as (
    

with src as (
  select * from DEMO.analytics.raw_orders
)

select
  cast(order_id as integer)          as order_id,
  cast(user_id as integer)           as user_id,
  cast(order_ts as timestamp)        as order_ts,
  status
from src

  where order_ts > (select coalesce(max(order_ts), '1900-01-01') from DEMO.ANALYTICS.stg_orders)


-- Optional bounded window using vars

  )
/* {"app": "dbt", "dbt_version": "1.10.11", "profile_name": "multi_warehouse_demo", "target_name": "snowflake", "node_id": "model.multi_warehouse_demo.stg_orders"} */;
[0m18:28:00.943353 [debug] [Thread-1 (]: SQL status: SUCCESS 1 in 0.446 seconds
[0m18:28:00.956652 [debug] [Thread-1 (]: Using snowflake connection "model.multi_warehouse_demo.stg_orders"
[0m18:28:00.957117 [debug] [Thread-1 (]: On model.multi_warehouse_demo.stg_orders: describe table DEMO.ANALYTICS.stg_orders__dbt_tmp
/* {"app": "dbt", "dbt_version": "1.10.11", "profile_name": "multi_warehouse_demo", "target_name": "snowflake", "node_id": "model.multi_warehouse_demo.stg_orders"} */
[0m18:28:01.037219 [debug] [Thread-1 (]: SQL status: SUCCESS 4 in 0.079 seconds
[0m18:28:01.042645 [debug] [Thread-1 (]: Using snowflake connection "model.multi_warehouse_demo.stg_orders"
[0m18:28:01.043123 [debug] [Thread-1 (]: On model.multi_warehouse_demo.stg_orders: describe table DEMO.ANALYTICS.stg_orders
/* {"app": "dbt", "dbt_version": "1.10.11", "profile_name": "multi_warehouse_demo", "target_name": "snowflake", "node_id": "model.multi_warehouse_demo.stg_orders"} */
[0m18:28:01.155810 [debug] [Thread-1 (]: SQL status: SUCCESS 4 in 0.112 seconds
[0m18:28:01.168655 [debug] [Thread-1 (]: Using snowflake connection "model.multi_warehouse_demo.stg_orders"
[0m18:28:01.169126 [debug] [Thread-1 (]: On model.multi_warehouse_demo.stg_orders: describe table "DEMO"."ANALYTICS"."STG_ORDERS"
/* {"app": "dbt", "dbt_version": "1.10.11", "profile_name": "multi_warehouse_demo", "target_name": "snowflake", "node_id": "model.multi_warehouse_demo.stg_orders"} */
[0m18:28:01.239057 [debug] [Thread-1 (]: SQL status: SUCCESS 4 in 0.069 seconds
[0m18:28:01.278718 [debug] [Thread-1 (]: Writing runtime sql for node "model.multi_warehouse_demo.stg_orders"
[0m18:28:01.279824 [debug] [Thread-1 (]: Using snowflake connection "model.multi_warehouse_demo.stg_orders"
[0m18:28:01.280107 [debug] [Thread-1 (]: On model.multi_warehouse_demo.stg_orders: -- back compat for old kwarg name
  
  begin
/* {"app": "dbt", "dbt_version": "1.10.11", "profile_name": "multi_warehouse_demo", "target_name": "snowflake", "node_id": "model.multi_warehouse_demo.stg_orders"} */;
[0m18:28:01.458743 [debug] [Thread-1 (]: SQL status: SUCCESS 1 in 0.178 seconds
[0m18:28:01.460178 [debug] [Thread-1 (]: Using snowflake connection "model.multi_warehouse_demo.stg_orders"
[0m18:28:01.461222 [debug] [Thread-1 (]: On model.multi_warehouse_demo.stg_orders: merge into DEMO.ANALYTICS.stg_orders as DBT_INTERNAL_DEST
        using DEMO.ANALYTICS.stg_orders__dbt_tmp as DBT_INTERNAL_SOURCE
        on ((DBT_INTERNAL_SOURCE.order_id = DBT_INTERNAL_DEST.order_id))

    
    when matched then update set
        "ORDER_ID" = DBT_INTERNAL_SOURCE."ORDER_ID","USER_ID" = DBT_INTERNAL_SOURCE."USER_ID","ORDER_TS" = DBT_INTERNAL_SOURCE."ORDER_TS","STATUS" = DBT_INTERNAL_SOURCE."STATUS"
    

    when not matched then insert
        ("ORDER_ID", "USER_ID", "ORDER_TS", "STATUS")
    values
        ("ORDER_ID", "USER_ID", "ORDER_TS", "STATUS")


/* {"app": "dbt", "dbt_version": "1.10.11", "profile_name": "multi_warehouse_demo", "target_name": "snowflake", "node_id": "model.multi_warehouse_demo.stg_orders"} */;
[0m18:28:02.116991 [debug] [Thread-1 (]: SQL status: SUCCESS 0 in 0.655 seconds
[0m18:28:02.118109 [debug] [Thread-1 (]: Using snowflake connection "model.multi_warehouse_demo.stg_orders"
[0m18:28:02.118669 [debug] [Thread-1 (]: On model.multi_warehouse_demo.stg_orders: COMMIT
/* {"app": "dbt", "dbt_version": "1.10.11", "profile_name": "multi_warehouse_demo", "target_name": "snowflake", "node_id": "model.multi_warehouse_demo.stg_orders"} */
[0m18:28:02.479947 [debug] [Thread-1 (]: SQL status: SUCCESS 1 in 0.359 seconds
[0m18:28:02.493828 [debug] [Thread-1 (]: Applying DROP to: DEMO.ANALYTICS.stg_orders__dbt_tmp
[0m18:28:02.501246 [debug] [Thread-1 (]: Using snowflake connection "model.multi_warehouse_demo.stg_orders"
[0m18:28:02.501627 [debug] [Thread-1 (]: On model.multi_warehouse_demo.stg_orders: drop view if exists DEMO.ANALYTICS.stg_orders__dbt_tmp cascade
/* {"app": "dbt", "dbt_version": "1.10.11", "profile_name": "multi_warehouse_demo", "target_name": "snowflake", "node_id": "model.multi_warehouse_demo.stg_orders"} */
[0m18:28:02.609455 [debug] [Thread-1 (]: SQL status: SUCCESS 1 in 0.107 seconds
[0m18:28:02.613617 [debug] [Thread-1 (]: Sending event: {'category': 'dbt', 'action': 'run_model', 'label': 'f550b5af-8bac-4167-a74b-568640f4ff08', 'context': [<snowplow_tracker.self_describing_json.SelfDescribingJson object at 0x11554b3e0>]}
[0m18:28:02.614518 [info ] [Thread-1 (]: 2 of 25 OK created sql incremental model ANALYTICS.stg_orders .................. [[32mSUCCESS 0[0m in 2.16s]
[0m18:28:02.615173 [debug] [Thread-1 (]: Finished running node model.multi_warehouse_demo.stg_orders
[0m18:28:02.615574 [debug] [Thread-1 (]: Began running node model.multi_warehouse_demo.stg_users
[0m18:28:02.616193 [info ] [Thread-1 (]: 3 of 25 START sql view model ANALYTICS.stg_users ............................... [RUN]
[0m18:28:02.616818 [debug] [Thread-1 (]: Re-using an available connection from the pool (formerly model.multi_warehouse_demo.stg_orders, now model.multi_warehouse_demo.stg_users)
[0m18:28:02.617173 [debug] [Thread-1 (]: Began compiling node model.multi_warehouse_demo.stg_users
[0m18:28:02.620716 [debug] [Thread-1 (]: Writing injected SQL for node "model.multi_warehouse_demo.stg_users"
[0m18:28:02.622315 [debug] [Thread-1 (]: Began executing node model.multi_warehouse_demo.stg_users
[0m18:28:02.624602 [debug] [Thread-1 (]: Writing runtime sql for node "model.multi_warehouse_demo.stg_users"
[0m18:28:02.625545 [debug] [Thread-1 (]: Using snowflake connection "model.multi_warehouse_demo.stg_users"
[0m18:28:02.625875 [debug] [Thread-1 (]: On model.multi_warehouse_demo.stg_users: create or replace   view DEMO.ANALYTICS.stg_users
  
  
  
  
  as (
    with src as (
  select * from DEMO.analytics.raw_users
)
select
  cast(user_id as integer)           as user_id,
  lower(email)                       as email,
  country,
  cast(created_at as timestamp)      as created_at
from src
  )
/* {"app": "dbt", "dbt_version": "1.10.11", "profile_name": "multi_warehouse_demo", "target_name": "snowflake", "node_id": "model.multi_warehouse_demo.stg_users"} */;
[0m18:28:02.793808 [debug] [Thread-1 (]: SQL status: SUCCESS 1 in 0.167 seconds
[0m18:28:02.798370 [debug] [Thread-1 (]: Sending event: {'category': 'dbt', 'action': 'run_model', 'label': 'f550b5af-8bac-4167-a74b-568640f4ff08', 'context': [<snowplow_tracker.self_describing_json.SelfDescribingJson object at 0x11680cb90>]}
[0m18:28:02.799209 [info ] [Thread-1 (]: 3 of 25 OK created sql view model ANALYTICS.stg_users .......................... [[32mSUCCESS 1[0m in 0.18s]
[0m18:28:02.799901 [debug] [Thread-1 (]: Finished running node model.multi_warehouse_demo.stg_users
[0m18:28:02.800388 [debug] [Thread-1 (]: Began running node seed.multi_warehouse_demo.raw_order_items
[0m18:28:02.801007 [info ] [Thread-1 (]: 4 of 25 START seed file ANALYTICS.raw_order_items .............................. [RUN]
[0m18:28:02.801578 [debug] [Thread-1 (]: Re-using an available connection from the pool (formerly model.multi_warehouse_demo.stg_users, now seed.multi_warehouse_demo.raw_order_items)
[0m18:28:02.801937 [debug] [Thread-1 (]: Began compiling node seed.multi_warehouse_demo.raw_order_items
[0m18:28:02.802258 [debug] [Thread-1 (]: Began executing node seed.multi_warehouse_demo.raw_order_items
[0m18:28:02.829500 [debug] [Thread-1 (]: Using snowflake connection "seed.multi_warehouse_demo.raw_order_items"
[0m18:28:02.829854 [debug] [Thread-1 (]: On seed.multi_warehouse_demo.raw_order_items: BEGIN
/* {"app": "dbt", "dbt_version": "1.10.11", "profile_name": "multi_warehouse_demo", "target_name": "snowflake", "node_id": "seed.multi_warehouse_demo.raw_order_items"} */
[0m18:28:02.914840 [debug] [Thread-1 (]: SQL status: SUCCESS 1 in 0.085 seconds
[0m18:28:02.915353 [debug] [Thread-1 (]: Using snowflake connection "seed.multi_warehouse_demo.raw_order_items"
[0m18:28:02.915806 [debug] [Thread-1 (]: On seed.multi_warehouse_demo.raw_order_items: truncate table "DEMO"."ANALYTICS"."RAW_ORDER_ITEMS"
  
/* {"app": "dbt", "dbt_version": "1.10.11", "profile_name": "multi_warehouse_demo", "target_name": "snowflake", "node_id": "seed.multi_warehouse_demo.raw_order_items"} */;
[0m18:28:03.173917 [debug] [Thread-1 (]: SQL status: SUCCESS 1 in 0.257 seconds
[0m18:28:03.174910 [debug] [Thread-1 (]: Using snowflake connection "seed.multi_warehouse_demo.raw_order_items"
[0m18:28:03.175355 [debug] [Thread-1 (]: On seed.multi_warehouse_demo.raw_order_items: COMMIT
/* {"app": "dbt", "dbt_version": "1.10.11", "profile_name": "multi_warehouse_demo", "target_name": "snowflake", "node_id": "seed.multi_warehouse_demo.raw_order_items"} */
[0m18:28:03.438114 [debug] [Thread-1 (]: SQL status: SUCCESS 1 in 0.262 seconds
[0m18:28:03.457537 [debug] [Thread-1 (]: Using snowflake connection "seed.multi_warehouse_demo.raw_order_items"
[0m18:28:03.457883 [debug] [Thread-1 (]: On seed.multi_warehouse_demo.raw_order_items: BEGIN
/* {"app": "dbt", "dbt_version": "1.10.11", "profile_name": "multi_warehouse_demo", "target_name": "snowflake", "node_id": "seed.multi_warehouse_demo.raw_order_items"} */
[0m18:28:03.526099 [debug] [Thread-1 (]: SQL status: SUCCESS 1 in 0.068 seconds
[0m18:28:03.527212 [debug] [Thread-1 (]: Using snowflake connection "seed.multi_warehouse_demo.raw_order_items"
[0m18:28:03.527784 [debug] [Thread-1 (]: On seed.multi_warehouse_demo.raw_order_items: insert into DEMO.ANALYTICS.raw_order_items (order_id, sku, qty, unit_price) values
            (%s,%s,%s,%s),(%s,%s,%s,%s),(%s,%s,%s,%s),(%s,%s,%s,%s),(%s,%s,%s,%s),(%s,%s,%s,%s),(%s,%s,%s,%s),(%s,%s,%s,%s)
/* {"app": "dbt", "dbt_version": "1.10.11", "profile_name": "multi_warehouse_demo", "target_name": "snowflake", "node_id": "seed.multi_warehouse_demo.raw_order_items"} */...
[0m18:28:03.831314 [debug] [Thread-1 (]: SQL status: SUCCESS 8 in 0.303 seconds
[0m18:28:03.832639 [debug] [Thread-1 (]: Using snowflake connection "seed.multi_warehouse_demo.raw_order_items"
[0m18:28:03.833193 [debug] [Thread-1 (]: On seed.multi_warehouse_demo.raw_order_items: COMMIT
/* {"app": "dbt", "dbt_version": "1.10.11", "profile_name": "multi_warehouse_demo", "target_name": "snowflake", "node_id": "seed.multi_warehouse_demo.raw_order_items"} */
[0m18:28:04.430922 [debug] [Thread-1 (]: SQL status: SUCCESS 1 in 0.597 seconds
[0m18:28:04.440401 [debug] [Thread-1 (]: Writing runtime SQL for node "seed.multi_warehouse_demo.raw_order_items"
[0m18:28:04.442852 [debug] [Thread-1 (]: Sending event: {'category': 'dbt', 'action': 'run_model', 'label': 'f550b5af-8bac-4167-a74b-568640f4ff08', 'context': [<snowplow_tracker.self_describing_json.SelfDescribingJson object at 0x115665ed0>]}
[0m18:28:04.443345 [info ] [Thread-1 (]: 4 of 25 OK loaded seed file ANALYTICS.raw_order_items .......................... [[32mINSERT 8[0m in 1.64s]
[0m18:28:04.443796 [debug] [Thread-1 (]: Finished running node seed.multi_warehouse_demo.raw_order_items
[0m18:28:04.444084 [debug] [Thread-1 (]: Began running node seed.multi_warehouse_demo.raw_orders
[0m18:28:04.444504 [info ] [Thread-1 (]: 5 of 25 START seed file ANALYTICS.raw_orders ................................... [RUN]
[0m18:28:04.444867 [debug] [Thread-1 (]: Re-using an available connection from the pool (formerly seed.multi_warehouse_demo.raw_order_items, now seed.multi_warehouse_demo.raw_orders)
[0m18:28:04.445140 [debug] [Thread-1 (]: Began compiling node seed.multi_warehouse_demo.raw_orders
[0m18:28:04.445398 [debug] [Thread-1 (]: Began executing node seed.multi_warehouse_demo.raw_orders
[0m18:28:04.450044 [debug] [Thread-1 (]: Using snowflake connection "seed.multi_warehouse_demo.raw_orders"
[0m18:28:04.450389 [debug] [Thread-1 (]: On seed.multi_warehouse_demo.raw_orders: BEGIN
/* {"app": "dbt", "dbt_version": "1.10.11", "profile_name": "multi_warehouse_demo", "target_name": "snowflake", "node_id": "seed.multi_warehouse_demo.raw_orders"} */
[0m18:28:04.526801 [debug] [Thread-1 (]: SQL status: SUCCESS 1 in 0.076 seconds
[0m18:28:04.527561 [debug] [Thread-1 (]: Using snowflake connection "seed.multi_warehouse_demo.raw_orders"
[0m18:28:04.527918 [debug] [Thread-1 (]: On seed.multi_warehouse_demo.raw_orders: truncate table "DEMO"."ANALYTICS"."RAW_ORDERS"
  
/* {"app": "dbt", "dbt_version": "1.10.11", "profile_name": "multi_warehouse_demo", "target_name": "snowflake", "node_id": "seed.multi_warehouse_demo.raw_orders"} */;
[0m18:28:04.834036 [debug] [Thread-1 (]: SQL status: SUCCESS 1 in 0.305 seconds
[0m18:28:04.835645 [debug] [Thread-1 (]: Using snowflake connection "seed.multi_warehouse_demo.raw_orders"
[0m18:28:04.836650 [debug] [Thread-1 (]: On seed.multi_warehouse_demo.raw_orders: COMMIT
/* {"app": "dbt", "dbt_version": "1.10.11", "profile_name": "multi_warehouse_demo", "target_name": "snowflake", "node_id": "seed.multi_warehouse_demo.raw_orders"} */
[0m18:28:05.345798 [debug] [Thread-1 (]: SQL status: SUCCESS 1 in 0.508 seconds
[0m18:28:05.349533 [debug] [Thread-1 (]: Using snowflake connection "seed.multi_warehouse_demo.raw_orders"
[0m18:28:05.350091 [debug] [Thread-1 (]: On seed.multi_warehouse_demo.raw_orders: BEGIN
/* {"app": "dbt", "dbt_version": "1.10.11", "profile_name": "multi_warehouse_demo", "target_name": "snowflake", "node_id": "seed.multi_warehouse_demo.raw_orders"} */
[0m18:28:05.436896 [debug] [Thread-1 (]: SQL status: SUCCESS 1 in 0.086 seconds
[0m18:28:05.438790 [debug] [Thread-1 (]: Using snowflake connection "seed.multi_warehouse_demo.raw_orders"
[0m18:28:05.439468 [debug] [Thread-1 (]: On seed.multi_warehouse_demo.raw_orders: insert into DEMO.ANALYTICS.raw_orders (order_id, user_id, order_ts, status) values
            (%s,%s,%s,%s),(%s,%s,%s,%s),(%s,%s,%s,%s),(%s,%s,%s,%s),(%s,%s,%s,%s)
/* {"app": "dbt", "dbt_version": "1.10.11", "profile_name": "multi_warehouse_demo", "target_name": "snowflake", "node_id": "seed.multi_warehouse_demo.raw_orders"} */...
[0m18:28:05.860228 [debug] [Thread-1 (]: SQL status: SUCCESS 5 in 0.420 seconds
[0m18:28:05.862013 [debug] [Thread-1 (]: Using snowflake connection "seed.multi_warehouse_demo.raw_orders"
[0m18:28:05.863002 [debug] [Thread-1 (]: On seed.multi_warehouse_demo.raw_orders: COMMIT
/* {"app": "dbt", "dbt_version": "1.10.11", "profile_name": "multi_warehouse_demo", "target_name": "snowflake", "node_id": "seed.multi_warehouse_demo.raw_orders"} */
[0m18:28:06.167060 [debug] [Thread-1 (]: SQL status: SUCCESS 1 in 0.303 seconds
[0m18:28:06.169320 [debug] [Thread-1 (]: Writing runtime SQL for node "seed.multi_warehouse_demo.raw_orders"
[0m18:28:06.172757 [debug] [Thread-1 (]: Sending event: {'category': 'dbt', 'action': 'run_model', 'label': 'f550b5af-8bac-4167-a74b-568640f4ff08', 'context': [<snowplow_tracker.self_describing_json.SelfDescribingJson object at 0x1168226d0>]}
[0m18:28:06.173326 [info ] [Thread-1 (]: 5 of 25 OK loaded seed file ANALYTICS.raw_orders ............................... [[32mINSERT 5[0m in 1.73s]
[0m18:28:06.173815 [debug] [Thread-1 (]: Finished running node seed.multi_warehouse_demo.raw_orders
[0m18:28:06.174149 [debug] [Thread-1 (]: Began running node seed.multi_warehouse_demo.raw_users
[0m18:28:06.174634 [info ] [Thread-1 (]: 6 of 25 START seed file ANALYTICS.raw_users .................................... [RUN]
[0m18:28:06.175058 [debug] [Thread-1 (]: Re-using an available connection from the pool (formerly seed.multi_warehouse_demo.raw_orders, now seed.multi_warehouse_demo.raw_users)
[0m18:28:06.175381 [debug] [Thread-1 (]: Began compiling node seed.multi_warehouse_demo.raw_users
[0m18:28:06.175681 [debug] [Thread-1 (]: Began executing node seed.multi_warehouse_demo.raw_users
[0m18:28:06.179908 [debug] [Thread-1 (]: Using snowflake connection "seed.multi_warehouse_demo.raw_users"
[0m18:28:06.180286 [debug] [Thread-1 (]: On seed.multi_warehouse_demo.raw_users: BEGIN
/* {"app": "dbt", "dbt_version": "1.10.11", "profile_name": "multi_warehouse_demo", "target_name": "snowflake", "node_id": "seed.multi_warehouse_demo.raw_users"} */
[0m18:28:06.304765 [debug] [Thread-1 (]: SQL status: SUCCESS 1 in 0.124 seconds
[0m18:28:06.305227 [debug] [Thread-1 (]: Using snowflake connection "seed.multi_warehouse_demo.raw_users"
[0m18:28:06.305519 [debug] [Thread-1 (]: On seed.multi_warehouse_demo.raw_users: truncate table "DEMO"."ANALYTICS"."RAW_USERS"
  
/* {"app": "dbt", "dbt_version": "1.10.11", "profile_name": "multi_warehouse_demo", "target_name": "snowflake", "node_id": "seed.multi_warehouse_demo.raw_users"} */;
[0m18:28:06.497881 [debug] [Thread-1 (]: SQL status: SUCCESS 1 in 0.192 seconds
[0m18:28:06.499323 [debug] [Thread-1 (]: Using snowflake connection "seed.multi_warehouse_demo.raw_users"
[0m18:28:06.499860 [debug] [Thread-1 (]: On seed.multi_warehouse_demo.raw_users: COMMIT
/* {"app": "dbt", "dbt_version": "1.10.11", "profile_name": "multi_warehouse_demo", "target_name": "snowflake", "node_id": "seed.multi_warehouse_demo.raw_users"} */
[0m18:28:06.926447 [debug] [Thread-1 (]: SQL status: SUCCESS 1 in 0.426 seconds
[0m18:28:06.932063 [debug] [Thread-1 (]: Using snowflake connection "seed.multi_warehouse_demo.raw_users"
[0m18:28:06.933124 [debug] [Thread-1 (]: On seed.multi_warehouse_demo.raw_users: BEGIN
/* {"app": "dbt", "dbt_version": "1.10.11", "profile_name": "multi_warehouse_demo", "target_name": "snowflake", "node_id": "seed.multi_warehouse_demo.raw_users"} */
[0m18:28:07.009034 [debug] [Thread-1 (]: SQL status: SUCCESS 1 in 0.075 seconds
[0m18:28:07.010141 [debug] [Thread-1 (]: Using snowflake connection "seed.multi_warehouse_demo.raw_users"
[0m18:28:07.010665 [debug] [Thread-1 (]: On seed.multi_warehouse_demo.raw_users: insert into DEMO.ANALYTICS.raw_users (user_id, email, country, created_at) values
            (%s,%s,%s,%s),(%s,%s,%s,%s),(%s,%s,%s,%s),(%s,%s,%s,%s),(%s,%s,%s,%s)
/* {"app": "dbt", "dbt_version": "1.10.11", "profile_name": "multi_warehouse_demo", "target_name": "snowflake", "node_id": "seed.multi_warehouse_demo.raw_users"} */...
[0m18:28:07.332281 [debug] [Thread-1 (]: SQL status: SUCCESS 5 in 0.321 seconds
[0m18:28:07.334131 [debug] [Thread-1 (]: Using snowflake connection "seed.multi_warehouse_demo.raw_users"
[0m18:28:07.335104 [debug] [Thread-1 (]: On seed.multi_warehouse_demo.raw_users: COMMIT
/* {"app": "dbt", "dbt_version": "1.10.11", "profile_name": "multi_warehouse_demo", "target_name": "snowflake", "node_id": "seed.multi_warehouse_demo.raw_users"} */
[0m18:28:07.531734 [debug] [Thread-1 (]: SQL status: SUCCESS 1 in 0.195 seconds
[0m18:28:07.534108 [debug] [Thread-1 (]: Writing runtime SQL for node "seed.multi_warehouse_demo.raw_users"
[0m18:28:07.539145 [debug] [Thread-1 (]: Sending event: {'category': 'dbt', 'action': 'run_model', 'label': 'f550b5af-8bac-4167-a74b-568640f4ff08', 'context': [<snowplow_tracker.self_describing_json.SelfDescribingJson object at 0x104be5af0>]}
[0m18:28:07.539901 [info ] [Thread-1 (]: 6 of 25 OK loaded seed file ANALYTICS.raw_users ................................ [[32mINSERT 5[0m in 1.36s]
[0m18:28:07.540533 [debug] [Thread-1 (]: Finished running node seed.multi_warehouse_demo.raw_users
[0m18:28:07.540928 [debug] [Thread-1 (]: Began running node seed.multi_warehouse_demo.raw_users_changes
[0m18:28:07.541489 [info ] [Thread-1 (]: 7 of 25 START seed file ANALYTICS.raw_users_changes ............................ [RUN]
[0m18:28:07.541947 [debug] [Thread-1 (]: Re-using an available connection from the pool (formerly seed.multi_warehouse_demo.raw_users, now seed.multi_warehouse_demo.raw_users_changes)
[0m18:28:07.542306 [debug] [Thread-1 (]: Began compiling node seed.multi_warehouse_demo.raw_users_changes
[0m18:28:07.542652 [debug] [Thread-1 (]: Began executing node seed.multi_warehouse_demo.raw_users_changes
[0m18:28:07.548557 [debug] [Thread-1 (]: Using snowflake connection "seed.multi_warehouse_demo.raw_users_changes"
[0m18:28:07.548906 [debug] [Thread-1 (]: On seed.multi_warehouse_demo.raw_users_changes: BEGIN
/* {"app": "dbt", "dbt_version": "1.10.11", "profile_name": "multi_warehouse_demo", "target_name": "snowflake", "node_id": "seed.multi_warehouse_demo.raw_users_changes"} */
[0m18:28:07.640012 [debug] [Thread-1 (]: SQL status: SUCCESS 1 in 0.091 seconds
[0m18:28:07.640795 [debug] [Thread-1 (]: Using snowflake connection "seed.multi_warehouse_demo.raw_users_changes"
[0m18:28:07.641394 [debug] [Thread-1 (]: On seed.multi_warehouse_demo.raw_users_changes: truncate table "DEMO"."ANALYTICS"."RAW_USERS_CHANGES"
  
/* {"app": "dbt", "dbt_version": "1.10.11", "profile_name": "multi_warehouse_demo", "target_name": "snowflake", "node_id": "seed.multi_warehouse_demo.raw_users_changes"} */;
[0m18:28:07.808289 [debug] [Thread-1 (]: SQL status: SUCCESS 1 in 0.166 seconds
[0m18:28:07.809795 [debug] [Thread-1 (]: Using snowflake connection "seed.multi_warehouse_demo.raw_users_changes"
[0m18:28:07.810806 [debug] [Thread-1 (]: On seed.multi_warehouse_demo.raw_users_changes: COMMIT
/* {"app": "dbt", "dbt_version": "1.10.11", "profile_name": "multi_warehouse_demo", "target_name": "snowflake", "node_id": "seed.multi_warehouse_demo.raw_users_changes"} */
[0m18:28:08.013766 [debug] [Thread-1 (]: SQL status: SUCCESS 1 in 0.202 seconds
[0m18:28:08.018042 [debug] [Thread-1 (]: Using snowflake connection "seed.multi_warehouse_demo.raw_users_changes"
[0m18:28:08.018727 [debug] [Thread-1 (]: On seed.multi_warehouse_demo.raw_users_changes: BEGIN
/* {"app": "dbt", "dbt_version": "1.10.11", "profile_name": "multi_warehouse_demo", "target_name": "snowflake", "node_id": "seed.multi_warehouse_demo.raw_users_changes"} */
[0m18:28:08.114255 [debug] [Thread-1 (]: SQL status: SUCCESS 1 in 0.095 seconds
[0m18:28:08.116588 [debug] [Thread-1 (]: Using snowflake connection "seed.multi_warehouse_demo.raw_users_changes"
[0m18:28:08.117587 [debug] [Thread-1 (]: On seed.multi_warehouse_demo.raw_users_changes: insert into DEMO.ANALYTICS.raw_users_changes (user_id, email, country, change_ts) values
            (%s,%s,%s,%s),(%s,%s,%s,%s),(%s,%s,%s,%s),(%s,%s,%s,%s),(%s,%s,%s,%s),(%s,%s,%s,%s),(%s,%s,%s,%s)
/* {"app": "dbt", "dbt_version": "1.10.11", "profile_name": "multi_warehouse_demo", "target_name": "snowflake", "node_id": "seed.multi_warehouse_demo.raw_users_changes"} */...
[0m18:28:08.521376 [debug] [Thread-1 (]: SQL status: SUCCESS 7 in 0.403 seconds
[0m18:28:08.523019 [debug] [Thread-1 (]: Using snowflake connection "seed.multi_warehouse_demo.raw_users_changes"
[0m18:28:08.524005 [debug] [Thread-1 (]: On seed.multi_warehouse_demo.raw_users_changes: COMMIT
/* {"app": "dbt", "dbt_version": "1.10.11", "profile_name": "multi_warehouse_demo", "target_name": "snowflake", "node_id": "seed.multi_warehouse_demo.raw_users_changes"} */
[0m18:28:08.724936 [debug] [Thread-1 (]: SQL status: SUCCESS 1 in 0.200 seconds
[0m18:28:08.727148 [debug] [Thread-1 (]: Writing runtime SQL for node "seed.multi_warehouse_demo.raw_users_changes"
[0m18:28:08.731242 [debug] [Thread-1 (]: Sending event: {'category': 'dbt', 'action': 'run_model', 'label': 'f550b5af-8bac-4167-a74b-568640f4ff08', 'context': [<snowplow_tracker.self_describing_json.SelfDescribingJson object at 0x114a0fd10>]}
[0m18:28:08.731862 [info ] [Thread-1 (]: 7 of 25 OK loaded seed file ANALYTICS.raw_users_changes ........................ [[32mINSERT 7[0m in 1.19s]
[0m18:28:08.732444 [debug] [Thread-1 (]: Finished running node seed.multi_warehouse_demo.raw_users_changes
[0m18:28:08.732861 [debug] [Thread-1 (]: Began running node snapshot.multi_warehouse_demo.customers_scd2
[0m18:28:08.733433 [info ] [Thread-1 (]: 8 of 25 START snapshot analytics_snapshots.customers_scd2 ...................... [RUN]
[0m18:28:08.733923 [debug] [Thread-1 (]: Re-using an available connection from the pool (formerly seed.multi_warehouse_demo.raw_users_changes, now snapshot.multi_warehouse_demo.customers_scd2)
[0m18:28:08.734295 [debug] [Thread-1 (]: Began compiling node snapshot.multi_warehouse_demo.customers_scd2
[0m18:28:08.737659 [debug] [Thread-1 (]: Began executing node snapshot.multi_warehouse_demo.customers_scd2
[0m18:28:08.771405 [debug] [Thread-1 (]: Using snowflake connection "snapshot.multi_warehouse_demo.customers_scd2"
[0m18:28:08.771759 [debug] [Thread-1 (]: On snapshot.multi_warehouse_demo.customers_scd2: describe table "DEMO"."ANALYTICS_SNAPSHOTS"."CUSTOMERS_SCD2"
/* {"app": "dbt", "dbt_version": "1.10.11", "profile_name": "multi_warehouse_demo", "target_name": "snowflake", "node_id": "snapshot.multi_warehouse_demo.customers_scd2"} */
[0m18:28:08.825037 [debug] [Thread-1 (]: SQL status: SUCCESS 8 in 0.053 seconds
[0m18:28:08.863037 [debug] [Thread-1 (]: Using snowflake connection "snapshot.multi_warehouse_demo.customers_scd2"
[0m18:28:08.863481 [debug] [Thread-1 (]: On snapshot.multi_warehouse_demo.customers_scd2: create or replace temporary table "DEMO"."ANALYTICS_SNAPSHOTS"."CUSTOMERS_SCD2__dbt_tmp"
as (
    
    
    with snapshot_query as (

        


select
  cast(user_id as integer)      as user_id,
  lower(email)                  as email,
  country,
  cast(change_ts as timestamp)  as change_ts
from DEMO.analytics.raw_users_changes


    ),

    snapshotted_data as (

        select *, 
    
        user_id as dbt_unique_key
    

        from "DEMO"."ANALYTICS_SNAPSHOTS"."CUSTOMERS_SCD2"
        where
            
                dbt_valid_to is null
            

    ),

    insertions_source_data as (

        select *, 
    
        user_id as dbt_unique_key
    
,
            change_ts as dbt_updated_at,
            change_ts as dbt_valid_from,
            
  
  coalesce(nullif(change_ts, change_ts), null)
  as dbt_valid_to
,
            md5(coalesce(cast(user_id as varchar ), '')
         || '|' || coalesce(cast(change_ts as varchar ), '')
        ) as dbt_scd_id

        from snapshot_query
    ),

    updates_source_data as (

        select *, 
    
        user_id as dbt_unique_key
    
,
            change_ts as dbt_updated_at,
            change_ts as dbt_valid_from,
            change_ts as dbt_valid_to

        from snapshot_query
    ),

    insertions as (

        select
            'insert' as dbt_change_type,
            source_data.*

        from insertions_source_data as source_data
        left outer join snapshotted_data
            on 
    
        snapshotted_data.dbt_unique_key = source_data.dbt_unique_key
    

            where 
    
        snapshotted_data.dbt_unique_key is null
    

            or (
    
        snapshotted_data.dbt_unique_key is not null
    
 and (
               (snapshotted_data.dbt_valid_from < source_data.change_ts)
            )

        )

    ),

    updates as (

        select
            'update' as dbt_change_type,
            source_data.*,
            snapshotted_data.dbt_scd_id

        from updates_source_data as source_data
        join snapshotted_data
            on 
    
        snapshotted_data.dbt_unique_key = source_data.dbt_unique_key
    

        where (
            (snapshotted_data.dbt_valid_from < source_data.change_ts)
        )
    )

    select * from insertions
    union all
    select * from updates

    )

/* {"app": "dbt", "dbt_version": "1.10.11", "profile_name": "multi_warehouse_demo", "target_name": "snowflake", "node_id": "snapshot.multi_warehouse_demo.customers_scd2"} */;
[0m18:28:09.954804 [debug] [Thread-1 (]: SQL status: SUCCESS 1 in 1.090 seconds
[0m18:28:09.962694 [debug] [Thread-1 (]: Using snowflake connection "snapshot.multi_warehouse_demo.customers_scd2"
[0m18:28:09.963393 [debug] [Thread-1 (]: On snapshot.multi_warehouse_demo.customers_scd2: describe table "DEMO"."ANALYTICS_SNAPSHOTS"."CUSTOMERS_SCD2__dbt_tmp"
/* {"app": "dbt", "dbt_version": "1.10.11", "profile_name": "multi_warehouse_demo", "target_name": "snowflake", "node_id": "snapshot.multi_warehouse_demo.customers_scd2"} */
[0m18:28:10.046259 [debug] [Thread-1 (]: SQL status: SUCCESS 10 in 0.082 seconds
[0m18:28:10.052603 [debug] [Thread-1 (]: Using snowflake connection "snapshot.multi_warehouse_demo.customers_scd2"
[0m18:28:10.053212 [debug] [Thread-1 (]: On snapshot.multi_warehouse_demo.customers_scd2: describe table "DEMO"."ANALYTICS_SNAPSHOTS"."CUSTOMERS_SCD2"
/* {"app": "dbt", "dbt_version": "1.10.11", "profile_name": "multi_warehouse_demo", "target_name": "snowflake", "node_id": "snapshot.multi_warehouse_demo.customers_scd2"} */
[0m18:28:10.138817 [debug] [Thread-1 (]: SQL status: SUCCESS 8 in 0.085 seconds
[0m18:28:10.146972 [debug] [Thread-1 (]: Using snowflake connection "snapshot.multi_warehouse_demo.customers_scd2"
[0m18:28:10.147369 [debug] [Thread-1 (]: On snapshot.multi_warehouse_demo.customers_scd2: describe table "DEMO"."ANALYTICS_SNAPSHOTS"."CUSTOMERS_SCD2__dbt_tmp"
/* {"app": "dbt", "dbt_version": "1.10.11", "profile_name": "multi_warehouse_demo", "target_name": "snowflake", "node_id": "snapshot.multi_warehouse_demo.customers_scd2"} */
[0m18:28:10.215196 [debug] [Thread-1 (]: SQL status: SUCCESS 10 in 0.067 seconds
[0m18:28:10.220064 [debug] [Thread-1 (]: Using snowflake connection "snapshot.multi_warehouse_demo.customers_scd2"
[0m18:28:10.220572 [debug] [Thread-1 (]: On snapshot.multi_warehouse_demo.customers_scd2: describe table "DEMO"."ANALYTICS_SNAPSHOTS"."CUSTOMERS_SCD2"
/* {"app": "dbt", "dbt_version": "1.10.11", "profile_name": "multi_warehouse_demo", "target_name": "snowflake", "node_id": "snapshot.multi_warehouse_demo.customers_scd2"} */
[0m18:28:10.300935 [debug] [Thread-1 (]: SQL status: SUCCESS 8 in 0.080 seconds
[0m18:28:10.314650 [debug] [Thread-1 (]: Using snowflake connection "snapshot.multi_warehouse_demo.customers_scd2"
[0m18:28:10.315213 [debug] [Thread-1 (]: On snapshot.multi_warehouse_demo.customers_scd2: describe table "DEMO"."ANALYTICS_SNAPSHOTS"."CUSTOMERS_SCD2__dbt_tmp"
/* {"app": "dbt", "dbt_version": "1.10.11", "profile_name": "multi_warehouse_demo", "target_name": "snowflake", "node_id": "snapshot.multi_warehouse_demo.customers_scd2"} */
[0m18:28:10.366369 [debug] [Thread-1 (]: SQL status: SUCCESS 10 in 0.051 seconds
[0m18:28:10.392965 [debug] [Thread-1 (]: Using snowflake connection "snapshot.multi_warehouse_demo.customers_scd2"
[0m18:28:10.393427 [debug] [Thread-1 (]: On snapshot.multi_warehouse_demo.customers_scd2: select * from (
        
    
    with snapshot_query as (

        


select
  cast(user_id as integer)      as user_id,
  lower(email)                  as email,
  country,
  cast(change_ts as timestamp)  as change_ts
from DEMO.analytics.raw_users_changes


    ),

    snapshotted_data as (

        select *, 
    
        user_id as dbt_unique_key
    

        from "DEMO"."ANALYTICS_SNAPSHOTS"."CUSTOMERS_SCD2"
        where
            
                dbt_valid_to is null
            

    ),

    insertions_source_data as (

        select *, 
    
        user_id as dbt_unique_key
    
,
            change_ts as dbt_updated_at,
            change_ts as dbt_valid_from,
            
  
  coalesce(nullif(change_ts, change_ts), null)
  as dbt_valid_to
,
            md5(coalesce(cast(user_id as varchar ), '')
         || '|' || coalesce(cast(change_ts as varchar ), '')
        ) as dbt_scd_id

        from snapshot_query
    ),

    updates_source_data as (

        select *, 
    
        user_id as dbt_unique_key
    
,
            change_ts as dbt_updated_at,
            change_ts as dbt_valid_from,
            change_ts as dbt_valid_to

        from snapshot_query
    ),

    insertions as (

        select
            'insert' as dbt_change_type,
            source_data.*

        from insertions_source_data as source_data
        left outer join snapshotted_data
            on 
    
        snapshotted_data.dbt_unique_key = source_data.dbt_unique_key
    

            where 
    
        snapshotted_data.dbt_unique_key is null
    

            or (
    
        snapshotted_data.dbt_unique_key is not null
    
 and (
               (snapshotted_data.dbt_valid_from < source_data.change_ts)
            )

        )

    ),

    updates as (

        select
            'update' as dbt_change_type,
            source_data.*,
            snapshotted_data.dbt_scd_id

        from updates_source_data as source_data
        join snapshotted_data
            on 
    
        snapshotted_data.dbt_unique_key = source_data.dbt_unique_key
    

        where (
            (snapshotted_data.dbt_valid_from < source_data.change_ts)
        )
    )

    select * from insertions
    union all
    select * from updates

    ) as __dbt_sbq
    where false
    limit 0
/* {"app": "dbt", "dbt_version": "1.10.11", "profile_name": "multi_warehouse_demo", "target_name": "snowflake", "node_id": "snapshot.multi_warehouse_demo.customers_scd2"} */
/* {"app": "dbt", "dbt_version": "1.10.11", "profile_name": "multi_warehouse_demo", "target_name": "snowflake", "node_id": "snapshot.multi_warehouse_demo.customers_scd2"} */
[0m18:28:10.873880 [debug] [Thread-1 (]: SQL status: SUCCESS 0 in 0.480 seconds
[0m18:28:10.885550 [debug] [Thread-1 (]: Using snowflake connection "snapshot.multi_warehouse_demo.customers_scd2"
[0m18:28:10.886222 [debug] [Thread-1 (]: On snapshot.multi_warehouse_demo.customers_scd2: select * from (
        select to_timestamp_ntz(convert_timezone('UTC', current_timestamp())) as dbt_snapshot_time
    ) as __dbt_sbq
    where false
    limit 0
/* {"app": "dbt", "dbt_version": "1.10.11", "profile_name": "multi_warehouse_demo", "target_name": "snowflake", "node_id": "snapshot.multi_warehouse_demo.customers_scd2"} */
/* {"app": "dbt", "dbt_version": "1.10.11", "profile_name": "multi_warehouse_demo", "target_name": "snowflake", "node_id": "snapshot.multi_warehouse_demo.customers_scd2"} */
[0m18:28:10.934129 [debug] [Thread-1 (]: SQL status: SUCCESS 0 in 0.047 seconds
[0m18:28:10.935133 [debug] [Thread-1 (]: Writing runtime sql for node "snapshot.multi_warehouse_demo.customers_scd2"
[0m18:28:10.938660 [debug] [Thread-1 (]: Using snowflake connection "snapshot.multi_warehouse_demo.customers_scd2"
[0m18:28:10.939213 [debug] [Thread-1 (]: On snapshot.multi_warehouse_demo.customers_scd2: BEGIN
/* {"app": "dbt", "dbt_version": "1.10.11", "profile_name": "multi_warehouse_demo", "target_name": "snowflake", "node_id": "snapshot.multi_warehouse_demo.customers_scd2"} */
[0m18:28:11.027549 [debug] [Thread-1 (]: SQL status: SUCCESS 1 in 0.087 seconds
[0m18:28:11.028995 [debug] [Thread-1 (]: Using snowflake connection "snapshot.multi_warehouse_demo.customers_scd2"
[0m18:28:11.029652 [debug] [Thread-1 (]: On snapshot.multi_warehouse_demo.customers_scd2: merge into "DEMO"."ANALYTICS_SNAPSHOTS"."CUSTOMERS_SCD2" as DBT_INTERNAL_DEST
    using "DEMO"."ANALYTICS_SNAPSHOTS"."CUSTOMERS_SCD2__dbt_tmp" as DBT_INTERNAL_SOURCE
    on DBT_INTERNAL_SOURCE.dbt_scd_id = DBT_INTERNAL_DEST.dbt_scd_id

    when matched
     
       and DBT_INTERNAL_DEST.dbt_valid_to is null
     
     and DBT_INTERNAL_SOURCE.dbt_change_type in ('update', 'delete')
        then update
        set dbt_valid_to = DBT_INTERNAL_SOURCE.dbt_valid_to

    when not matched
     and DBT_INTERNAL_SOURCE.dbt_change_type = 'insert'
        then insert ("USER_ID", "EMAIL", "COUNTRY", "CHANGE_TS", "DBT_UPDATED_AT", "DBT_VALID_FROM", "DBT_VALID_TO", "DBT_SCD_ID")
        values ("USER_ID", "EMAIL", "COUNTRY", "CHANGE_TS", "DBT_UPDATED_AT", "DBT_VALID_FROM", "DBT_VALID_TO", "DBT_SCD_ID")


/* {"app": "dbt", "dbt_version": "1.10.11", "profile_name": "multi_warehouse_demo", "target_name": "snowflake", "node_id": "snapshot.multi_warehouse_demo.customers_scd2"} */;
[0m18:28:11.591760 [debug] [Thread-1 (]: SQL status: SUCCESS 2 in 0.561 seconds
[0m18:28:11.593648 [debug] [Thread-1 (]: Using snowflake connection "snapshot.multi_warehouse_demo.customers_scd2"
[0m18:28:11.594662 [debug] [Thread-1 (]: On snapshot.multi_warehouse_demo.customers_scd2: COMMIT
/* {"app": "dbt", "dbt_version": "1.10.11", "profile_name": "multi_warehouse_demo", "target_name": "snowflake", "node_id": "snapshot.multi_warehouse_demo.customers_scd2"} */
[0m18:28:11.805871 [debug] [Thread-1 (]: SQL status: SUCCESS 1 in 0.210 seconds
[0m18:28:11.814458 [debug] [Thread-1 (]: Sending event: {'category': 'dbt', 'action': 'run_model', 'label': 'f550b5af-8bac-4167-a74b-568640f4ff08', 'context': [<snowplow_tracker.self_describing_json.SelfDescribingJson object at 0x116849430>]}
[0m18:28:11.815321 [info ] [Thread-1 (]: 8 of 25 OK snapshotted analytics_snapshots.customers_scd2 ...................... [[32mSUCCESS 2[0m in 3.08s]
[0m18:28:11.815845 [debug] [Thread-1 (]: Finished running node snapshot.multi_warehouse_demo.customers_scd2
[0m18:28:11.816201 [debug] [Thread-1 (]: Began running node test.multi_warehouse_demo.not_null_stg_order_items_order_id.2063801f96
[0m18:28:11.816606 [info ] [Thread-1 (]: 9 of 25 START test not_null_stg_order_items_order_id ........................... [RUN]
[0m18:28:11.817077 [debug] [Thread-1 (]: Re-using an available connection from the pool (formerly snapshot.multi_warehouse_demo.customers_scd2, now test.multi_warehouse_demo.not_null_stg_order_items_order_id.2063801f96)
[0m18:28:11.817408 [debug] [Thread-1 (]: Began compiling node test.multi_warehouse_demo.not_null_stg_order_items_order_id.2063801f96
[0m18:28:11.825388 [debug] [Thread-1 (]: Writing injected SQL for node "test.multi_warehouse_demo.not_null_stg_order_items_order_id.2063801f96"
[0m18:28:11.826921 [debug] [Thread-1 (]: Began executing node test.multi_warehouse_demo.not_null_stg_order_items_order_id.2063801f96
[0m18:28:11.842314 [debug] [Thread-1 (]: Writing runtime sql for node "test.multi_warehouse_demo.not_null_stg_order_items_order_id.2063801f96"
[0m18:28:11.843166 [debug] [Thread-1 (]: Using snowflake connection "test.multi_warehouse_demo.not_null_stg_order_items_order_id.2063801f96"
[0m18:28:11.843464 [debug] [Thread-1 (]: On test.multi_warehouse_demo.not_null_stg_order_items_order_id.2063801f96: select
      count(*) as failures,
      count(*) != 0 as should_warn,
      count(*) != 0 as should_error
    from (
      
    
  
    
    



select order_id
from DEMO.ANALYTICS.stg_order_items
where order_id is null



  
  
      
    ) dbt_internal_test
/* {"app": "dbt", "dbt_version": "1.10.11", "profile_name": "multi_warehouse_demo", "target_name": "snowflake", "node_id": "test.multi_warehouse_demo.not_null_stg_order_items_order_id.2063801f96"} */
[0m18:28:12.002596 [debug] [Thread-1 (]: SQL status: SUCCESS 1 in 0.159 seconds
[0m18:28:12.008904 [info ] [Thread-1 (]: 9 of 25 PASS not_null_stg_order_items_order_id ................................. [[32mPASS[0m in 0.19s]
[0m18:28:12.009767 [debug] [Thread-1 (]: Finished running node test.multi_warehouse_demo.not_null_stg_order_items_order_id.2063801f96
[0m18:28:12.010302 [debug] [Thread-1 (]: Began running node test.multi_warehouse_demo.not_null_stg_order_items_qty.8ef4f29677
[0m18:28:12.010835 [info ] [Thread-1 (]: 10 of 25 START test not_null_stg_order_items_qty ............................... [RUN]
[0m18:28:12.011340 [debug] [Thread-1 (]: Re-using an available connection from the pool (formerly test.multi_warehouse_demo.not_null_stg_order_items_order_id.2063801f96, now test.multi_warehouse_demo.not_null_stg_order_items_qty.8ef4f29677)
[0m18:28:12.011737 [debug] [Thread-1 (]: Began compiling node test.multi_warehouse_demo.not_null_stg_order_items_qty.8ef4f29677
[0m18:28:12.017928 [debug] [Thread-1 (]: Writing injected SQL for node "test.multi_warehouse_demo.not_null_stg_order_items_qty.8ef4f29677"
[0m18:28:12.019009 [debug] [Thread-1 (]: Began executing node test.multi_warehouse_demo.not_null_stg_order_items_qty.8ef4f29677
[0m18:28:12.022001 [debug] [Thread-1 (]: Writing runtime sql for node "test.multi_warehouse_demo.not_null_stg_order_items_qty.8ef4f29677"
[0m18:28:12.023150 [debug] [Thread-1 (]: Using snowflake connection "test.multi_warehouse_demo.not_null_stg_order_items_qty.8ef4f29677"
[0m18:28:12.023553 [debug] [Thread-1 (]: On test.multi_warehouse_demo.not_null_stg_order_items_qty.8ef4f29677: select
      count(*) as failures,
      count(*) != 0 as should_warn,
      count(*) != 0 as should_error
    from (
      
    
  
    
    



select qty
from DEMO.ANALYTICS.stg_order_items
where qty is null



  
  
      
    ) dbt_internal_test
/* {"app": "dbt", "dbt_version": "1.10.11", "profile_name": "multi_warehouse_demo", "target_name": "snowflake", "node_id": "test.multi_warehouse_demo.not_null_stg_order_items_qty.8ef4f29677"} */
[0m18:28:12.226794 [debug] [Thread-1 (]: SQL status: SUCCESS 1 in 0.203 seconds
[0m18:28:12.231675 [info ] [Thread-1 (]: 10 of 25 PASS not_null_stg_order_items_qty ..................................... [[32mPASS[0m in 0.22s]
[0m18:28:12.232520 [debug] [Thread-1 (]: Finished running node test.multi_warehouse_demo.not_null_stg_order_items_qty.8ef4f29677
[0m18:28:12.233051 [debug] [Thread-1 (]: Began running node test.multi_warehouse_demo.accepted_values_stg_orders_status__completed__cancelled.0881a3f2d1
[0m18:28:12.233598 [info ] [Thread-1 (]: 11 of 25 START test accepted_values_stg_orders_status__completed__cancelled .... [RUN]
[0m18:28:12.234140 [debug] [Thread-1 (]: Re-using an available connection from the pool (formerly test.multi_warehouse_demo.not_null_stg_order_items_qty.8ef4f29677, now test.multi_warehouse_demo.accepted_values_stg_orders_status__completed__cancelled.0881a3f2d1)
[0m18:28:12.234532 [debug] [Thread-1 (]: Began compiling node test.multi_warehouse_demo.accepted_values_stg_orders_status__completed__cancelled.0881a3f2d1
[0m18:28:12.247651 [debug] [Thread-1 (]: Writing injected SQL for node "test.multi_warehouse_demo.accepted_values_stg_orders_status__completed__cancelled.0881a3f2d1"
[0m18:28:12.248293 [debug] [Thread-1 (]: Began executing node test.multi_warehouse_demo.accepted_values_stg_orders_status__completed__cancelled.0881a3f2d1
[0m18:28:12.249945 [debug] [Thread-1 (]: Writing runtime sql for node "test.multi_warehouse_demo.accepted_values_stg_orders_status__completed__cancelled.0881a3f2d1"
[0m18:28:12.250950 [debug] [Thread-1 (]: Using snowflake connection "test.multi_warehouse_demo.accepted_values_stg_orders_status__completed__cancelled.0881a3f2d1"
[0m18:28:12.251235 [debug] [Thread-1 (]: On test.multi_warehouse_demo.accepted_values_stg_orders_status__completed__cancelled.0881a3f2d1: select
      count(*) as failures,
      count(*) != 0 as should_warn,
      count(*) != 0 as should_error
    from (
      
    
  
    
    

with all_values as (

    select
        status as value_field,
        count(*) as n_records

    from DEMO.ANALYTICS.stg_orders
    group by status

)

select *
from all_values
where value_field not in (
    'completed','cancelled'
)



  
  
      
    ) dbt_internal_test
/* {"app": "dbt", "dbt_version": "1.10.11", "profile_name": "multi_warehouse_demo", "target_name": "snowflake", "node_id": "test.multi_warehouse_demo.accepted_values_stg_orders_status__completed__cancelled.0881a3f2d1"} */
[0m18:28:12.821281 [debug] [Thread-1 (]: SQL status: SUCCESS 1 in 0.569 seconds
[0m18:28:12.826254 [info ] [Thread-1 (]: 11 of 25 PASS accepted_values_stg_orders_status__completed__cancelled .......... [[32mPASS[0m in 0.59s]
[0m18:28:12.827091 [debug] [Thread-1 (]: Finished running node test.multi_warehouse_demo.accepted_values_stg_orders_status__completed__cancelled.0881a3f2d1
[0m18:28:12.827602 [debug] [Thread-1 (]: Began running node test.multi_warehouse_demo.not_null_stg_orders_order_id.81cfe2fe64
[0m18:28:12.828179 [info ] [Thread-1 (]: 12 of 25 START test not_null_stg_orders_order_id ............................... [RUN]
[0m18:28:12.828737 [debug] [Thread-1 (]: Re-using an available connection from the pool (formerly test.multi_warehouse_demo.accepted_values_stg_orders_status__completed__cancelled.0881a3f2d1, now test.multi_warehouse_demo.not_null_stg_orders_order_id.81cfe2fe64)
[0m18:28:12.829163 [debug] [Thread-1 (]: Began compiling node test.multi_warehouse_demo.not_null_stg_orders_order_id.81cfe2fe64
[0m18:28:12.834565 [debug] [Thread-1 (]: Writing injected SQL for node "test.multi_warehouse_demo.not_null_stg_orders_order_id.81cfe2fe64"
[0m18:28:12.835701 [debug] [Thread-1 (]: Began executing node test.multi_warehouse_demo.not_null_stg_orders_order_id.81cfe2fe64
[0m18:28:12.839490 [debug] [Thread-1 (]: Writing runtime sql for node "test.multi_warehouse_demo.not_null_stg_orders_order_id.81cfe2fe64"
[0m18:28:12.840629 [debug] [Thread-1 (]: Using snowflake connection "test.multi_warehouse_demo.not_null_stg_orders_order_id.81cfe2fe64"
[0m18:28:12.841033 [debug] [Thread-1 (]: On test.multi_warehouse_demo.not_null_stg_orders_order_id.81cfe2fe64: select
      count(*) as failures,
      count(*) != 0 as should_warn,
      count(*) != 0 as should_error
    from (
      
    
  
    
    



select order_id
from DEMO.ANALYTICS.stg_orders
where order_id is null



  
  
      
    ) dbt_internal_test
/* {"app": "dbt", "dbt_version": "1.10.11", "profile_name": "multi_warehouse_demo", "target_name": "snowflake", "node_id": "test.multi_warehouse_demo.not_null_stg_orders_order_id.81cfe2fe64"} */
[0m18:28:12.978072 [debug] [Thread-1 (]: SQL status: SUCCESS 1 in 0.136 seconds
[0m18:28:12.982445 [info ] [Thread-1 (]: 12 of 25 PASS not_null_stg_orders_order_id ..................................... [[32mPASS[0m in 0.15s]
[0m18:28:12.983300 [debug] [Thread-1 (]: Finished running node test.multi_warehouse_demo.not_null_stg_orders_order_id.81cfe2fe64
[0m18:28:12.983796 [debug] [Thread-1 (]: Began running node test.multi_warehouse_demo.not_null_stg_orders_user_id.7d129d0209
[0m18:28:12.984333 [info ] [Thread-1 (]: 13 of 25 START test not_null_stg_orders_user_id ................................ [RUN]
[0m18:28:12.984942 [debug] [Thread-1 (]: Re-using an available connection from the pool (formerly test.multi_warehouse_demo.not_null_stg_orders_order_id.81cfe2fe64, now test.multi_warehouse_demo.not_null_stg_orders_user_id.7d129d0209)
[0m18:28:12.985402 [debug] [Thread-1 (]: Began compiling node test.multi_warehouse_demo.not_null_stg_orders_user_id.7d129d0209
[0m18:28:12.989976 [debug] [Thread-1 (]: Writing injected SQL for node "test.multi_warehouse_demo.not_null_stg_orders_user_id.7d129d0209"
[0m18:28:12.990771 [debug] [Thread-1 (]: Began executing node test.multi_warehouse_demo.not_null_stg_orders_user_id.7d129d0209
[0m18:28:12.993785 [debug] [Thread-1 (]: Writing runtime sql for node "test.multi_warehouse_demo.not_null_stg_orders_user_id.7d129d0209"
[0m18:28:12.994679 [debug] [Thread-1 (]: Using snowflake connection "test.multi_warehouse_demo.not_null_stg_orders_user_id.7d129d0209"
[0m18:28:12.995008 [debug] [Thread-1 (]: On test.multi_warehouse_demo.not_null_stg_orders_user_id.7d129d0209: select
      count(*) as failures,
      count(*) != 0 as should_warn,
      count(*) != 0 as should_error
    from (
      
    
  
    
    



select user_id
from DEMO.ANALYTICS.stg_orders
where user_id is null



  
  
      
    ) dbt_internal_test
/* {"app": "dbt", "dbt_version": "1.10.11", "profile_name": "multi_warehouse_demo", "target_name": "snowflake", "node_id": "test.multi_warehouse_demo.not_null_stg_orders_user_id.7d129d0209"} */
[0m18:28:13.407226 [debug] [Thread-1 (]: SQL status: SUCCESS 1 in 0.411 seconds
[0m18:28:13.411366 [info ] [Thread-1 (]: 13 of 25 PASS not_null_stg_orders_user_id ...................................... [[32mPASS[0m in 0.43s]
[0m18:28:13.412184 [debug] [Thread-1 (]: Finished running node test.multi_warehouse_demo.not_null_stg_orders_user_id.7d129d0209
[0m18:28:13.412665 [debug] [Thread-1 (]: Began running node test.multi_warehouse_demo.relationships_stg_order_items_order_id__order_id__ref_stg_orders_.dbe9930c54
[0m18:28:13.413209 [info ] [Thread-1 (]: 14 of 25 START test relationships_stg_order_items_order_id__order_id__ref_stg_orders_  [RUN]
[0m18:28:13.413820 [debug] [Thread-1 (]: Re-using an available connection from the pool (formerly test.multi_warehouse_demo.not_null_stg_orders_user_id.7d129d0209, now test.multi_warehouse_demo.relationships_stg_order_items_order_id__order_id__ref_stg_orders_.dbe9930c54)
[0m18:28:13.414298 [debug] [Thread-1 (]: Began compiling node test.multi_warehouse_demo.relationships_stg_order_items_order_id__order_id__ref_stg_orders_.dbe9930c54
[0m18:28:13.420150 [debug] [Thread-1 (]: Writing injected SQL for node "test.multi_warehouse_demo.relationships_stg_order_items_order_id__order_id__ref_stg_orders_.dbe9930c54"
[0m18:28:13.421143 [debug] [Thread-1 (]: Began executing node test.multi_warehouse_demo.relationships_stg_order_items_order_id__order_id__ref_stg_orders_.dbe9930c54
[0m18:28:13.423380 [debug] [Thread-1 (]: Writing runtime sql for node "test.multi_warehouse_demo.relationships_stg_order_items_order_id__order_id__ref_stg_orders_.dbe9930c54"
[0m18:28:13.424783 [debug] [Thread-1 (]: Using snowflake connection "test.multi_warehouse_demo.relationships_stg_order_items_order_id__order_id__ref_stg_orders_.dbe9930c54"
[0m18:28:13.425134 [debug] [Thread-1 (]: On test.multi_warehouse_demo.relationships_stg_order_items_order_id__order_id__ref_stg_orders_.dbe9930c54: select
      count(*) as failures,
      count(*) != 0 as should_warn,
      count(*) != 0 as should_error
    from (
      
    
  
    
    

with child as (
    select order_id as from_field
    from DEMO.ANALYTICS.stg_order_items
    where order_id is not null
),

parent as (
    select order_id as to_field
    from DEMO.ANALYTICS.stg_orders
)

select
    from_field

from child
left join parent
    on child.from_field = parent.to_field

where parent.to_field is null



  
  
      
    ) dbt_internal_test
/* {"app": "dbt", "dbt_version": "1.10.11", "profile_name": "multi_warehouse_demo", "target_name": "snowflake", "node_id": "test.multi_warehouse_demo.relationships_stg_order_items_order_id__order_id__ref_stg_orders_.dbe9930c54"} */
[0m18:28:13.632836 [debug] [Thread-1 (]: SQL status: SUCCESS 1 in 0.207 seconds
[0m18:28:13.636775 [info ] [Thread-1 (]: 14 of 25 PASS relationships_stg_order_items_order_id__order_id__ref_stg_orders_  [[32mPASS[0m in 0.22s]
[0m18:28:13.637901 [debug] [Thread-1 (]: Finished running node test.multi_warehouse_demo.relationships_stg_order_items_order_id__order_id__ref_stg_orders_.dbe9930c54
[0m18:28:13.638450 [debug] [Thread-1 (]: Began running node test.multi_warehouse_demo.unique_stg_orders_order_id.e3b841c71a
[0m18:28:13.639003 [info ] [Thread-1 (]: 15 of 25 START test unique_stg_orders_order_id ................................. [RUN]
[0m18:28:13.639576 [debug] [Thread-1 (]: Re-using an available connection from the pool (formerly test.multi_warehouse_demo.relationships_stg_order_items_order_id__order_id__ref_stg_orders_.dbe9930c54, now test.multi_warehouse_demo.unique_stg_orders_order_id.e3b841c71a)
[0m18:28:13.640002 [debug] [Thread-1 (]: Began compiling node test.multi_warehouse_demo.unique_stg_orders_order_id.e3b841c71a
[0m18:28:13.649613 [debug] [Thread-1 (]: Writing injected SQL for node "test.multi_warehouse_demo.unique_stg_orders_order_id.e3b841c71a"
[0m18:28:13.650668 [debug] [Thread-1 (]: Began executing node test.multi_warehouse_demo.unique_stg_orders_order_id.e3b841c71a
[0m18:28:13.652922 [debug] [Thread-1 (]: Writing runtime sql for node "test.multi_warehouse_demo.unique_stg_orders_order_id.e3b841c71a"
[0m18:28:13.655193 [debug] [Thread-1 (]: Using snowflake connection "test.multi_warehouse_demo.unique_stg_orders_order_id.e3b841c71a"
[0m18:28:13.655570 [debug] [Thread-1 (]: On test.multi_warehouse_demo.unique_stg_orders_order_id.e3b841c71a: select
      count(*) as failures,
      count(*) != 0 as should_warn,
      count(*) != 0 as should_error
    from (
      
    
  
    
    

select
    order_id as unique_field,
    count(*) as n_records

from DEMO.ANALYTICS.stg_orders
where order_id is not null
group by order_id
having count(*) > 1



  
  
      
    ) dbt_internal_test
/* {"app": "dbt", "dbt_version": "1.10.11", "profile_name": "multi_warehouse_demo", "target_name": "snowflake", "node_id": "test.multi_warehouse_demo.unique_stg_orders_order_id.e3b841c71a"} */
[0m18:28:13.798013 [debug] [Thread-1 (]: SQL status: SUCCESS 1 in 0.142 seconds
[0m18:28:13.801973 [info ] [Thread-1 (]: 15 of 25 PASS unique_stg_orders_order_id ....................................... [[32mPASS[0m in 0.16s]
[0m18:28:13.802869 [debug] [Thread-1 (]: Finished running node test.multi_warehouse_demo.unique_stg_orders_order_id.e3b841c71a
[0m18:28:13.803315 [debug] [Thread-1 (]: Began running node test.multi_warehouse_demo.not_null_stg_users_user_id.980dfc1b77
[0m18:28:13.803860 [info ] [Thread-1 (]: 16 of 25 START test not_null_stg_users_user_id ................................. [RUN]
[0m18:28:13.804514 [debug] [Thread-1 (]: Re-using an available connection from the pool (formerly test.multi_warehouse_demo.unique_stg_orders_order_id.e3b841c71a, now test.multi_warehouse_demo.not_null_stg_users_user_id.980dfc1b77)
[0m18:28:13.804991 [debug] [Thread-1 (]: Began compiling node test.multi_warehouse_demo.not_null_stg_users_user_id.980dfc1b77
[0m18:28:13.810893 [debug] [Thread-1 (]: Writing injected SQL for node "test.multi_warehouse_demo.not_null_stg_users_user_id.980dfc1b77"
[0m18:28:13.811805 [debug] [Thread-1 (]: Began executing node test.multi_warehouse_demo.not_null_stg_users_user_id.980dfc1b77
[0m18:28:13.814270 [debug] [Thread-1 (]: Writing runtime sql for node "test.multi_warehouse_demo.not_null_stg_users_user_id.980dfc1b77"
[0m18:28:13.815330 [debug] [Thread-1 (]: Using snowflake connection "test.multi_warehouse_demo.not_null_stg_users_user_id.980dfc1b77"
[0m18:28:13.815716 [debug] [Thread-1 (]: On test.multi_warehouse_demo.not_null_stg_users_user_id.980dfc1b77: select
      count(*) as failures,
      count(*) != 0 as should_warn,
      count(*) != 0 as should_error
    from (
      
    
  
    
    



select user_id
from DEMO.ANALYTICS.stg_users
where user_id is null



  
  
      
    ) dbt_internal_test
/* {"app": "dbt", "dbt_version": "1.10.11", "profile_name": "multi_warehouse_demo", "target_name": "snowflake", "node_id": "test.multi_warehouse_demo.not_null_stg_users_user_id.980dfc1b77"} */
[0m18:28:14.154396 [debug] [Thread-1 (]: SQL status: SUCCESS 1 in 0.338 seconds
[0m18:28:14.159870 [info ] [Thread-1 (]: 16 of 25 PASS not_null_stg_users_user_id ....................................... [[32mPASS[0m in 0.36s]
[0m18:28:14.160533 [debug] [Thread-1 (]: Finished running node test.multi_warehouse_demo.not_null_stg_users_user_id.980dfc1b77
[0m18:28:14.160931 [debug] [Thread-1 (]: Began running node test.multi_warehouse_demo.unique_stg_users_user_id.c2ff477e6b
[0m18:28:14.161370 [info ] [Thread-1 (]: 17 of 25 START test unique_stg_users_user_id ................................... [RUN]
[0m18:28:14.161869 [debug] [Thread-1 (]: Re-using an available connection from the pool (formerly test.multi_warehouse_demo.not_null_stg_users_user_id.980dfc1b77, now test.multi_warehouse_demo.unique_stg_users_user_id.c2ff477e6b)
[0m18:28:14.162249 [debug] [Thread-1 (]: Began compiling node test.multi_warehouse_demo.unique_stg_users_user_id.c2ff477e6b
[0m18:28:14.166913 [debug] [Thread-1 (]: Writing injected SQL for node "test.multi_warehouse_demo.unique_stg_users_user_id.c2ff477e6b"
[0m18:28:14.167657 [debug] [Thread-1 (]: Began executing node test.multi_warehouse_demo.unique_stg_users_user_id.c2ff477e6b
[0m18:28:14.169716 [debug] [Thread-1 (]: Writing runtime sql for node "test.multi_warehouse_demo.unique_stg_users_user_id.c2ff477e6b"
[0m18:28:14.170760 [debug] [Thread-1 (]: Using snowflake connection "test.multi_warehouse_demo.unique_stg_users_user_id.c2ff477e6b"
[0m18:28:14.171102 [debug] [Thread-1 (]: On test.multi_warehouse_demo.unique_stg_users_user_id.c2ff477e6b: select
      count(*) as failures,
      count(*) != 0 as should_warn,
      count(*) != 0 as should_error
    from (
      
    
  
    
    

select
    user_id as unique_field,
    count(*) as n_records

from DEMO.ANALYTICS.stg_users
where user_id is not null
group by user_id
having count(*) > 1



  
  
      
    ) dbt_internal_test
/* {"app": "dbt", "dbt_version": "1.10.11", "profile_name": "multi_warehouse_demo", "target_name": "snowflake", "node_id": "test.multi_warehouse_demo.unique_stg_users_user_id.c2ff477e6b"} */
[0m18:28:14.366005 [debug] [Thread-1 (]: SQL status: SUCCESS 1 in 0.194 seconds
[0m18:28:14.371451 [info ] [Thread-1 (]: 17 of 25 PASS unique_stg_users_user_id ......................................... [[32mPASS[0m in 0.21s]
[0m18:28:14.372261 [debug] [Thread-1 (]: Finished running node test.multi_warehouse_demo.unique_stg_users_user_id.c2ff477e6b
[0m18:28:14.372759 [debug] [Thread-1 (]: Began running node model.multi_warehouse_demo.fct_orders
[0m18:28:14.373456 [info ] [Thread-1 (]: 18 of 25 START sql view model ANALYTICS.fct_orders ............................. [RUN]
[0m18:28:14.374087 [debug] [Thread-1 (]: Re-using an available connection from the pool (formerly test.multi_warehouse_demo.unique_stg_users_user_id.c2ff477e6b, now model.multi_warehouse_demo.fct_orders)
[0m18:28:14.374541 [debug] [Thread-1 (]: Began compiling node model.multi_warehouse_demo.fct_orders
[0m18:28:14.377711 [debug] [Thread-1 (]: Writing injected SQL for node "model.multi_warehouse_demo.fct_orders"
[0m18:28:14.378599 [debug] [Thread-1 (]: Began executing node model.multi_warehouse_demo.fct_orders
[0m18:28:14.382426 [debug] [Thread-1 (]: Writing runtime sql for node "model.multi_warehouse_demo.fct_orders"
[0m18:28:14.383421 [debug] [Thread-1 (]: Using snowflake connection "model.multi_warehouse_demo.fct_orders"
[0m18:28:14.383751 [debug] [Thread-1 (]: On model.multi_warehouse_demo.fct_orders: create or replace   view DEMO.ANALYTICS.fct_orders
  
  
  
  
  as (
    select
  o.order_id,
  o.user_id,
  o.order_ts,
  o.status,
  sum(oi.qty * oi.unit_price) as order_amount
from DEMO.ANALYTICS.stg_orders o
left join DEMO.ANALYTICS.stg_order_items oi
  on oi.order_id = o.order_id
group by 1,2,3,4
  )
/* {"app": "dbt", "dbt_version": "1.10.11", "profile_name": "multi_warehouse_demo", "target_name": "snowflake", "node_id": "model.multi_warehouse_demo.fct_orders"} */;
[0m18:28:14.557587 [debug] [Thread-1 (]: SQL status: SUCCESS 1 in 0.173 seconds
[0m18:28:14.563478 [debug] [Thread-1 (]: Sending event: {'category': 'dbt', 'action': 'run_model', 'label': 'f550b5af-8bac-4167-a74b-568640f4ff08', 'context': [<snowplow_tracker.self_describing_json.SelfDescribingJson object at 0x11569eff0>]}
[0m18:28:14.564145 [info ] [Thread-1 (]: 18 of 25 OK created sql view model ANALYTICS.fct_orders ........................ [[32mSUCCESS 1[0m in 0.19s]
[0m18:28:14.564644 [debug] [Thread-1 (]: Finished running node model.multi_warehouse_demo.fct_orders
[0m18:28:14.564974 [debug] [Thread-1 (]: Began running node model.multi_warehouse_demo.fct_orders_daily
[0m18:28:14.565444 [info ] [Thread-1 (]: 19 of 25 START sql incremental model ANALYTICS.fct_orders_daily ................ [RUN]
[0m18:28:14.565944 [debug] [Thread-1 (]: Re-using an available connection from the pool (formerly model.multi_warehouse_demo.fct_orders, now model.multi_warehouse_demo.fct_orders_daily)
[0m18:28:14.566293 [debug] [Thread-1 (]: Began compiling node model.multi_warehouse_demo.fct_orders_daily
[0m18:28:14.571301 [debug] [Thread-1 (]: Writing injected SQL for node "model.multi_warehouse_demo.fct_orders_daily"
[0m18:28:14.571858 [debug] [Thread-1 (]: Began executing node model.multi_warehouse_demo.fct_orders_daily
[0m18:28:14.581122 [debug] [Thread-1 (]: Writing runtime sql for node "model.multi_warehouse_demo.fct_orders_daily"
[0m18:28:14.582111 [debug] [Thread-1 (]: Using snowflake connection "model.multi_warehouse_demo.fct_orders_daily"
[0m18:28:14.582413 [debug] [Thread-1 (]: On model.multi_warehouse_demo.fct_orders_daily: create or replace transient table DEMO.ANALYTICS.fct_orders_daily
    
    
    
    as (

with base as (
  select
    date_trunc('day', o.order_ts)                   as order_date,
    sum(oi.qty * oi.unit_price)               as daily_revenue,
    count(distinct o.order_id)                as orders
  from DEMO.ANALYTICS.stg_orders o
  left join DEMO.ANALYTICS.stg_order_items oi
    on oi.order_id = o.order_id
  
  group by 1
)
select * from base


    )

/* {"app": "dbt", "dbt_version": "1.10.11", "profile_name": "multi_warehouse_demo", "target_name": "snowflake", "node_id": "model.multi_warehouse_demo.fct_orders_daily"} */;
[0m18:28:15.268841 [debug] [Thread-1 (]: SQL status: SUCCESS 1 in 0.686 seconds
[0m18:28:15.273733 [debug] [Thread-1 (]: Applying DROP to: DEMO.ANALYTICS.fct_orders_daily__dbt_tmp
[0m18:28:15.274782 [debug] [Thread-1 (]: Using snowflake connection "model.multi_warehouse_demo.fct_orders_daily"
[0m18:28:15.275159 [debug] [Thread-1 (]: On model.multi_warehouse_demo.fct_orders_daily: drop view if exists DEMO.ANALYTICS.fct_orders_daily__dbt_tmp cascade
/* {"app": "dbt", "dbt_version": "1.10.11", "profile_name": "multi_warehouse_demo", "target_name": "snowflake", "node_id": "model.multi_warehouse_demo.fct_orders_daily"} */
[0m18:28:15.364404 [debug] [Thread-1 (]: SQL status: SUCCESS 1 in 0.089 seconds
[0m18:28:15.370576 [debug] [Thread-1 (]: Sending event: {'category': 'dbt', 'action': 'run_model', 'label': 'f550b5af-8bac-4167-a74b-568640f4ff08', 'context': [<snowplow_tracker.self_describing_json.SelfDescribingJson object at 0x11569eed0>]}
[0m18:28:15.371516 [info ] [Thread-1 (]: 19 of 25 OK created sql incremental model ANALYTICS.fct_orders_daily ........... [[32mSUCCESS 1[0m in 0.80s]
[0m18:28:15.372226 [debug] [Thread-1 (]: Finished running node model.multi_warehouse_demo.fct_orders_daily
[0m18:28:15.372645 [debug] [Thread-1 (]: Began running node model.multi_warehouse_demo.dim_customers
[0m18:28:15.373150 [info ] [Thread-1 (]: 20 of 25 START sql view model ANALYTICS.dim_customers .......................... [RUN]
[0m18:28:15.373628 [debug] [Thread-1 (]: Re-using an available connection from the pool (formerly model.multi_warehouse_demo.fct_orders_daily, now model.multi_warehouse_demo.dim_customers)
[0m18:28:15.373977 [debug] [Thread-1 (]: Began compiling node model.multi_warehouse_demo.dim_customers
[0m18:28:15.377821 [debug] [Thread-1 (]: Writing injected SQL for node "model.multi_warehouse_demo.dim_customers"
[0m18:28:15.378504 [debug] [Thread-1 (]: Began executing node model.multi_warehouse_demo.dim_customers
[0m18:28:15.381037 [debug] [Thread-1 (]: Writing runtime sql for node "model.multi_warehouse_demo.dim_customers"
[0m18:28:15.382392 [debug] [Thread-1 (]: Using snowflake connection "model.multi_warehouse_demo.dim_customers"
[0m18:28:15.382736 [debug] [Thread-1 (]: On model.multi_warehouse_demo.dim_customers: create or replace   view DEMO.ANALYTICS.dim_customers
  
  
  
  
  as (
    select
  u.user_id,
  u.email,
  u.country,
  min(o.order_ts)                                    as first_order_ts,
  max(o.order_ts)                                    as last_order_ts,
  count(case when o.status='completed' then 1 end)   as completed_orders
from DEMO.ANALYTICS.stg_users u
left join DEMO.ANALYTICS.stg_orders o
  on o.user_id = u.user_id
group by 1,2,3
  )
/* {"app": "dbt", "dbt_version": "1.10.11", "profile_name": "multi_warehouse_demo", "target_name": "snowflake", "node_id": "model.multi_warehouse_demo.dim_customers"} */;
[0m18:28:15.584628 [debug] [Thread-1 (]: SQL status: SUCCESS 1 in 0.201 seconds
[0m18:28:15.589678 [debug] [Thread-1 (]: Sending event: {'category': 'dbt', 'action': 'run_model', 'label': 'f550b5af-8bac-4167-a74b-568640f4ff08', 'context': [<snowplow_tracker.self_describing_json.SelfDescribingJson object at 0x11569ec90>]}
[0m18:28:15.590578 [info ] [Thread-1 (]: 20 of 25 OK created sql view model ANALYTICS.dim_customers ..................... [[32mSUCCESS 1[0m in 0.22s]
[0m18:28:15.591406 [debug] [Thread-1 (]: Finished running node model.multi_warehouse_demo.dim_customers
[0m18:28:15.591990 [debug] [Thread-1 (]: Began running node test.multi_warehouse_demo.not_null_fct_orders_order_amount.ca14a44d1f
[0m18:28:15.592584 [info ] [Thread-1 (]: 21 of 25 START test not_null_fct_orders_order_amount ........................... [RUN]
[0m18:28:15.593294 [debug] [Thread-1 (]: Re-using an available connection from the pool (formerly model.multi_warehouse_demo.dim_customers, now test.multi_warehouse_demo.not_null_fct_orders_order_amount.ca14a44d1f)
[0m18:28:15.593750 [debug] [Thread-1 (]: Began compiling node test.multi_warehouse_demo.not_null_fct_orders_order_amount.ca14a44d1f
[0m18:28:15.599320 [debug] [Thread-1 (]: Writing injected SQL for node "test.multi_warehouse_demo.not_null_fct_orders_order_amount.ca14a44d1f"
[0m18:28:15.600234 [debug] [Thread-1 (]: Began executing node test.multi_warehouse_demo.not_null_fct_orders_order_amount.ca14a44d1f
[0m18:28:15.602556 [debug] [Thread-1 (]: Writing runtime sql for node "test.multi_warehouse_demo.not_null_fct_orders_order_amount.ca14a44d1f"
[0m18:28:15.603748 [debug] [Thread-1 (]: Using snowflake connection "test.multi_warehouse_demo.not_null_fct_orders_order_amount.ca14a44d1f"
[0m18:28:15.604144 [debug] [Thread-1 (]: On test.multi_warehouse_demo.not_null_fct_orders_order_amount.ca14a44d1f: select
      count(*) as failures,
      count(*) != 0 as should_warn,
      count(*) != 0 as should_error
    from (
      
    
  
    
    



select order_amount
from DEMO.ANALYTICS.fct_orders
where order_amount is null



  
  
      
    ) dbt_internal_test
/* {"app": "dbt", "dbt_version": "1.10.11", "profile_name": "multi_warehouse_demo", "target_name": "snowflake", "node_id": "test.multi_warehouse_demo.not_null_fct_orders_order_amount.ca14a44d1f"} */
[0m18:28:15.997523 [debug] [Thread-1 (]: SQL status: SUCCESS 1 in 0.393 seconds
[0m18:28:16.003880 [info ] [Thread-1 (]: 21 of 25 PASS not_null_fct_orders_order_amount ................................. [[32mPASS[0m in 0.41s]
[0m18:28:16.004538 [debug] [Thread-1 (]: Finished running node test.multi_warehouse_demo.not_null_fct_orders_order_amount.ca14a44d1f
[0m18:28:16.004949 [debug] [Thread-1 (]: Began running node test.multi_warehouse_demo.not_null_fct_orders_order_id.4e687af8d0
[0m18:28:16.005380 [info ] [Thread-1 (]: 22 of 25 START test not_null_fct_orders_order_id ............................... [RUN]
[0m18:28:16.005920 [debug] [Thread-1 (]: Re-using an available connection from the pool (formerly test.multi_warehouse_demo.not_null_fct_orders_order_amount.ca14a44d1f, now test.multi_warehouse_demo.not_null_fct_orders_order_id.4e687af8d0)
[0m18:28:16.006305 [debug] [Thread-1 (]: Began compiling node test.multi_warehouse_demo.not_null_fct_orders_order_id.4e687af8d0
[0m18:28:16.010601 [debug] [Thread-1 (]: Writing injected SQL for node "test.multi_warehouse_demo.not_null_fct_orders_order_id.4e687af8d0"
[0m18:28:16.011281 [debug] [Thread-1 (]: Began executing node test.multi_warehouse_demo.not_null_fct_orders_order_id.4e687af8d0
[0m18:28:16.013183 [debug] [Thread-1 (]: Writing runtime sql for node "test.multi_warehouse_demo.not_null_fct_orders_order_id.4e687af8d0"
[0m18:28:16.014037 [debug] [Thread-1 (]: Using snowflake connection "test.multi_warehouse_demo.not_null_fct_orders_order_id.4e687af8d0"
[0m18:28:16.014352 [debug] [Thread-1 (]: On test.multi_warehouse_demo.not_null_fct_orders_order_id.4e687af8d0: select
      count(*) as failures,
      count(*) != 0 as should_warn,
      count(*) != 0 as should_error
    from (
      
    
  
    
    



select order_id
from DEMO.ANALYTICS.fct_orders
where order_id is null



  
  
      
    ) dbt_internal_test
/* {"app": "dbt", "dbt_version": "1.10.11", "profile_name": "multi_warehouse_demo", "target_name": "snowflake", "node_id": "test.multi_warehouse_demo.not_null_fct_orders_order_id.4e687af8d0"} */
[0m18:28:16.147110 [debug] [Thread-1 (]: SQL status: SUCCESS 1 in 0.132 seconds
[0m18:28:16.153348 [info ] [Thread-1 (]: 22 of 25 PASS not_null_fct_orders_order_id ..................................... [[32mPASS[0m in 0.15s]
[0m18:28:16.154331 [debug] [Thread-1 (]: Finished running node test.multi_warehouse_demo.not_null_fct_orders_order_id.4e687af8d0
[0m18:28:16.154680 [debug] [Thread-1 (]: Began running node test.multi_warehouse_demo.unique_fct_orders_order_id.523ddb6ce5
[0m18:28:16.155050 [info ] [Thread-1 (]: 23 of 25 START test unique_fct_orders_order_id ................................. [RUN]
[0m18:28:16.155478 [debug] [Thread-1 (]: Re-using an available connection from the pool (formerly test.multi_warehouse_demo.not_null_fct_orders_order_id.4e687af8d0, now test.multi_warehouse_demo.unique_fct_orders_order_id.523ddb6ce5)
[0m18:28:16.155795 [debug] [Thread-1 (]: Began compiling node test.multi_warehouse_demo.unique_fct_orders_order_id.523ddb6ce5
[0m18:28:16.159370 [debug] [Thread-1 (]: Writing injected SQL for node "test.multi_warehouse_demo.unique_fct_orders_order_id.523ddb6ce5"
[0m18:28:16.160014 [debug] [Thread-1 (]: Began executing node test.multi_warehouse_demo.unique_fct_orders_order_id.523ddb6ce5
[0m18:28:16.162687 [debug] [Thread-1 (]: Writing runtime sql for node "test.multi_warehouse_demo.unique_fct_orders_order_id.523ddb6ce5"
[0m18:28:16.163646 [debug] [Thread-1 (]: Using snowflake connection "test.multi_warehouse_demo.unique_fct_orders_order_id.523ddb6ce5"
[0m18:28:16.163949 [debug] [Thread-1 (]: On test.multi_warehouse_demo.unique_fct_orders_order_id.523ddb6ce5: select
      count(*) as failures,
      count(*) != 0 as should_warn,
      count(*) != 0 as should_error
    from (
      
    
  
    
    

select
    order_id as unique_field,
    count(*) as n_records

from DEMO.ANALYTICS.fct_orders
where order_id is not null
group by order_id
having count(*) > 1



  
  
      
    ) dbt_internal_test
/* {"app": "dbt", "dbt_version": "1.10.11", "profile_name": "multi_warehouse_demo", "target_name": "snowflake", "node_id": "test.multi_warehouse_demo.unique_fct_orders_order_id.523ddb6ce5"} */
[0m18:28:16.387781 [debug] [Thread-1 (]: SQL status: SUCCESS 1 in 0.223 seconds
[0m18:28:16.390243 [info ] [Thread-1 (]: 23 of 25 PASS unique_fct_orders_order_id ....................................... [[32mPASS[0m in 0.23s]
[0m18:28:16.390857 [debug] [Thread-1 (]: Finished running node test.multi_warehouse_demo.unique_fct_orders_order_id.523ddb6ce5
[0m18:28:16.391253 [debug] [Thread-1 (]: Began running node test.multi_warehouse_demo.not_null_dim_customers_user_id.d6a844546c
[0m18:28:16.391692 [info ] [Thread-1 (]: 24 of 25 START test not_null_dim_customers_user_id ............................. [RUN]
[0m18:28:16.392219 [debug] [Thread-1 (]: Re-using an available connection from the pool (formerly test.multi_warehouse_demo.unique_fct_orders_order_id.523ddb6ce5, now test.multi_warehouse_demo.not_null_dim_customers_user_id.d6a844546c)
[0m18:28:16.392603 [debug] [Thread-1 (]: Began compiling node test.multi_warehouse_demo.not_null_dim_customers_user_id.d6a844546c
[0m18:28:16.396570 [debug] [Thread-1 (]: Writing injected SQL for node "test.multi_warehouse_demo.not_null_dim_customers_user_id.d6a844546c"
[0m18:28:16.397473 [debug] [Thread-1 (]: Began executing node test.multi_warehouse_demo.not_null_dim_customers_user_id.d6a844546c
[0m18:28:16.402933 [debug] [Thread-1 (]: Writing runtime sql for node "test.multi_warehouse_demo.not_null_dim_customers_user_id.d6a844546c"
[0m18:28:16.403749 [debug] [Thread-1 (]: Using snowflake connection "test.multi_warehouse_demo.not_null_dim_customers_user_id.d6a844546c"
[0m18:28:16.404045 [debug] [Thread-1 (]: On test.multi_warehouse_demo.not_null_dim_customers_user_id.d6a844546c: select
      count(*) as failures,
      count(*) != 0 as should_warn,
      count(*) != 0 as should_error
    from (
      
    
  
    
    



select user_id
from DEMO.ANALYTICS.dim_customers
where user_id is null



  
  
      
    ) dbt_internal_test
/* {"app": "dbt", "dbt_version": "1.10.11", "profile_name": "multi_warehouse_demo", "target_name": "snowflake", "node_id": "test.multi_warehouse_demo.not_null_dim_customers_user_id.d6a844546c"} */
[0m18:28:16.619481 [debug] [Thread-1 (]: SQL status: SUCCESS 1 in 0.215 seconds
[0m18:28:16.624802 [info ] [Thread-1 (]: 24 of 25 PASS not_null_dim_customers_user_id ................................... [[32mPASS[0m in 0.23s]
[0m18:28:16.625654 [debug] [Thread-1 (]: Finished running node test.multi_warehouse_demo.not_null_dim_customers_user_id.d6a844546c
[0m18:28:16.626112 [debug] [Thread-1 (]: Began running node test.multi_warehouse_demo.unique_dim_customers_user_id.a4ad18eff3
[0m18:28:16.626603 [info ] [Thread-1 (]: 25 of 25 START test unique_dim_customers_user_id ............................... [RUN]
[0m18:28:16.627126 [debug] [Thread-1 (]: Re-using an available connection from the pool (formerly test.multi_warehouse_demo.not_null_dim_customers_user_id.d6a844546c, now test.multi_warehouse_demo.unique_dim_customers_user_id.a4ad18eff3)
[0m18:28:16.627675 [debug] [Thread-1 (]: Began compiling node test.multi_warehouse_demo.unique_dim_customers_user_id.a4ad18eff3
[0m18:28:16.632971 [debug] [Thread-1 (]: Writing injected SQL for node "test.multi_warehouse_demo.unique_dim_customers_user_id.a4ad18eff3"
[0m18:28:16.633761 [debug] [Thread-1 (]: Began executing node test.multi_warehouse_demo.unique_dim_customers_user_id.a4ad18eff3
[0m18:28:16.636914 [debug] [Thread-1 (]: Writing runtime sql for node "test.multi_warehouse_demo.unique_dim_customers_user_id.a4ad18eff3"
[0m18:28:16.638068 [debug] [Thread-1 (]: Using snowflake connection "test.multi_warehouse_demo.unique_dim_customers_user_id.a4ad18eff3"
[0m18:28:16.638469 [debug] [Thread-1 (]: On test.multi_warehouse_demo.unique_dim_customers_user_id.a4ad18eff3: select
      count(*) as failures,
      count(*) != 0 as should_warn,
      count(*) != 0 as should_error
    from (
      
    
  
    
    

select
    user_id as unique_field,
    count(*) as n_records

from DEMO.ANALYTICS.dim_customers
where user_id is not null
group by user_id
having count(*) > 1



  
  
      
    ) dbt_internal_test
/* {"app": "dbt", "dbt_version": "1.10.11", "profile_name": "multi_warehouse_demo", "target_name": "snowflake", "node_id": "test.multi_warehouse_demo.unique_dim_customers_user_id.a4ad18eff3"} */
[0m18:28:17.019925 [debug] [Thread-1 (]: SQL status: SUCCESS 1 in 0.381 seconds
[0m18:28:17.024587 [info ] [Thread-1 (]: 25 of 25 PASS unique_dim_customers_user_id ..................................... [[32mPASS[0m in 0.40s]
[0m18:28:17.025394 [debug] [Thread-1 (]: Finished running node test.multi_warehouse_demo.unique_dim_customers_user_id.a4ad18eff3
[0m18:28:17.026966 [debug] [MainThread]: Connection 'master' was properly closed.
[0m18:28:17.027356 [debug] [MainThread]: Connection 'test.multi_warehouse_demo.unique_dim_customers_user_id.a4ad18eff3' was left open.
[0m18:28:17.027715 [debug] [MainThread]: On test.multi_warehouse_demo.unique_dim_customers_user_id.a4ad18eff3: Close
[0m18:28:17.112883 [info ] [MainThread]: 
[0m18:28:17.113507 [info ] [MainThread]: Finished running 2 incremental models, 4 seeds, 1 snapshot, 14 data tests, 4 view models in 0 hours 0 minutes and 18.13 seconds (18.13s).
[0m18:28:17.118122 [debug] [MainThread]: Command end result
[0m18:28:17.144006 [debug] [MainThread]: Wrote artifact WritableManifest to /Users/austinabrahamanjiparambilhayis/Documents/repos/dbt-multi-warehouse-demo/target/manifest.json
[0m18:28:17.145533 [debug] [MainThread]: Wrote artifact SemanticManifest to /Users/austinabrahamanjiparambilhayis/Documents/repos/dbt-multi-warehouse-demo/target/semantic_manifest.json
[0m18:28:17.150928 [debug] [MainThread]: Wrote artifact RunExecutionResult to /Users/austinabrahamanjiparambilhayis/Documents/repos/dbt-multi-warehouse-demo/target/run_results.json
[0m18:28:17.151186 [info ] [MainThread]: 
[0m18:28:17.151459 [info ] [MainThread]: [32mCompleted successfully[0m
[0m18:28:17.151692 [info ] [MainThread]: 
[0m18:28:17.151927 [info ] [MainThread]: Done. PASS=25 WARN=0 ERROR=0 SKIP=0 NO-OP=0 TOTAL=25
[0m18:28:17.152333 [warn ] [MainThread]: [[33mWARNING[0m][DeprecationsSummary]: Deprecated functionality
Summary of encountered deprecations:
- MissingArgumentsPropertyInGenericTestDeprecation: 1 occurrence
To see all deprecation instances instead of just the first occurrence of each,
run command again with the `--show-all-deprecations` flag. You may also need to
run with `--no-partial-parse` as some deprecations are only encountered during
parsing.
[0m18:28:17.155146 [debug] [MainThread]: Resource report: {"command_name": "build", "command_success": true, "command_wall_clock_time": 19.450954, "process_in_blocks": "0", "process_kernel_time": 0.441181, "process_mem_max_rss": "176586752", "process_out_blocks": "0", "process_user_time": 3.499902}
[0m18:28:17.155477 [debug] [MainThread]: Command `dbt build` succeeded at 18:28:17.155410 after 19.45 seconds
[0m18:28:17.155862 [debug] [MainThread]: Sending event: {'category': 'dbt', 'action': 'invocation', 'label': 'end', 'context': [<snowplow_tracker.self_describing_json.SelfDescribingJson object at 0x107c6f5f0>, <snowplow_tracker.self_describing_json.SelfDescribingJson object at 0x116883ad0>, <snowplow_tracker.self_describing_json.SelfDescribingJson object at 0x116883950>]}
[0m18:28:17.156119 [debug] [MainThread]: Flushing usage events
[0m18:28:17.691183 [debug] [MainThread]: An error was encountered while trying to flush usage events
[0m18:29:15.648656 [debug] [MainThread]: Sending event: {'category': 'dbt', 'action': 'invocation', 'label': 'start', 'context': [<snowplow_tracker.self_describing_json.SelfDescribingJson object at 0x107ddc050>, <snowplow_tracker.self_describing_json.SelfDescribingJson object at 0x109873610>, <snowplow_tracker.self_describing_json.SelfDescribingJson object at 0x109873890>]}


============================== 18:29:15.653049 | 21a7129b-4c43-4802-ac65-ebf5f0ef66a6 ==============================
[0m18:29:15.653049 [info ] [MainThread]: Running with dbt=1.10.11
[0m18:29:15.653533 [debug] [MainThread]: running dbt with arguments {'invocation_command': 'dbt run --models stg_users stg_orders', 'introspect': 'True', 'log_format': 'default', 'profiles_dir': '/Users/austinabrahamanjiparambilhayis/.dbt', 'send_anonymous_usage_stats': 'True', 'use_experimental_parser': 'False', 'debug': 'False', 'use_colors': 'True', 'warn_error': 'None', 'write_json': 'True', 'version_check': 'True', 'partial_parse': 'True', 'log_cache_events': 'False', 'empty': 'False', 'warn_error_options': 'WarnErrorOptionsV2(error=[], warn=[], silence=[])', 'fail_fast': 'False', 'no_print': 'None', 'target_path': 'None', 'cache_selected_only': 'False', 'quiet': 'False', 'printer_width': '80', 'indirect_selection': 'eager', 'static_parser': 'True', 'log_path': '/Users/austinabrahamanjiparambilhayis/Documents/repos/dbt-multi-warehouse-demo/logs'}
[0m18:29:15.653907 [warn ] [MainThread]: [[33mWARNING[0m]: Deprecated functionality
Usage of `--models`, `--model`, and `-m` is deprecated in favor of `--select` or
`-s`.
[0m18:29:15.654180 [debug] [MainThread]: Sending event: {'category': 'dbt', 'action': 'deprecation', 'label': '21a7129b-4c43-4802-ac65-ebf5f0ef66a6', 'property_': 'warn', 'context': [<snowplow_tracker.self_describing_json.SelfDescribingJson object at 0x108f5f490>]}
[0m18:29:16.080153 [debug] [MainThread]: Sending event: {'category': 'dbt', 'action': 'project_id', 'label': '21a7129b-4c43-4802-ac65-ebf5f0ef66a6', 'context': [<snowplow_tracker.self_describing_json.SelfDescribingJson object at 0x10b83fdf0>]}
[0m18:29:16.128168 [debug] [MainThread]: Sending event: {'category': 'dbt', 'action': 'adapter_info', 'label': '21a7129b-4c43-4802-ac65-ebf5f0ef66a6', 'context': [<snowplow_tracker.self_describing_json.SelfDescribingJson object at 0x10b85e750>]}
[0m18:29:16.129056 [info ] [MainThread]: Registered adapter: snowflake=1.10.2
[0m18:29:16.225478 [debug] [MainThread]: checksum: 5335e1629744fab92fa7809c625edbb36f0d7063a879d6215c971798f27e66f9, vars: {}, profile: , target: , version: 1.10.11
[0m18:29:16.334362 [info ] [MainThread]: Unable to do partial parsing because config vars, config profile, or config target have changed
[0m18:29:16.334713 [debug] [MainThread]: previous checksum: 5335e1629744fab92fa7809c625edbb36f0d7063a879d6215c971798f27e66f9, current checksum: 4b2932c454f70de800a6273c3b863cdea123318ee929078b65e5e487dd3470c0
[0m18:29:16.334987 [debug] [MainThread]: Sending event: {'category': 'dbt', 'action': 'partial_parser', 'label': '21a7129b-4c43-4802-ac65-ebf5f0ef66a6', 'context': [<snowplow_tracker.self_describing_json.SelfDescribingJson object at 0x10be1d4f0>]}
[0m18:29:17.454630 [warn ] [MainThread]: [[33mWARNING[0m][MissingArgumentsPropertyInGenericTestDeprecation]: Deprecated
functionality
Found top-level arguments to test `accepted_values`. Arguments to generic tests
should be nested under the `arguments` property.`
[0m18:29:17.455045 [debug] [MainThread]: Sending event: {'category': 'dbt', 'action': 'deprecation', 'label': '21a7129b-4c43-4802-ac65-ebf5f0ef66a6', 'property_': 'warn', 'context': [<snowplow_tracker.self_describing_json.SelfDescribingJson object at 0x10bfacd70>]}
[0m18:29:17.640956 [debug] [MainThread]: Sending event: {'category': 'dbt', 'action': 'load_project', 'label': '21a7129b-4c43-4802-ac65-ebf5f0ef66a6', 'context': [<snowplow_tracker.self_describing_json.SelfDescribingJson object at 0x10bd81e60>]}
[0m18:29:17.729016 [debug] [MainThread]: Wrote artifact WritableManifest to /Users/austinabrahamanjiparambilhayis/Documents/repos/dbt-multi-warehouse-demo/target/manifest.json
[0m18:29:17.730861 [debug] [MainThread]: Wrote artifact SemanticManifest to /Users/austinabrahamanjiparambilhayis/Documents/repos/dbt-multi-warehouse-demo/target/semantic_manifest.json
[0m18:29:17.748641 [debug] [MainThread]: Sending event: {'category': 'dbt', 'action': 'resource_counts', 'label': '21a7129b-4c43-4802-ac65-ebf5f0ef66a6', 'context': [<snowplow_tracker.self_describing_json.SelfDescribingJson object at 0x10be7be90>]}
[0m18:29:17.749004 [info ] [MainThread]: Found 6 models, 1 snapshot, 4 seeds, 14 data tests, 4 sources, 480 macros
[0m18:29:17.749266 [debug] [MainThread]: Sending event: {'category': 'dbt', 'action': 'runnable_timing', 'label': '21a7129b-4c43-4802-ac65-ebf5f0ef66a6', 'context': [<snowplow_tracker.self_describing_json.SelfDescribingJson object at 0x10d92ea40>]}
[0m18:29:17.750753 [info ] [MainThread]: 
[0m18:29:17.751019 [info ] [MainThread]: Concurrency: 1 threads (target='snowflake')
[0m18:29:17.751227 [info ] [MainThread]: 
[0m18:29:17.751574 [debug] [MainThread]: Acquiring new snowflake connection 'master'
[0m18:29:17.754977 [debug] [ThreadPool]: Acquiring new snowflake connection 'list_DEMO'
[0m18:29:17.802881 [debug] [ThreadPool]: Using snowflake connection "list_DEMO"
[0m18:29:17.803193 [debug] [ThreadPool]: On list_DEMO: show terse schemas in database DEMO
    limit 10000
/* {"app": "dbt", "dbt_version": "1.10.11", "profile_name": "multi_warehouse_demo", "target_name": "snowflake", "connection_name": "list_DEMO"} */
[0m18:29:17.803431 [debug] [ThreadPool]: Opening a new connection, currently in state init
[0m18:29:18.627920 [debug] [ThreadPool]: SQL status: SUCCESS 4 in 0.824 seconds
[0m18:29:18.630504 [debug] [ThreadPool]: Re-using an available connection from the pool (formerly list_DEMO, now list_DEMO_analytics_snapshots)
[0m18:29:18.641450 [debug] [ThreadPool]: Using snowflake connection "list_DEMO_analytics_snapshots"
[0m18:29:18.641764 [debug] [ThreadPool]: On list_DEMO_analytics_snapshots: show objects in DEMO.analytics_snapshots
    limit 10000
    

/* {"app": "dbt", "dbt_version": "1.10.11", "profile_name": "multi_warehouse_demo", "target_name": "snowflake", "connection_name": "list_DEMO_analytics_snapshots"} */;
[0m18:29:18.714490 [debug] [ThreadPool]: SQL status: SUCCESS 1 in 0.072 seconds
[0m18:29:18.716161 [debug] [ThreadPool]: Re-using an available connection from the pool (formerly list_DEMO_analytics_snapshots, now list_DEMO_ANALYTICS)
[0m18:29:18.718017 [debug] [ThreadPool]: Using snowflake connection "list_DEMO_ANALYTICS"
[0m18:29:18.718294 [debug] [ThreadPool]: On list_DEMO_ANALYTICS: show objects in DEMO.ANALYTICS
    limit 10000
    

/* {"app": "dbt", "dbt_version": "1.10.11", "profile_name": "multi_warehouse_demo", "target_name": "snowflake", "connection_name": "list_DEMO_ANALYTICS"} */;
[0m18:29:18.831167 [debug] [ThreadPool]: SQL status: SUCCESS 10 in 0.113 seconds
[0m18:29:18.834792 [debug] [MainThread]: Sending event: {'category': 'dbt', 'action': 'runnable_timing', 'label': '21a7129b-4c43-4802-ac65-ebf5f0ef66a6', 'context': [<snowplow_tracker.self_describing_json.SelfDescribingJson object at 0x10ba1cd70>]}
[0m18:29:18.837389 [debug] [Thread-1 (]: Began running node model.multi_warehouse_demo.stg_orders
[0m18:29:18.837805 [info ] [Thread-1 (]: 1 of 2 START sql incremental model ANALYTICS.stg_orders ........................ [RUN]
[0m18:29:18.838136 [debug] [Thread-1 (]: Re-using an available connection from the pool (formerly list_DEMO_ANALYTICS, now model.multi_warehouse_demo.stg_orders)
[0m18:29:18.838397 [debug] [Thread-1 (]: Began compiling node model.multi_warehouse_demo.stg_orders
[0m18:29:18.848011 [debug] [Thread-1 (]: Writing injected SQL for node "model.multi_warehouse_demo.stg_orders"
[0m18:29:18.848963 [debug] [Thread-1 (]: Began executing node model.multi_warehouse_demo.stg_orders
[0m18:29:18.891786 [debug] [Thread-1 (]: Using snowflake connection "model.multi_warehouse_demo.stg_orders"
[0m18:29:18.892207 [debug] [Thread-1 (]: On model.multi_warehouse_demo.stg_orders: create or replace  temporary view DEMO.ANALYTICS.stg_orders__dbt_tmp
  
  
  
  
  as (
    

with src as (
  select * from DEMO.analytics.raw_orders
)

select
  cast(order_id as integer)          as order_id,
  cast(user_id as integer)           as user_id,
  cast(order_ts as timestamp)        as order_ts,
  status
from src

  where order_ts > (select coalesce(max(order_ts), '1900-01-01') from DEMO.ANALYTICS.stg_orders)


-- Optional bounded window using vars

  )
/* {"app": "dbt", "dbt_version": "1.10.11", "profile_name": "multi_warehouse_demo", "target_name": "snowflake", "node_id": "model.multi_warehouse_demo.stg_orders"} */;
[0m18:29:19.059122 [debug] [Thread-1 (]: SQL status: SUCCESS 1 in 0.167 seconds
[0m18:29:19.066381 [debug] [Thread-1 (]: Using snowflake connection "model.multi_warehouse_demo.stg_orders"
[0m18:29:19.066744 [debug] [Thread-1 (]: On model.multi_warehouse_demo.stg_orders: describe table DEMO.ANALYTICS.stg_orders__dbt_tmp
/* {"app": "dbt", "dbt_version": "1.10.11", "profile_name": "multi_warehouse_demo", "target_name": "snowflake", "node_id": "model.multi_warehouse_demo.stg_orders"} */
[0m18:29:19.129933 [debug] [Thread-1 (]: SQL status: SUCCESS 4 in 0.063 seconds
[0m18:29:19.140775 [debug] [Thread-1 (]: Using snowflake connection "model.multi_warehouse_demo.stg_orders"
[0m18:29:19.141128 [debug] [Thread-1 (]: On model.multi_warehouse_demo.stg_orders: describe table DEMO.ANALYTICS.stg_orders
/* {"app": "dbt", "dbt_version": "1.10.11", "profile_name": "multi_warehouse_demo", "target_name": "snowflake", "node_id": "model.multi_warehouse_demo.stg_orders"} */
[0m18:29:19.209018 [debug] [Thread-1 (]: SQL status: SUCCESS 4 in 0.068 seconds
[0m18:29:19.215239 [debug] [Thread-1 (]: Using snowflake connection "model.multi_warehouse_demo.stg_orders"
[0m18:29:19.215580 [debug] [Thread-1 (]: On model.multi_warehouse_demo.stg_orders: describe table "DEMO"."ANALYTICS"."STG_ORDERS"
/* {"app": "dbt", "dbt_version": "1.10.11", "profile_name": "multi_warehouse_demo", "target_name": "snowflake", "node_id": "model.multi_warehouse_demo.stg_orders"} */
[0m18:29:19.266177 [debug] [Thread-1 (]: SQL status: SUCCESS 4 in 0.050 seconds
[0m18:29:19.296474 [debug] [Thread-1 (]: Writing runtime sql for node "model.multi_warehouse_demo.stg_orders"
[0m18:29:19.297637 [debug] [Thread-1 (]: Using snowflake connection "model.multi_warehouse_demo.stg_orders"
[0m18:29:19.297939 [debug] [Thread-1 (]: On model.multi_warehouse_demo.stg_orders: -- back compat for old kwarg name
  
  begin
/* {"app": "dbt", "dbt_version": "1.10.11", "profile_name": "multi_warehouse_demo", "target_name": "snowflake", "node_id": "model.multi_warehouse_demo.stg_orders"} */;
[0m18:29:19.368952 [debug] [Thread-1 (]: SQL status: SUCCESS 1 in 0.071 seconds
[0m18:29:19.369356 [debug] [Thread-1 (]: Using snowflake connection "model.multi_warehouse_demo.stg_orders"
[0m18:29:19.369651 [debug] [Thread-1 (]: On model.multi_warehouse_demo.stg_orders: merge into DEMO.ANALYTICS.stg_orders as DBT_INTERNAL_DEST
        using DEMO.ANALYTICS.stg_orders__dbt_tmp as DBT_INTERNAL_SOURCE
        on ((DBT_INTERNAL_SOURCE.order_id = DBT_INTERNAL_DEST.order_id))

    
    when matched then update set
        "ORDER_ID" = DBT_INTERNAL_SOURCE."ORDER_ID","USER_ID" = DBT_INTERNAL_SOURCE."USER_ID","ORDER_TS" = DBT_INTERNAL_SOURCE."ORDER_TS","STATUS" = DBT_INTERNAL_SOURCE."STATUS"
    

    when not matched then insert
        ("ORDER_ID", "USER_ID", "ORDER_TS", "STATUS")
    values
        ("ORDER_ID", "USER_ID", "ORDER_TS", "STATUS")


/* {"app": "dbt", "dbt_version": "1.10.11", "profile_name": "multi_warehouse_demo", "target_name": "snowflake", "node_id": "model.multi_warehouse_demo.stg_orders"} */;
[0m18:29:19.893195 [debug] [Thread-1 (]: SQL status: SUCCESS 0 in 0.523 seconds
[0m18:29:19.894804 [debug] [Thread-1 (]: Using snowflake connection "model.multi_warehouse_demo.stg_orders"
[0m18:29:19.895449 [debug] [Thread-1 (]: On model.multi_warehouse_demo.stg_orders: COMMIT
/* {"app": "dbt", "dbt_version": "1.10.11", "profile_name": "multi_warehouse_demo", "target_name": "snowflake", "node_id": "model.multi_warehouse_demo.stg_orders"} */
[0m18:29:20.074273 [debug] [Thread-1 (]: SQL status: SUCCESS 1 in 0.178 seconds
[0m18:29:20.086062 [debug] [Thread-1 (]: Applying DROP to: DEMO.ANALYTICS.stg_orders__dbt_tmp
[0m18:29:20.092396 [debug] [Thread-1 (]: Using snowflake connection "model.multi_warehouse_demo.stg_orders"
[0m18:29:20.092769 [debug] [Thread-1 (]: On model.multi_warehouse_demo.stg_orders: drop view if exists DEMO.ANALYTICS.stg_orders__dbt_tmp cascade
/* {"app": "dbt", "dbt_version": "1.10.11", "profile_name": "multi_warehouse_demo", "target_name": "snowflake", "node_id": "model.multi_warehouse_demo.stg_orders"} */
[0m18:29:20.171219 [debug] [Thread-1 (]: SQL status: SUCCESS 1 in 0.078 seconds
[0m18:29:20.196673 [debug] [Thread-1 (]: Sending event: {'category': 'dbt', 'action': 'run_model', 'label': '21a7129b-4c43-4802-ac65-ebf5f0ef66a6', 'context': [<snowplow_tracker.self_describing_json.SelfDescribingJson object at 0x107f0cad0>]}
[0m18:29:20.197297 [info ] [Thread-1 (]: 1 of 2 OK created sql incremental model ANALYTICS.stg_orders ................... [[32mSUCCESS 0[0m in 1.36s]
[0m18:29:20.197795 [debug] [Thread-1 (]: Finished running node model.multi_warehouse_demo.stg_orders
[0m18:29:20.198105 [debug] [Thread-1 (]: Began running node model.multi_warehouse_demo.stg_users
[0m18:29:20.198600 [info ] [Thread-1 (]: 2 of 2 START sql view model ANALYTICS.stg_users ................................ [RUN]
[0m18:29:20.198973 [debug] [Thread-1 (]: Re-using an available connection from the pool (formerly model.multi_warehouse_demo.stg_orders, now model.multi_warehouse_demo.stg_users)
[0m18:29:20.199261 [debug] [Thread-1 (]: Began compiling node model.multi_warehouse_demo.stg_users
[0m18:29:20.201390 [debug] [Thread-1 (]: Writing injected SQL for node "model.multi_warehouse_demo.stg_users"
[0m18:29:20.202258 [debug] [Thread-1 (]: Began executing node model.multi_warehouse_demo.stg_users
[0m18:29:20.214500 [debug] [Thread-1 (]: Writing runtime sql for node "model.multi_warehouse_demo.stg_users"
[0m18:29:20.215351 [debug] [Thread-1 (]: Using snowflake connection "model.multi_warehouse_demo.stg_users"
[0m18:29:20.215866 [debug] [Thread-1 (]: On model.multi_warehouse_demo.stg_users: create or replace   view DEMO.ANALYTICS.stg_users
  
  
  
  
  as (
    with src as (
  select * from DEMO.analytics.raw_users
)
select
  cast(user_id as integer)           as user_id,
  lower(email)                       as email,
  country,
  cast(created_at as timestamp)      as created_at
from src
  )
/* {"app": "dbt", "dbt_version": "1.10.11", "profile_name": "multi_warehouse_demo", "target_name": "snowflake", "node_id": "model.multi_warehouse_demo.stg_users"} */;
[0m18:29:20.359206 [debug] [Thread-1 (]: SQL status: SUCCESS 1 in 0.143 seconds
[0m18:29:20.367033 [debug] [Thread-1 (]: Sending event: {'category': 'dbt', 'action': 'run_model', 'label': '21a7129b-4c43-4802-ac65-ebf5f0ef66a6', 'context': [<snowplow_tracker.self_describing_json.SelfDescribingJson object at 0x10e8abee0>]}
[0m18:29:20.367962 [info ] [Thread-1 (]: 2 of 2 OK created sql view model ANALYTICS.stg_users ........................... [[32mSUCCESS 1[0m in 0.17s]
[0m18:29:20.368679 [debug] [Thread-1 (]: Finished running node model.multi_warehouse_demo.stg_users
[0m18:29:20.370169 [debug] [MainThread]: Connection 'master' was properly closed.
[0m18:29:20.370597 [debug] [MainThread]: Connection 'model.multi_warehouse_demo.stg_users' was left open.
[0m18:29:20.370983 [debug] [MainThread]: On model.multi_warehouse_demo.stg_users: Close
[0m18:29:20.458790 [info ] [MainThread]: 
[0m18:29:20.459379 [info ] [MainThread]: Finished running 1 incremental model, 1 view model in 0 hours 0 minutes and 2.71 seconds (2.71s).
[0m18:29:20.460487 [debug] [MainThread]: Command end result
[0m18:29:20.488627 [debug] [MainThread]: Wrote artifact WritableManifest to /Users/austinabrahamanjiparambilhayis/Documents/repos/dbt-multi-warehouse-demo/target/manifest.json
[0m18:29:20.490111 [debug] [MainThread]: Wrote artifact SemanticManifest to /Users/austinabrahamanjiparambilhayis/Documents/repos/dbt-multi-warehouse-demo/target/semantic_manifest.json
[0m18:29:20.495142 [debug] [MainThread]: Wrote artifact RunExecutionResult to /Users/austinabrahamanjiparambilhayis/Documents/repos/dbt-multi-warehouse-demo/target/run_results.json
[0m18:29:20.495411 [info ] [MainThread]: 
[0m18:29:20.495704 [info ] [MainThread]: [32mCompleted successfully[0m
[0m18:29:20.495934 [info ] [MainThread]: 
[0m18:29:20.496178 [info ] [MainThread]: Done. PASS=2 WARN=0 ERROR=0 SKIP=0 NO-OP=0 TOTAL=2
[0m18:29:20.496601 [warn ] [MainThread]: [[33mWARNING[0m][DeprecationsSummary]: Deprecated functionality
Summary of encountered deprecations:
- ModelParamUsageDeprecation: 1 occurrence
- MissingArgumentsPropertyInGenericTestDeprecation: 2 occurrences
To see all deprecation instances instead of just the first occurrence of each,
run command again with the `--show-all-deprecations` flag. You may also need to
run with `--no-partial-parse` as some deprecations are only encountered during
parsing.
[0m18:29:20.499011 [debug] [MainThread]: Resource report: {"command_name": "run", "command_success": true, "command_wall_clock_time": 4.905793, "process_in_blocks": "0", "process_kernel_time": 0.376195, "process_mem_max_rss": "177635328", "process_out_blocks": "0", "process_user_time": 3.36483}
[0m18:29:20.499374 [debug] [MainThread]: Command `dbt run` succeeded at 18:29:20.499307 after 4.91 seconds
[0m18:29:20.499654 [debug] [MainThread]: Sending event: {'category': 'dbt', 'action': 'invocation', 'label': 'end', 'context': [<snowplow_tracker.self_describing_json.SelfDescribingJson object at 0x10db6daf0>, <snowplow_tracker.self_describing_json.SelfDescribingJson object at 0x10ea3bd70>, <snowplow_tracker.self_describing_json.SelfDescribingJson object at 0x10ea3bb90>]}
[0m18:29:20.499923 [debug] [MainThread]: Flushing usage events
[0m18:29:20.856637 [debug] [MainThread]: An error was encountered while trying to flush usage events
[0m18:29:57.156272 [debug] [MainThread]: Sending event: {'category': 'dbt', 'action': 'invocation', 'label': 'start', 'context': [<snowplow_tracker.self_describing_json.SelfDescribingJson object at 0x108208050>, <snowplow_tracker.self_describing_json.SelfDescribingJson object at 0x10906b610>, <snowplow_tracker.self_describing_json.SelfDescribingJson object at 0x10906b890>]}


============================== 18:29:57.160549 | ca96476f-9eec-45c5-a23d-3555d7957d49 ==============================
[0m18:29:57.160549 [info ] [MainThread]: Running with dbt=1.10.11
[0m18:29:57.161028 [debug] [MainThread]: running dbt with arguments {'target_path': 'None', 'write_json': 'True', 'indirect_selection': 'eager', 'introspect': 'True', 'empty': 'None', 'warn_error_options': 'WarnErrorOptionsV2(error=[], warn=[], silence=[])', 'no_print': 'None', 'use_experimental_parser': 'False', 'debug': 'False', 'send_anonymous_usage_stats': 'True', 'invocation_command': 'dbt test --target snowflake', 'profiles_dir': '/Users/austinabrahamanjiparambilhayis/.dbt', 'version_check': 'True', 'quiet': 'False', 'printer_width': '80', 'static_parser': 'True', 'partial_parse': 'True', 'cache_selected_only': 'False', 'warn_error': 'None', 'log_path': '/Users/austinabrahamanjiparambilhayis/Documents/repos/dbt-multi-warehouse-demo/logs', 'log_format': 'default', 'use_colors': 'True', 'fail_fast': 'False', 'log_cache_events': 'False'}
[0m18:29:57.602604 [debug] [MainThread]: Sending event: {'category': 'dbt', 'action': 'project_id', 'label': 'ca96476f-9eec-45c5-a23d-3555d7957d49', 'context': [<snowplow_tracker.self_describing_json.SelfDescribingJson object at 0x108363a80>]}
[0m18:29:57.650846 [debug] [MainThread]: Sending event: {'category': 'dbt', 'action': 'adapter_info', 'label': 'ca96476f-9eec-45c5-a23d-3555d7957d49', 'context': [<snowplow_tracker.self_describing_json.SelfDescribingJson object at 0x109b3fdf0>]}
[0m18:29:57.651660 [info ] [MainThread]: Registered adapter: snowflake=1.10.2
[0m18:29:57.746607 [debug] [MainThread]: checksum: 4b2932c454f70de800a6273c3b863cdea123318ee929078b65e5e487dd3470c0, vars: {}, profile: , target: snowflake, version: 1.10.11
[0m18:29:57.854378 [info ] [MainThread]: Unable to do partial parsing because config vars, config profile, or config target have changed
[0m18:29:57.854726 [debug] [MainThread]: previous checksum: 4b2932c454f70de800a6273c3b863cdea123318ee929078b65e5e487dd3470c0, current checksum: 5335e1629744fab92fa7809c625edbb36f0d7063a879d6215c971798f27e66f9
[0m18:29:57.854996 [debug] [MainThread]: Sending event: {'category': 'dbt', 'action': 'partial_parser', 'label': 'ca96476f-9eec-45c5-a23d-3555d7957d49', 'context': [<snowplow_tracker.self_describing_json.SelfDescribingJson object at 0x10a136450>]}
[0m18:29:58.971815 [warn ] [MainThread]: [[33mWARNING[0m][MissingArgumentsPropertyInGenericTestDeprecation]: Deprecated
functionality
Found top-level arguments to test `accepted_values`. Arguments to generic tests
should be nested under the `arguments` property.`
[0m18:29:58.972265 [debug] [MainThread]: Sending event: {'category': 'dbt', 'action': 'deprecation', 'label': 'ca96476f-9eec-45c5-a23d-3555d7957d49', 'property_': 'warn', 'context': [<snowplow_tracker.self_describing_json.SelfDescribingJson object at 0x109bcb020>]}
[0m18:29:59.160039 [debug] [MainThread]: Sending event: {'category': 'dbt', 'action': 'load_project', 'label': 'ca96476f-9eec-45c5-a23d-3555d7957d49', 'context': [<snowplow_tracker.self_describing_json.SelfDescribingJson object at 0x10a4f7150>]}
[0m18:29:59.247686 [debug] [MainThread]: Wrote artifact WritableManifest to /Users/austinabrahamanjiparambilhayis/Documents/repos/dbt-multi-warehouse-demo/target/manifest.json
[0m18:29:59.250642 [debug] [MainThread]: Wrote artifact SemanticManifest to /Users/austinabrahamanjiparambilhayis/Documents/repos/dbt-multi-warehouse-demo/target/semantic_manifest.json
[0m18:29:59.276317 [debug] [MainThread]: Sending event: {'category': 'dbt', 'action': 'resource_counts', 'label': 'ca96476f-9eec-45c5-a23d-3555d7957d49', 'context': [<snowplow_tracker.self_describing_json.SelfDescribingJson object at 0x10b2a6270>]}
[0m18:29:59.276687 [info ] [MainThread]: Found 6 models, 1 snapshot, 4 seeds, 14 data tests, 4 sources, 480 macros
[0m18:29:59.277021 [debug] [MainThread]: Sending event: {'category': 'dbt', 'action': 'runnable_timing', 'label': 'ca96476f-9eec-45c5-a23d-3555d7957d49', 'context': [<snowplow_tracker.self_describing_json.SelfDescribingJson object at 0x10b279250>]}
[0m18:29:59.278968 [info ] [MainThread]: 
[0m18:29:59.279250 [info ] [MainThread]: Concurrency: 1 threads (target='snowflake')
[0m18:29:59.279467 [info ] [MainThread]: 
[0m18:29:59.279818 [debug] [MainThread]: Acquiring new snowflake connection 'master'
[0m18:29:59.283787 [debug] [ThreadPool]: Acquiring new snowflake connection 'list_DEMO_ANALYTICS'
[0m18:29:59.331205 [debug] [ThreadPool]: Using snowflake connection "list_DEMO_ANALYTICS"
[0m18:29:59.331511 [debug] [ThreadPool]: On list_DEMO_ANALYTICS: show objects in DEMO.ANALYTICS
    limit 10000
    

/* {"app": "dbt", "dbt_version": "1.10.11", "profile_name": "multi_warehouse_demo", "target_name": "snowflake", "connection_name": "list_DEMO_ANALYTICS"} */;
[0m18:29:59.331744 [debug] [ThreadPool]: Opening a new connection, currently in state init
[0m18:30:00.240642 [debug] [ThreadPool]: SQL status: SUCCESS 10 in 0.909 seconds
[0m18:30:00.245660 [debug] [ThreadPool]: Re-using an available connection from the pool (formerly list_DEMO_ANALYTICS, now list_DEMO_analytics_snapshots)
[0m18:30:00.251380 [debug] [ThreadPool]: Using snowflake connection "list_DEMO_analytics_snapshots"
[0m18:30:00.251933 [debug] [ThreadPool]: On list_DEMO_analytics_snapshots: show objects in DEMO.analytics_snapshots
    limit 10000
    

/* {"app": "dbt", "dbt_version": "1.10.11", "profile_name": "multi_warehouse_demo", "target_name": "snowflake", "connection_name": "list_DEMO_analytics_snapshots"} */;
[0m18:30:00.331100 [debug] [ThreadPool]: SQL status: SUCCESS 1 in 0.079 seconds
[0m18:30:00.335247 [debug] [MainThread]: Sending event: {'category': 'dbt', 'action': 'runnable_timing', 'label': 'ca96476f-9eec-45c5-a23d-3555d7957d49', 'context': [<snowplow_tracker.self_describing_json.SelfDescribingJson object at 0x10ff81b20>]}
[0m18:30:00.340075 [debug] [Thread-1 (]: Began running node test.multi_warehouse_demo.accepted_values_stg_orders_status__completed__cancelled.0881a3f2d1
[0m18:30:00.340744 [info ] [Thread-1 (]: 1 of 14 START test accepted_values_stg_orders_status__completed__cancelled ..... [RUN]
[0m18:30:00.341381 [debug] [Thread-1 (]: Re-using an available connection from the pool (formerly list_DEMO_analytics_snapshots, now test.multi_warehouse_demo.accepted_values_stg_orders_status__completed__cancelled.0881a3f2d1)
[0m18:30:00.341861 [debug] [Thread-1 (]: Began compiling node test.multi_warehouse_demo.accepted_values_stg_orders_status__completed__cancelled.0881a3f2d1
[0m18:30:00.352223 [debug] [Thread-1 (]: Writing injected SQL for node "test.multi_warehouse_demo.accepted_values_stg_orders_status__completed__cancelled.0881a3f2d1"
[0m18:30:00.353665 [debug] [Thread-1 (]: Began executing node test.multi_warehouse_demo.accepted_values_stg_orders_status__completed__cancelled.0881a3f2d1
[0m18:30:00.387117 [debug] [Thread-1 (]: Writing runtime sql for node "test.multi_warehouse_demo.accepted_values_stg_orders_status__completed__cancelled.0881a3f2d1"
[0m18:30:00.388206 [debug] [Thread-1 (]: Using snowflake connection "test.multi_warehouse_demo.accepted_values_stg_orders_status__completed__cancelled.0881a3f2d1"
[0m18:30:00.388534 [debug] [Thread-1 (]: On test.multi_warehouse_demo.accepted_values_stg_orders_status__completed__cancelled.0881a3f2d1: select
      count(*) as failures,
      count(*) != 0 as should_warn,
      count(*) != 0 as should_error
    from (
      
    
  
    
    

with all_values as (

    select
        status as value_field,
        count(*) as n_records

    from DEMO.ANALYTICS.stg_orders
    group by status

)

select *
from all_values
where value_field not in (
    'completed','cancelled'
)



  
  
      
    ) dbt_internal_test
/* {"app": "dbt", "dbt_version": "1.10.11", "profile_name": "multi_warehouse_demo", "target_name": "snowflake", "node_id": "test.multi_warehouse_demo.accepted_values_stg_orders_status__completed__cancelled.0881a3f2d1"} */
[0m18:30:00.575507 [debug] [Thread-1 (]: SQL status: SUCCESS 1 in 0.186 seconds
[0m18:30:00.592416 [info ] [Thread-1 (]: 1 of 14 PASS accepted_values_stg_orders_status__completed__cancelled ........... [[32mPASS[0m in 0.25s]
[0m18:30:00.593315 [debug] [Thread-1 (]: Finished running node test.multi_warehouse_demo.accepted_values_stg_orders_status__completed__cancelled.0881a3f2d1
[0m18:30:00.593850 [debug] [Thread-1 (]: Began running node test.multi_warehouse_demo.not_null_dim_customers_user_id.d6a844546c
[0m18:30:00.594421 [info ] [Thread-1 (]: 2 of 14 START test not_null_dim_customers_user_id .............................. [RUN]
[0m18:30:00.595008 [debug] [Thread-1 (]: Re-using an available connection from the pool (formerly test.multi_warehouse_demo.accepted_values_stg_orders_status__completed__cancelled.0881a3f2d1, now test.multi_warehouse_demo.not_null_dim_customers_user_id.d6a844546c)
[0m18:30:00.595405 [debug] [Thread-1 (]: Began compiling node test.multi_warehouse_demo.not_null_dim_customers_user_id.d6a844546c
[0m18:30:00.602958 [debug] [Thread-1 (]: Writing injected SQL for node "test.multi_warehouse_demo.not_null_dim_customers_user_id.d6a844546c"
[0m18:30:00.604201 [debug] [Thread-1 (]: Began executing node test.multi_warehouse_demo.not_null_dim_customers_user_id.d6a844546c
[0m18:30:00.606367 [debug] [Thread-1 (]: Writing runtime sql for node "test.multi_warehouse_demo.not_null_dim_customers_user_id.d6a844546c"
[0m18:30:00.607282 [debug] [Thread-1 (]: Using snowflake connection "test.multi_warehouse_demo.not_null_dim_customers_user_id.d6a844546c"
[0m18:30:00.607620 [debug] [Thread-1 (]: On test.multi_warehouse_demo.not_null_dim_customers_user_id.d6a844546c: select
      count(*) as failures,
      count(*) != 0 as should_warn,
      count(*) != 0 as should_error
    from (
      
    
  
    
    



select user_id
from DEMO.ANALYTICS.dim_customers
where user_id is null



  
  
      
    ) dbt_internal_test
/* {"app": "dbt", "dbt_version": "1.10.11", "profile_name": "multi_warehouse_demo", "target_name": "snowflake", "node_id": "test.multi_warehouse_demo.not_null_dim_customers_user_id.d6a844546c"} */
[0m18:30:01.057813 [debug] [Thread-1 (]: SQL status: SUCCESS 1 in 0.450 seconds
[0m18:30:01.063497 [info ] [Thread-1 (]: 2 of 14 PASS not_null_dim_customers_user_id .................................... [[32mPASS[0m in 0.47s]
[0m18:30:01.064167 [debug] [Thread-1 (]: Finished running node test.multi_warehouse_demo.not_null_dim_customers_user_id.d6a844546c
[0m18:30:01.064576 [debug] [Thread-1 (]: Began running node test.multi_warehouse_demo.not_null_fct_orders_order_amount.ca14a44d1f
[0m18:30:01.064997 [info ] [Thread-1 (]: 3 of 14 START test not_null_fct_orders_order_amount ............................ [RUN]
[0m18:30:01.065420 [debug] [Thread-1 (]: Re-using an available connection from the pool (formerly test.multi_warehouse_demo.not_null_dim_customers_user_id.d6a844546c, now test.multi_warehouse_demo.not_null_fct_orders_order_amount.ca14a44d1f)
[0m18:30:01.065742 [debug] [Thread-1 (]: Began compiling node test.multi_warehouse_demo.not_null_fct_orders_order_amount.ca14a44d1f
[0m18:30:01.069268 [debug] [Thread-1 (]: Writing injected SQL for node "test.multi_warehouse_demo.not_null_fct_orders_order_amount.ca14a44d1f"
[0m18:30:01.070653 [debug] [Thread-1 (]: Began executing node test.multi_warehouse_demo.not_null_fct_orders_order_amount.ca14a44d1f
[0m18:30:01.072985 [debug] [Thread-1 (]: Writing runtime sql for node "test.multi_warehouse_demo.not_null_fct_orders_order_amount.ca14a44d1f"
[0m18:30:01.074182 [debug] [Thread-1 (]: Using snowflake connection "test.multi_warehouse_demo.not_null_fct_orders_order_amount.ca14a44d1f"
[0m18:30:01.074499 [debug] [Thread-1 (]: On test.multi_warehouse_demo.not_null_fct_orders_order_amount.ca14a44d1f: select
      count(*) as failures,
      count(*) != 0 as should_warn,
      count(*) != 0 as should_error
    from (
      
    
  
    
    



select order_amount
from DEMO.ANALYTICS.fct_orders
where order_amount is null



  
  
      
    ) dbt_internal_test
/* {"app": "dbt", "dbt_version": "1.10.11", "profile_name": "multi_warehouse_demo", "target_name": "snowflake", "node_id": "test.multi_warehouse_demo.not_null_fct_orders_order_amount.ca14a44d1f"} */
[0m18:30:01.774289 [debug] [Thread-1 (]: SQL status: SUCCESS 1 in 0.699 seconds
[0m18:30:01.778838 [info ] [Thread-1 (]: 3 of 14 PASS not_null_fct_orders_order_amount .................................. [[32mPASS[0m in 0.71s]
[0m18:30:01.779782 [debug] [Thread-1 (]: Finished running node test.multi_warehouse_demo.not_null_fct_orders_order_amount.ca14a44d1f
[0m18:30:01.780316 [debug] [Thread-1 (]: Began running node test.multi_warehouse_demo.not_null_fct_orders_order_id.4e687af8d0
[0m18:30:01.780868 [info ] [Thread-1 (]: 4 of 14 START test not_null_fct_orders_order_id ................................ [RUN]
[0m18:30:01.781481 [debug] [Thread-1 (]: Re-using an available connection from the pool (formerly test.multi_warehouse_demo.not_null_fct_orders_order_amount.ca14a44d1f, now test.multi_warehouse_demo.not_null_fct_orders_order_id.4e687af8d0)
[0m18:30:01.781896 [debug] [Thread-1 (]: Began compiling node test.multi_warehouse_demo.not_null_fct_orders_order_id.4e687af8d0
[0m18:30:01.787461 [debug] [Thread-1 (]: Writing injected SQL for node "test.multi_warehouse_demo.not_null_fct_orders_order_id.4e687af8d0"
[0m18:30:01.788410 [debug] [Thread-1 (]: Began executing node test.multi_warehouse_demo.not_null_fct_orders_order_id.4e687af8d0
[0m18:30:01.791461 [debug] [Thread-1 (]: Writing runtime sql for node "test.multi_warehouse_demo.not_null_fct_orders_order_id.4e687af8d0"
[0m18:30:01.792461 [debug] [Thread-1 (]: Using snowflake connection "test.multi_warehouse_demo.not_null_fct_orders_order_id.4e687af8d0"
[0m18:30:01.792858 [debug] [Thread-1 (]: On test.multi_warehouse_demo.not_null_fct_orders_order_id.4e687af8d0: select
      count(*) as failures,
      count(*) != 0 as should_warn,
      count(*) != 0 as should_error
    from (
      
    
  
    
    



select order_id
from DEMO.ANALYTICS.fct_orders
where order_id is null



  
  
      
    ) dbt_internal_test
/* {"app": "dbt", "dbt_version": "1.10.11", "profile_name": "multi_warehouse_demo", "target_name": "snowflake", "node_id": "test.multi_warehouse_demo.not_null_fct_orders_order_id.4e687af8d0"} */
[0m18:30:02.015362 [debug] [Thread-1 (]: SQL status: SUCCESS 1 in 0.222 seconds
[0m18:30:02.019746 [info ] [Thread-1 (]: 4 of 14 PASS not_null_fct_orders_order_id ...................................... [[32mPASS[0m in 0.24s]
[0m18:30:02.020704 [debug] [Thread-1 (]: Finished running node test.multi_warehouse_demo.not_null_fct_orders_order_id.4e687af8d0
[0m18:30:02.021304 [debug] [Thread-1 (]: Began running node test.multi_warehouse_demo.not_null_stg_order_items_order_id.2063801f96
[0m18:30:02.021941 [info ] [Thread-1 (]: 5 of 14 START test not_null_stg_order_items_order_id ........................... [RUN]
[0m18:30:02.022628 [debug] [Thread-1 (]: Re-using an available connection from the pool (formerly test.multi_warehouse_demo.not_null_fct_orders_order_id.4e687af8d0, now test.multi_warehouse_demo.not_null_stg_order_items_order_id.2063801f96)
[0m18:30:02.023141 [debug] [Thread-1 (]: Began compiling node test.multi_warehouse_demo.not_null_stg_order_items_order_id.2063801f96
[0m18:30:02.029797 [debug] [Thread-1 (]: Writing injected SQL for node "test.multi_warehouse_demo.not_null_stg_order_items_order_id.2063801f96"
[0m18:30:02.030812 [debug] [Thread-1 (]: Began executing node test.multi_warehouse_demo.not_null_stg_order_items_order_id.2063801f96
[0m18:30:02.034570 [debug] [Thread-1 (]: Writing runtime sql for node "test.multi_warehouse_demo.not_null_stg_order_items_order_id.2063801f96"
[0m18:30:02.035652 [debug] [Thread-1 (]: Using snowflake connection "test.multi_warehouse_demo.not_null_stg_order_items_order_id.2063801f96"
[0m18:30:02.036055 [debug] [Thread-1 (]: On test.multi_warehouse_demo.not_null_stg_order_items_order_id.2063801f96: select
      count(*) as failures,
      count(*) != 0 as should_warn,
      count(*) != 0 as should_error
    from (
      
    
  
    
    



select order_id
from DEMO.ANALYTICS.stg_order_items
where order_id is null



  
  
      
    ) dbt_internal_test
/* {"app": "dbt", "dbt_version": "1.10.11", "profile_name": "multi_warehouse_demo", "target_name": "snowflake", "node_id": "test.multi_warehouse_demo.not_null_stg_order_items_order_id.2063801f96"} */
[0m18:30:02.117336 [debug] [Thread-1 (]: SQL status: SUCCESS 1 in 0.081 seconds
[0m18:30:02.121487 [info ] [Thread-1 (]: 5 of 14 PASS not_null_stg_order_items_order_id ................................. [[32mPASS[0m in 0.10s]
[0m18:30:02.122469 [debug] [Thread-1 (]: Finished running node test.multi_warehouse_demo.not_null_stg_order_items_order_id.2063801f96
[0m18:30:02.123035 [debug] [Thread-1 (]: Began running node test.multi_warehouse_demo.not_null_stg_order_items_qty.8ef4f29677
[0m18:30:02.123653 [info ] [Thread-1 (]: 6 of 14 START test not_null_stg_order_items_qty ................................ [RUN]
[0m18:30:02.124280 [debug] [Thread-1 (]: Re-using an available connection from the pool (formerly test.multi_warehouse_demo.not_null_stg_order_items_order_id.2063801f96, now test.multi_warehouse_demo.not_null_stg_order_items_qty.8ef4f29677)
[0m18:30:02.124780 [debug] [Thread-1 (]: Began compiling node test.multi_warehouse_demo.not_null_stg_order_items_qty.8ef4f29677
[0m18:30:02.130450 [debug] [Thread-1 (]: Writing injected SQL for node "test.multi_warehouse_demo.not_null_stg_order_items_qty.8ef4f29677"
[0m18:30:02.131356 [debug] [Thread-1 (]: Began executing node test.multi_warehouse_demo.not_null_stg_order_items_qty.8ef4f29677
[0m18:30:02.134527 [debug] [Thread-1 (]: Writing runtime sql for node "test.multi_warehouse_demo.not_null_stg_order_items_qty.8ef4f29677"
[0m18:30:02.135816 [debug] [Thread-1 (]: Using snowflake connection "test.multi_warehouse_demo.not_null_stg_order_items_qty.8ef4f29677"
[0m18:30:02.136268 [debug] [Thread-1 (]: On test.multi_warehouse_demo.not_null_stg_order_items_qty.8ef4f29677: select
      count(*) as failures,
      count(*) != 0 as should_warn,
      count(*) != 0 as should_error
    from (
      
    
  
    
    



select qty
from DEMO.ANALYTICS.stg_order_items
where qty is null



  
  
      
    ) dbt_internal_test
/* {"app": "dbt", "dbt_version": "1.10.11", "profile_name": "multi_warehouse_demo", "target_name": "snowflake", "node_id": "test.multi_warehouse_demo.not_null_stg_order_items_qty.8ef4f29677"} */
[0m18:30:02.252106 [debug] [Thread-1 (]: SQL status: SUCCESS 1 in 0.115 seconds
[0m18:30:02.256293 [info ] [Thread-1 (]: 6 of 14 PASS not_null_stg_order_items_qty ...................................... [[32mPASS[0m in 0.13s]
[0m18:30:02.257086 [debug] [Thread-1 (]: Finished running node test.multi_warehouse_demo.not_null_stg_order_items_qty.8ef4f29677
[0m18:30:02.257711 [debug] [Thread-1 (]: Began running node test.multi_warehouse_demo.not_null_stg_orders_order_id.81cfe2fe64
[0m18:30:02.258363 [info ] [Thread-1 (]: 7 of 14 START test not_null_stg_orders_order_id ................................ [RUN]
[0m18:30:02.258961 [debug] [Thread-1 (]: Re-using an available connection from the pool (formerly test.multi_warehouse_demo.not_null_stg_order_items_qty.8ef4f29677, now test.multi_warehouse_demo.not_null_stg_orders_order_id.81cfe2fe64)
[0m18:30:02.259416 [debug] [Thread-1 (]: Began compiling node test.multi_warehouse_demo.not_null_stg_orders_order_id.81cfe2fe64
[0m18:30:02.264543 [debug] [Thread-1 (]: Writing injected SQL for node "test.multi_warehouse_demo.not_null_stg_orders_order_id.81cfe2fe64"
[0m18:30:02.266188 [debug] [Thread-1 (]: Began executing node test.multi_warehouse_demo.not_null_stg_orders_order_id.81cfe2fe64
[0m18:30:02.269336 [debug] [Thread-1 (]: Writing runtime sql for node "test.multi_warehouse_demo.not_null_stg_orders_order_id.81cfe2fe64"
[0m18:30:02.270404 [debug] [Thread-1 (]: Using snowflake connection "test.multi_warehouse_demo.not_null_stg_orders_order_id.81cfe2fe64"
[0m18:30:02.270793 [debug] [Thread-1 (]: On test.multi_warehouse_demo.not_null_stg_orders_order_id.81cfe2fe64: select
      count(*) as failures,
      count(*) != 0 as should_warn,
      count(*) != 0 as should_error
    from (
      
    
  
    
    



select order_id
from DEMO.ANALYTICS.stg_orders
where order_id is null



  
  
      
    ) dbt_internal_test
/* {"app": "dbt", "dbt_version": "1.10.11", "profile_name": "multi_warehouse_demo", "target_name": "snowflake", "node_id": "test.multi_warehouse_demo.not_null_stg_orders_order_id.81cfe2fe64"} */
[0m18:30:02.462796 [debug] [Thread-1 (]: SQL status: SUCCESS 1 in 0.192 seconds
[0m18:30:02.465211 [info ] [Thread-1 (]: 7 of 14 PASS not_null_stg_orders_order_id ...................................... [[32mPASS[0m in 0.21s]
[0m18:30:02.465798 [debug] [Thread-1 (]: Finished running node test.multi_warehouse_demo.not_null_stg_orders_order_id.81cfe2fe64
[0m18:30:02.466122 [debug] [Thread-1 (]: Began running node test.multi_warehouse_demo.not_null_stg_orders_user_id.7d129d0209
[0m18:30:02.466440 [info ] [Thread-1 (]: 8 of 14 START test not_null_stg_orders_user_id ................................. [RUN]
[0m18:30:02.466795 [debug] [Thread-1 (]: Re-using an available connection from the pool (formerly test.multi_warehouse_demo.not_null_stg_orders_order_id.81cfe2fe64, now test.multi_warehouse_demo.not_null_stg_orders_user_id.7d129d0209)
[0m18:30:02.467066 [debug] [Thread-1 (]: Began compiling node test.multi_warehouse_demo.not_null_stg_orders_user_id.7d129d0209
[0m18:30:02.473994 [debug] [Thread-1 (]: Writing injected SQL for node "test.multi_warehouse_demo.not_null_stg_orders_user_id.7d129d0209"
[0m18:30:02.474877 [debug] [Thread-1 (]: Began executing node test.multi_warehouse_demo.not_null_stg_orders_user_id.7d129d0209
[0m18:30:02.477380 [debug] [Thread-1 (]: Writing runtime sql for node "test.multi_warehouse_demo.not_null_stg_orders_user_id.7d129d0209"
[0m18:30:02.479078 [debug] [Thread-1 (]: Using snowflake connection "test.multi_warehouse_demo.not_null_stg_orders_user_id.7d129d0209"
[0m18:30:02.479644 [debug] [Thread-1 (]: On test.multi_warehouse_demo.not_null_stg_orders_user_id.7d129d0209: select
      count(*) as failures,
      count(*) != 0 as should_warn,
      count(*) != 0 as should_error
    from (
      
    
  
    
    



select user_id
from DEMO.ANALYTICS.stg_orders
where user_id is null



  
  
      
    ) dbt_internal_test
/* {"app": "dbt", "dbt_version": "1.10.11", "profile_name": "multi_warehouse_demo", "target_name": "snowflake", "node_id": "test.multi_warehouse_demo.not_null_stg_orders_user_id.7d129d0209"} */
[0m18:30:02.549015 [debug] [Thread-1 (]: SQL status: SUCCESS 1 in 0.069 seconds
[0m18:30:02.550698 [info ] [Thread-1 (]: 8 of 14 PASS not_null_stg_orders_user_id ....................................... [[32mPASS[0m in 0.08s]
[0m18:30:02.551301 [debug] [Thread-1 (]: Finished running node test.multi_warehouse_demo.not_null_stg_orders_user_id.7d129d0209
[0m18:30:02.551678 [debug] [Thread-1 (]: Began running node test.multi_warehouse_demo.not_null_stg_users_user_id.980dfc1b77
[0m18:30:02.552089 [info ] [Thread-1 (]: 9 of 14 START test not_null_stg_users_user_id .................................. [RUN]
[0m18:30:02.552484 [debug] [Thread-1 (]: Re-using an available connection from the pool (formerly test.multi_warehouse_demo.not_null_stg_orders_user_id.7d129d0209, now test.multi_warehouse_demo.not_null_stg_users_user_id.980dfc1b77)
[0m18:30:02.552766 [debug] [Thread-1 (]: Began compiling node test.multi_warehouse_demo.not_null_stg_users_user_id.980dfc1b77
[0m18:30:02.557326 [debug] [Thread-1 (]: Writing injected SQL for node "test.multi_warehouse_demo.not_null_stg_users_user_id.980dfc1b77"
[0m18:30:02.558177 [debug] [Thread-1 (]: Began executing node test.multi_warehouse_demo.not_null_stg_users_user_id.980dfc1b77
[0m18:30:02.561899 [debug] [Thread-1 (]: Writing runtime sql for node "test.multi_warehouse_demo.not_null_stg_users_user_id.980dfc1b77"
[0m18:30:02.563287 [debug] [Thread-1 (]: Using snowflake connection "test.multi_warehouse_demo.not_null_stg_users_user_id.980dfc1b77"
[0m18:30:02.564740 [debug] [Thread-1 (]: On test.multi_warehouse_demo.not_null_stg_users_user_id.980dfc1b77: select
      count(*) as failures,
      count(*) != 0 as should_warn,
      count(*) != 0 as should_error
    from (
      
    
  
    
    



select user_id
from DEMO.ANALYTICS.stg_users
where user_id is null



  
  
      
    ) dbt_internal_test
/* {"app": "dbt", "dbt_version": "1.10.11", "profile_name": "multi_warehouse_demo", "target_name": "snowflake", "node_id": "test.multi_warehouse_demo.not_null_stg_users_user_id.980dfc1b77"} */
[0m18:30:02.733185 [debug] [Thread-1 (]: SQL status: SUCCESS 1 in 0.167 seconds
[0m18:30:02.735796 [info ] [Thread-1 (]: 9 of 14 PASS not_null_stg_users_user_id ........................................ [[32mPASS[0m in 0.18s]
[0m18:30:02.736500 [debug] [Thread-1 (]: Finished running node test.multi_warehouse_demo.not_null_stg_users_user_id.980dfc1b77
[0m18:30:02.736930 [debug] [Thread-1 (]: Began running node test.multi_warehouse_demo.relationships_stg_order_items_order_id__order_id__ref_stg_orders_.dbe9930c54
[0m18:30:02.737403 [info ] [Thread-1 (]: 10 of 14 START test relationships_stg_order_items_order_id__order_id__ref_stg_orders_  [RUN]
[0m18:30:02.737939 [debug] [Thread-1 (]: Re-using an available connection from the pool (formerly test.multi_warehouse_demo.not_null_stg_users_user_id.980dfc1b77, now test.multi_warehouse_demo.relationships_stg_order_items_order_id__order_id__ref_stg_orders_.dbe9930c54)
[0m18:30:02.738284 [debug] [Thread-1 (]: Began compiling node test.multi_warehouse_demo.relationships_stg_order_items_order_id__order_id__ref_stg_orders_.dbe9930c54
[0m18:30:02.743816 [debug] [Thread-1 (]: Writing injected SQL for node "test.multi_warehouse_demo.relationships_stg_order_items_order_id__order_id__ref_stg_orders_.dbe9930c54"
[0m18:30:02.745436 [debug] [Thread-1 (]: Began executing node test.multi_warehouse_demo.relationships_stg_order_items_order_id__order_id__ref_stg_orders_.dbe9930c54
[0m18:30:02.747243 [debug] [Thread-1 (]: Writing runtime sql for node "test.multi_warehouse_demo.relationships_stg_order_items_order_id__order_id__ref_stg_orders_.dbe9930c54"
[0m18:30:02.748465 [debug] [Thread-1 (]: Using snowflake connection "test.multi_warehouse_demo.relationships_stg_order_items_order_id__order_id__ref_stg_orders_.dbe9930c54"
[0m18:30:02.748809 [debug] [Thread-1 (]: On test.multi_warehouse_demo.relationships_stg_order_items_order_id__order_id__ref_stg_orders_.dbe9930c54: select
      count(*) as failures,
      count(*) != 0 as should_warn,
      count(*) != 0 as should_error
    from (
      
    
  
    
    

with child as (
    select order_id as from_field
    from DEMO.ANALYTICS.stg_order_items
    where order_id is not null
),

parent as (
    select order_id as to_field
    from DEMO.ANALYTICS.stg_orders
)

select
    from_field

from child
left join parent
    on child.from_field = parent.to_field

where parent.to_field is null



  
  
      
    ) dbt_internal_test
/* {"app": "dbt", "dbt_version": "1.10.11", "profile_name": "multi_warehouse_demo", "target_name": "snowflake", "node_id": "test.multi_warehouse_demo.relationships_stg_order_items_order_id__order_id__ref_stg_orders_.dbe9930c54"} */
[0m18:30:03.019502 [debug] [Thread-1 (]: SQL status: SUCCESS 1 in 0.270 seconds
[0m18:30:03.023979 [info ] [Thread-1 (]: 10 of 14 PASS relationships_stg_order_items_order_id__order_id__ref_stg_orders_  [[32mPASS[0m in 0.29s]
[0m18:30:03.024900 [debug] [Thread-1 (]: Finished running node test.multi_warehouse_demo.relationships_stg_order_items_order_id__order_id__ref_stg_orders_.dbe9930c54
[0m18:30:03.025411 [debug] [Thread-1 (]: Began running node test.multi_warehouse_demo.unique_dim_customers_user_id.a4ad18eff3
[0m18:30:03.026056 [info ] [Thread-1 (]: 11 of 14 START test unique_dim_customers_user_id ............................... [RUN]
[0m18:30:03.026841 [debug] [Thread-1 (]: Re-using an available connection from the pool (formerly test.multi_warehouse_demo.relationships_stg_order_items_order_id__order_id__ref_stg_orders_.dbe9930c54, now test.multi_warehouse_demo.unique_dim_customers_user_id.a4ad18eff3)
[0m18:30:03.027345 [debug] [Thread-1 (]: Began compiling node test.multi_warehouse_demo.unique_dim_customers_user_id.a4ad18eff3
[0m18:30:03.035112 [debug] [Thread-1 (]: Writing injected SQL for node "test.multi_warehouse_demo.unique_dim_customers_user_id.a4ad18eff3"
[0m18:30:03.036033 [debug] [Thread-1 (]: Began executing node test.multi_warehouse_demo.unique_dim_customers_user_id.a4ad18eff3
[0m18:30:03.039251 [debug] [Thread-1 (]: Writing runtime sql for node "test.multi_warehouse_demo.unique_dim_customers_user_id.a4ad18eff3"
[0m18:30:03.040401 [debug] [Thread-1 (]: Using snowflake connection "test.multi_warehouse_demo.unique_dim_customers_user_id.a4ad18eff3"
[0m18:30:03.040748 [debug] [Thread-1 (]: On test.multi_warehouse_demo.unique_dim_customers_user_id.a4ad18eff3: select
      count(*) as failures,
      count(*) != 0 as should_warn,
      count(*) != 0 as should_error
    from (
      
    
  
    
    

select
    user_id as unique_field,
    count(*) as n_records

from DEMO.ANALYTICS.dim_customers
where user_id is not null
group by user_id
having count(*) > 1



  
  
      
    ) dbt_internal_test
/* {"app": "dbt", "dbt_version": "1.10.11", "profile_name": "multi_warehouse_demo", "target_name": "snowflake", "node_id": "test.multi_warehouse_demo.unique_dim_customers_user_id.a4ad18eff3"} */
[0m18:30:03.380028 [debug] [Thread-1 (]: SQL status: SUCCESS 1 in 0.339 seconds
[0m18:30:03.383650 [info ] [Thread-1 (]: 11 of 14 PASS unique_dim_customers_user_id ..................................... [[32mPASS[0m in 0.36s]
[0m18:30:03.384746 [debug] [Thread-1 (]: Finished running node test.multi_warehouse_demo.unique_dim_customers_user_id.a4ad18eff3
[0m18:30:03.385249 [debug] [Thread-1 (]: Began running node test.multi_warehouse_demo.unique_fct_orders_order_id.523ddb6ce5
[0m18:30:03.385910 [info ] [Thread-1 (]: 12 of 14 START test unique_fct_orders_order_id ................................. [RUN]
[0m18:30:03.386667 [debug] [Thread-1 (]: Re-using an available connection from the pool (formerly test.multi_warehouse_demo.unique_dim_customers_user_id.a4ad18eff3, now test.multi_warehouse_demo.unique_fct_orders_order_id.523ddb6ce5)
[0m18:30:03.387184 [debug] [Thread-1 (]: Began compiling node test.multi_warehouse_demo.unique_fct_orders_order_id.523ddb6ce5
[0m18:30:03.396733 [debug] [Thread-1 (]: Writing injected SQL for node "test.multi_warehouse_demo.unique_fct_orders_order_id.523ddb6ce5"
[0m18:30:03.397695 [debug] [Thread-1 (]: Began executing node test.multi_warehouse_demo.unique_fct_orders_order_id.523ddb6ce5
[0m18:30:03.442236 [debug] [Thread-1 (]: Writing runtime sql for node "test.multi_warehouse_demo.unique_fct_orders_order_id.523ddb6ce5"
[0m18:30:03.453806 [debug] [Thread-1 (]: Using snowflake connection "test.multi_warehouse_demo.unique_fct_orders_order_id.523ddb6ce5"
[0m18:30:03.454399 [debug] [Thread-1 (]: On test.multi_warehouse_demo.unique_fct_orders_order_id.523ddb6ce5: select
      count(*) as failures,
      count(*) != 0 as should_warn,
      count(*) != 0 as should_error
    from (
      
    
  
    
    

select
    order_id as unique_field,
    count(*) as n_records

from DEMO.ANALYTICS.fct_orders
where order_id is not null
group by order_id
having count(*) > 1



  
  
      
    ) dbt_internal_test
/* {"app": "dbt", "dbt_version": "1.10.11", "profile_name": "multi_warehouse_demo", "target_name": "snowflake", "node_id": "test.multi_warehouse_demo.unique_fct_orders_order_id.523ddb6ce5"} */
[0m18:30:03.834985 [debug] [Thread-1 (]: SQL status: SUCCESS 1 in 0.380 seconds
[0m18:30:03.839650 [info ] [Thread-1 (]: 12 of 14 PASS unique_fct_orders_order_id ....................................... [[32mPASS[0m in 0.45s]
[0m18:30:03.840751 [debug] [Thread-1 (]: Finished running node test.multi_warehouse_demo.unique_fct_orders_order_id.523ddb6ce5
[0m18:30:03.841404 [debug] [Thread-1 (]: Began running node test.multi_warehouse_demo.unique_stg_orders_order_id.e3b841c71a
[0m18:30:03.842019 [info ] [Thread-1 (]: 13 of 14 START test unique_stg_orders_order_id ................................. [RUN]
[0m18:30:03.842734 [debug] [Thread-1 (]: Re-using an available connection from the pool (formerly test.multi_warehouse_demo.unique_fct_orders_order_id.523ddb6ce5, now test.multi_warehouse_demo.unique_stg_orders_order_id.e3b841c71a)
[0m18:30:03.843261 [debug] [Thread-1 (]: Began compiling node test.multi_warehouse_demo.unique_stg_orders_order_id.e3b841c71a
[0m18:30:03.850294 [debug] [Thread-1 (]: Writing injected SQL for node "test.multi_warehouse_demo.unique_stg_orders_order_id.e3b841c71a"
[0m18:30:03.851471 [debug] [Thread-1 (]: Began executing node test.multi_warehouse_demo.unique_stg_orders_order_id.e3b841c71a
[0m18:30:03.855214 [debug] [Thread-1 (]: Writing runtime sql for node "test.multi_warehouse_demo.unique_stg_orders_order_id.e3b841c71a"
[0m18:30:03.856582 [debug] [Thread-1 (]: Using snowflake connection "test.multi_warehouse_demo.unique_stg_orders_order_id.e3b841c71a"
[0m18:30:03.856989 [debug] [Thread-1 (]: On test.multi_warehouse_demo.unique_stg_orders_order_id.e3b841c71a: select
      count(*) as failures,
      count(*) != 0 as should_warn,
      count(*) != 0 as should_error
    from (
      
    
  
    
    

select
    order_id as unique_field,
    count(*) as n_records

from DEMO.ANALYTICS.stg_orders
where order_id is not null
group by order_id
having count(*) > 1



  
  
      
    ) dbt_internal_test
/* {"app": "dbt", "dbt_version": "1.10.11", "profile_name": "multi_warehouse_demo", "target_name": "snowflake", "node_id": "test.multi_warehouse_demo.unique_stg_orders_order_id.e3b841c71a"} */
[0m18:30:04.028177 [debug] [Thread-1 (]: SQL status: SUCCESS 1 in 0.171 seconds
[0m18:30:04.032733 [info ] [Thread-1 (]: 13 of 14 PASS unique_stg_orders_order_id ....................................... [[32mPASS[0m in 0.19s]
[0m18:30:04.039086 [debug] [Thread-1 (]: Finished running node test.multi_warehouse_demo.unique_stg_orders_order_id.e3b841c71a
[0m18:30:04.043532 [debug] [Thread-1 (]: Began running node test.multi_warehouse_demo.unique_stg_users_user_id.c2ff477e6b
[0m18:30:04.047470 [info ] [Thread-1 (]: 14 of 14 START test unique_stg_users_user_id ................................... [RUN]
[0m18:30:04.048467 [debug] [Thread-1 (]: Re-using an available connection from the pool (formerly test.multi_warehouse_demo.unique_stg_orders_order_id.e3b841c71a, now test.multi_warehouse_demo.unique_stg_users_user_id.c2ff477e6b)
[0m18:30:04.049024 [debug] [Thread-1 (]: Began compiling node test.multi_warehouse_demo.unique_stg_users_user_id.c2ff477e6b
[0m18:30:04.068095 [debug] [Thread-1 (]: Writing injected SQL for node "test.multi_warehouse_demo.unique_stg_users_user_id.c2ff477e6b"
[0m18:30:04.069406 [debug] [Thread-1 (]: Began executing node test.multi_warehouse_demo.unique_stg_users_user_id.c2ff477e6b
[0m18:30:04.076263 [debug] [Thread-1 (]: Writing runtime sql for node "test.multi_warehouse_demo.unique_stg_users_user_id.c2ff477e6b"
[0m18:30:04.077576 [debug] [Thread-1 (]: Using snowflake connection "test.multi_warehouse_demo.unique_stg_users_user_id.c2ff477e6b"
[0m18:30:04.077924 [debug] [Thread-1 (]: On test.multi_warehouse_demo.unique_stg_users_user_id.c2ff477e6b: select
      count(*) as failures,
      count(*) != 0 as should_warn,
      count(*) != 0 as should_error
    from (
      
    
  
    
    

select
    user_id as unique_field,
    count(*) as n_records

from DEMO.ANALYTICS.stg_users
where user_id is not null
group by user_id
having count(*) > 1



  
  
      
    ) dbt_internal_test
/* {"app": "dbt", "dbt_version": "1.10.11", "profile_name": "multi_warehouse_demo", "target_name": "snowflake", "node_id": "test.multi_warehouse_demo.unique_stg_users_user_id.c2ff477e6b"} */
[0m18:30:04.208113 [debug] [Thread-1 (]: SQL status: SUCCESS 1 in 0.130 seconds
[0m18:30:04.211961 [info ] [Thread-1 (]: 14 of 14 PASS unique_stg_users_user_id ......................................... [[32mPASS[0m in 0.16s]
[0m18:30:04.212851 [debug] [Thread-1 (]: Finished running node test.multi_warehouse_demo.unique_stg_users_user_id.c2ff477e6b
[0m18:30:04.214608 [debug] [MainThread]: Connection 'master' was properly closed.
[0m18:30:04.215081 [debug] [MainThread]: Connection 'test.multi_warehouse_demo.unique_stg_users_user_id.c2ff477e6b' was left open.
[0m18:30:04.215473 [debug] [MainThread]: On test.multi_warehouse_demo.unique_stg_users_user_id.c2ff477e6b: Close
[0m18:30:04.302523 [info ] [MainThread]: 
[0m18:30:04.303340 [info ] [MainThread]: Finished running 14 data tests in 0 hours 0 minutes and 5.02 seconds (5.02s).
[0m18:30:04.321882 [debug] [MainThread]: Command end result
[0m18:30:04.347311 [debug] [MainThread]: Wrote artifact WritableManifest to /Users/austinabrahamanjiparambilhayis/Documents/repos/dbt-multi-warehouse-demo/target/manifest.json
[0m18:30:04.349142 [debug] [MainThread]: Wrote artifact SemanticManifest to /Users/austinabrahamanjiparambilhayis/Documents/repos/dbt-multi-warehouse-demo/target/semantic_manifest.json
[0m18:30:04.355309 [debug] [MainThread]: Wrote artifact RunExecutionResult to /Users/austinabrahamanjiparambilhayis/Documents/repos/dbt-multi-warehouse-demo/target/run_results.json
[0m18:30:04.355577 [info ] [MainThread]: 
[0m18:30:04.355855 [info ] [MainThread]: [32mCompleted successfully[0m
[0m18:30:04.356083 [info ] [MainThread]: 
[0m18:30:04.356332 [info ] [MainThread]: Done. PASS=14 WARN=0 ERROR=0 SKIP=0 NO-OP=0 TOTAL=14
[0m18:30:04.356743 [warn ] [MainThread]: [[33mWARNING[0m][DeprecationsSummary]: Deprecated functionality
Summary of encountered deprecations:
- MissingArgumentsPropertyInGenericTestDeprecation: 2 occurrences
To see all deprecation instances instead of just the first occurrence of each,
run command again with the `--show-all-deprecations` flag. You may also need to
run with `--no-partial-parse` as some deprecations are only encountered during
parsing.
[0m18:30:04.359149 [debug] [MainThread]: Resource report: {"command_name": "test", "command_success": true, "command_wall_clock_time": 7.2594004, "process_in_blocks": "0", "process_kernel_time": 0.377193, "process_mem_max_rss": "179142656", "process_out_blocks": "0", "process_user_time": 3.549498}
[0m18:30:04.359502 [debug] [MainThread]: Command `dbt test` succeeded at 18:30:04.359437 after 7.26 seconds
[0m18:30:04.359788 [debug] [MainThread]: Sending event: {'category': 'dbt', 'action': 'invocation', 'label': 'end', 'context': [<snowplow_tracker.self_describing_json.SelfDescribingJson object at 0x1101cdc70>, <snowplow_tracker.self_describing_json.SelfDescribingJson object at 0x1101763c0>, <snowplow_tracker.self_describing_json.SelfDescribingJson object at 0x10fef7b50>]}
[0m18:30:04.360056 [debug] [MainThread]: Flushing usage events
[0m18:30:04.764794 [debug] [MainThread]: An error was encountered while trying to flush usage events
[0m18:31:09.847253 [debug] [MainThread]: Sending event: {'category': 'dbt', 'action': 'invocation', 'label': 'start', 'context': [<snowplow_tracker.self_describing_json.SelfDescribingJson object at 0x108638050>, <snowplow_tracker.self_describing_json.SelfDescribingJson object at 0x10949b610>, <snowplow_tracker.self_describing_json.SelfDescribingJson object at 0x10949b890>]}


============================== 18:31:09.851953 | 7b4dd7cb-2804-489c-9468-15d6cd89f729 ==============================
[0m18:31:09.851953 [info ] [MainThread]: Running with dbt=1.10.11
[0m18:31:09.852496 [debug] [MainThread]: running dbt with arguments {'warn_error': 'None', 'use_colors': 'True', 'debug': 'False', 'log_cache_events': 'False', 'log_format': 'default', 'indirect_selection': 'eager', 'log_path': '/Users/austinabrahamanjiparambilhayis/Documents/repos/dbt-multi-warehouse-demo/logs', 'quiet': 'False', 'version_check': 'True', 'partial_parse': 'True', 'send_anonymous_usage_stats': 'True', 'printer_width': '80', 'profiles_dir': '/Users/austinabrahamanjiparambilhayis/.dbt', 'empty': 'None', 'no_print': 'None', 'use_experimental_parser': 'False', 'write_json': 'True', 'fail_fast': 'False', 'target_path': 'None', 'introspect': 'True', 'warn_error_options': 'WarnErrorOptionsV2(error=[], warn=[], silence=[])', 'static_parser': 'True', 'cache_selected_only': 'False', 'invocation_command': 'dbt test --models stg_orders'}
[0m18:31:09.852913 [warn ] [MainThread]: [[33mWARNING[0m]: Deprecated functionality
Usage of `--models`, `--model`, and `-m` is deprecated in favor of `--select` or
`-s`.
[0m18:31:09.853208 [debug] [MainThread]: Sending event: {'category': 'dbt', 'action': 'deprecation', 'label': '7b4dd7cb-2804-489c-9468-15d6cd89f729', 'property_': 'warn', 'context': [<snowplow_tracker.self_describing_json.SelfDescribingJson object at 0x10938b490>]}
[0m18:31:10.298970 [debug] [MainThread]: Sending event: {'category': 'dbt', 'action': 'project_id', 'label': '7b4dd7cb-2804-489c-9468-15d6cd89f729', 'context': [<snowplow_tracker.self_describing_json.SelfDescribingJson object at 0x109fa3df0>]}
[0m18:31:10.401574 [debug] [MainThread]: Sending event: {'category': 'dbt', 'action': 'adapter_info', 'label': '7b4dd7cb-2804-489c-9468-15d6cd89f729', 'context': [<snowplow_tracker.self_describing_json.SelfDescribingJson object at 0x109fc2750>]}
[0m18:31:10.402635 [info ] [MainThread]: Registered adapter: snowflake=1.10.2
[0m18:31:10.514642 [debug] [MainThread]: checksum: 5335e1629744fab92fa7809c625edbb36f0d7063a879d6215c971798f27e66f9, vars: {}, profile: , target: , version: 1.10.11
[0m18:31:10.646548 [info ] [MainThread]: Unable to do partial parsing because config vars, config profile, or config target have changed
[0m18:31:10.647000 [debug] [MainThread]: previous checksum: 5335e1629744fab92fa7809c625edbb36f0d7063a879d6215c971798f27e66f9, current checksum: 4b2932c454f70de800a6273c3b863cdea123318ee929078b65e5e487dd3470c0
[0m18:31:10.647327 [debug] [MainThread]: Sending event: {'category': 'dbt', 'action': 'partial_parser', 'label': '7b4dd7cb-2804-489c-9468-15d6cd89f729', 'context': [<snowplow_tracker.self_describing_json.SelfDescribingJson object at 0x10a5814f0>]}
[0m18:31:11.821376 [warn ] [MainThread]: [[33mWARNING[0m][MissingArgumentsPropertyInGenericTestDeprecation]: Deprecated
functionality
Found top-level arguments to test `accepted_values`. Arguments to generic tests
should be nested under the `arguments` property.`
[0m18:31:11.821813 [debug] [MainThread]: Sending event: {'category': 'dbt', 'action': 'deprecation', 'label': '7b4dd7cb-2804-489c-9468-15d6cd89f729', 'property_': 'warn', 'context': [<snowplow_tracker.self_describing_json.SelfDescribingJson object at 0x10a710f30>]}
[0m18:31:12.009874 [debug] [MainThread]: Sending event: {'category': 'dbt', 'action': 'load_project', 'label': '7b4dd7cb-2804-489c-9468-15d6cd89f729', 'context': [<snowplow_tracker.self_describing_json.SelfDescribingJson object at 0x10a4cde60>]}
[0m18:31:12.098030 [debug] [MainThread]: Wrote artifact WritableManifest to /Users/austinabrahamanjiparambilhayis/Documents/repos/dbt-multi-warehouse-demo/target/manifest.json
[0m18:31:12.101332 [debug] [MainThread]: Wrote artifact SemanticManifest to /Users/austinabrahamanjiparambilhayis/Documents/repos/dbt-multi-warehouse-demo/target/semantic_manifest.json
[0m18:31:12.128811 [debug] [MainThread]: Sending event: {'category': 'dbt', 'action': 'resource_counts', 'label': '7b4dd7cb-2804-489c-9468-15d6cd89f729', 'context': [<snowplow_tracker.self_describing_json.SelfDescribingJson object at 0x10b6a9250>]}
[0m18:31:12.129514 [info ] [MainThread]: Found 6 models, 1 snapshot, 4 seeds, 14 data tests, 4 sources, 480 macros
[0m18:31:12.129860 [debug] [MainThread]: Sending event: {'category': 'dbt', 'action': 'runnable_timing', 'label': '7b4dd7cb-2804-489c-9468-15d6cd89f729', 'context': [<snowplow_tracker.self_describing_json.SelfDescribingJson object at 0x10b6714f0>]}
[0m18:31:12.131392 [info ] [MainThread]: 
[0m18:31:12.131676 [info ] [MainThread]: Concurrency: 1 threads (target='snowflake')
[0m18:31:12.131890 [info ] [MainThread]: 
[0m18:31:12.132263 [debug] [MainThread]: Acquiring new snowflake connection 'master'
[0m18:31:12.136285 [debug] [ThreadPool]: Acquiring new snowflake connection 'list_DEMO_analytics_snapshots'
[0m18:31:12.190024 [debug] [ThreadPool]: Using snowflake connection "list_DEMO_analytics_snapshots"
[0m18:31:12.190348 [debug] [ThreadPool]: On list_DEMO_analytics_snapshots: show objects in DEMO.analytics_snapshots
    limit 10000
    

/* {"app": "dbt", "dbt_version": "1.10.11", "profile_name": "multi_warehouse_demo", "target_name": "snowflake", "connection_name": "list_DEMO_analytics_snapshots"} */;
[0m18:31:12.190594 [debug] [ThreadPool]: Opening a new connection, currently in state init
[0m18:31:13.030342 [debug] [ThreadPool]: SQL status: SUCCESS 1 in 0.840 seconds
[0m18:31:13.035345 [debug] [ThreadPool]: Re-using an available connection from the pool (formerly list_DEMO_analytics_snapshots, now list_DEMO_ANALYTICS)
[0m18:31:13.040234 [debug] [ThreadPool]: Using snowflake connection "list_DEMO_ANALYTICS"
[0m18:31:13.040774 [debug] [ThreadPool]: On list_DEMO_ANALYTICS: show objects in DEMO.ANALYTICS
    limit 10000
    

/* {"app": "dbt", "dbt_version": "1.10.11", "profile_name": "multi_warehouse_demo", "target_name": "snowflake", "connection_name": "list_DEMO_ANALYTICS"} */;
[0m18:31:13.128616 [debug] [ThreadPool]: SQL status: SUCCESS 10 in 0.087 seconds
[0m18:31:13.134723 [debug] [MainThread]: Sending event: {'category': 'dbt', 'action': 'runnable_timing', 'label': '7b4dd7cb-2804-489c-9468-15d6cd89f729', 'context': [<snowplow_tracker.self_describing_json.SelfDescribingJson object at 0x107198230>]}
[0m18:31:13.138845 [debug] [Thread-1 (]: Began running node test.multi_warehouse_demo.accepted_values_stg_orders_status__completed__cancelled.0881a3f2d1
[0m18:31:13.139426 [info ] [Thread-1 (]: 1 of 5 START test accepted_values_stg_orders_status__completed__cancelled ...... [RUN]
[0m18:31:13.140014 [debug] [Thread-1 (]: Re-using an available connection from the pool (formerly list_DEMO_ANALYTICS, now test.multi_warehouse_demo.accepted_values_stg_orders_status__completed__cancelled.0881a3f2d1)
[0m18:31:13.140472 [debug] [Thread-1 (]: Began compiling node test.multi_warehouse_demo.accepted_values_stg_orders_status__completed__cancelled.0881a3f2d1
[0m18:31:13.150408 [debug] [Thread-1 (]: Writing injected SQL for node "test.multi_warehouse_demo.accepted_values_stg_orders_status__completed__cancelled.0881a3f2d1"
[0m18:31:13.151456 [debug] [Thread-1 (]: Began executing node test.multi_warehouse_demo.accepted_values_stg_orders_status__completed__cancelled.0881a3f2d1
[0m18:31:13.183283 [debug] [Thread-1 (]: Writing runtime sql for node "test.multi_warehouse_demo.accepted_values_stg_orders_status__completed__cancelled.0881a3f2d1"
[0m18:31:13.184394 [debug] [Thread-1 (]: Using snowflake connection "test.multi_warehouse_demo.accepted_values_stg_orders_status__completed__cancelled.0881a3f2d1"
[0m18:31:13.184744 [debug] [Thread-1 (]: On test.multi_warehouse_demo.accepted_values_stg_orders_status__completed__cancelled.0881a3f2d1: select
      count(*) as failures,
      count(*) != 0 as should_warn,
      count(*) != 0 as should_error
    from (
      
    
  
    
    

with all_values as (

    select
        status as value_field,
        count(*) as n_records

    from DEMO.ANALYTICS.stg_orders
    group by status

)

select *
from all_values
where value_field not in (
    'completed','cancelled'
)



  
  
      
    ) dbt_internal_test
/* {"app": "dbt", "dbt_version": "1.10.11", "profile_name": "multi_warehouse_demo", "target_name": "snowflake", "node_id": "test.multi_warehouse_demo.accepted_values_stg_orders_status__completed__cancelled.0881a3f2d1"} */
[0m18:31:13.964014 [debug] [Thread-1 (]: SQL status: SUCCESS 1 in 0.779 seconds
[0m18:31:13.987004 [info ] [Thread-1 (]: 1 of 5 PASS accepted_values_stg_orders_status__completed__cancelled ............ [[32mPASS[0m in 0.85s]
[0m18:31:13.987756 [debug] [Thread-1 (]: Finished running node test.multi_warehouse_demo.accepted_values_stg_orders_status__completed__cancelled.0881a3f2d1
[0m18:31:13.988130 [debug] [Thread-1 (]: Began running node test.multi_warehouse_demo.not_null_stg_orders_order_id.81cfe2fe64
[0m18:31:13.988544 [info ] [Thread-1 (]: 2 of 5 START test not_null_stg_orders_order_id ................................. [RUN]
[0m18:31:13.989683 [debug] [Thread-1 (]: Re-using an available connection from the pool (formerly test.multi_warehouse_demo.accepted_values_stg_orders_status__completed__cancelled.0881a3f2d1, now test.multi_warehouse_demo.not_null_stg_orders_order_id.81cfe2fe64)
[0m18:31:13.990043 [debug] [Thread-1 (]: Began compiling node test.multi_warehouse_demo.not_null_stg_orders_order_id.81cfe2fe64
[0m18:31:14.001165 [debug] [Thread-1 (]: Writing injected SQL for node "test.multi_warehouse_demo.not_null_stg_orders_order_id.81cfe2fe64"
[0m18:31:14.001862 [debug] [Thread-1 (]: Began executing node test.multi_warehouse_demo.not_null_stg_orders_order_id.81cfe2fe64
[0m18:31:14.004452 [debug] [Thread-1 (]: Writing runtime sql for node "test.multi_warehouse_demo.not_null_stg_orders_order_id.81cfe2fe64"
[0m18:31:14.005294 [debug] [Thread-1 (]: Using snowflake connection "test.multi_warehouse_demo.not_null_stg_orders_order_id.81cfe2fe64"
[0m18:31:14.005605 [debug] [Thread-1 (]: On test.multi_warehouse_demo.not_null_stg_orders_order_id.81cfe2fe64: select
      count(*) as failures,
      count(*) != 0 as should_warn,
      count(*) != 0 as should_error
    from (
      
    
  
    
    



select order_id
from DEMO.ANALYTICS.stg_orders
where order_id is null



  
  
      
    ) dbt_internal_test
/* {"app": "dbt", "dbt_version": "1.10.11", "profile_name": "multi_warehouse_demo", "target_name": "snowflake", "node_id": "test.multi_warehouse_demo.not_null_stg_orders_order_id.81cfe2fe64"} */
[0m18:31:14.153745 [debug] [Thread-1 (]: SQL status: SUCCESS 1 in 0.148 seconds
[0m18:31:14.157535 [info ] [Thread-1 (]: 2 of 5 PASS not_null_stg_orders_order_id ....................................... [[32mPASS[0m in 0.17s]
[0m18:31:14.158739 [debug] [Thread-1 (]: Finished running node test.multi_warehouse_demo.not_null_stg_orders_order_id.81cfe2fe64
[0m18:31:14.159379 [debug] [Thread-1 (]: Began running node test.multi_warehouse_demo.not_null_stg_orders_user_id.7d129d0209
[0m18:31:14.159954 [info ] [Thread-1 (]: 3 of 5 START test not_null_stg_orders_user_id .................................. [RUN]
[0m18:31:14.160724 [debug] [Thread-1 (]: Re-using an available connection from the pool (formerly test.multi_warehouse_demo.not_null_stg_orders_order_id.81cfe2fe64, now test.multi_warehouse_demo.not_null_stg_orders_user_id.7d129d0209)
[0m18:31:14.161211 [debug] [Thread-1 (]: Began compiling node test.multi_warehouse_demo.not_null_stg_orders_user_id.7d129d0209
[0m18:31:14.166652 [debug] [Thread-1 (]: Writing injected SQL for node "test.multi_warehouse_demo.not_null_stg_orders_user_id.7d129d0209"
[0m18:31:14.167892 [debug] [Thread-1 (]: Began executing node test.multi_warehouse_demo.not_null_stg_orders_user_id.7d129d0209
[0m18:31:14.171259 [debug] [Thread-1 (]: Writing runtime sql for node "test.multi_warehouse_demo.not_null_stg_orders_user_id.7d129d0209"
[0m18:31:14.172328 [debug] [Thread-1 (]: Using snowflake connection "test.multi_warehouse_demo.not_null_stg_orders_user_id.7d129d0209"
[0m18:31:14.172727 [debug] [Thread-1 (]: On test.multi_warehouse_demo.not_null_stg_orders_user_id.7d129d0209: select
      count(*) as failures,
      count(*) != 0 as should_warn,
      count(*) != 0 as should_error
    from (
      
    
  
    
    



select user_id
from DEMO.ANALYTICS.stg_orders
where user_id is null



  
  
      
    ) dbt_internal_test
/* {"app": "dbt", "dbt_version": "1.10.11", "profile_name": "multi_warehouse_demo", "target_name": "snowflake", "node_id": "test.multi_warehouse_demo.not_null_stg_orders_user_id.7d129d0209"} */
[0m18:31:14.250162 [debug] [Thread-1 (]: SQL status: SUCCESS 1 in 0.077 seconds
[0m18:31:14.252298 [info ] [Thread-1 (]: 3 of 5 PASS not_null_stg_orders_user_id ........................................ [[32mPASS[0m in 0.09s]
[0m18:31:14.252858 [debug] [Thread-1 (]: Finished running node test.multi_warehouse_demo.not_null_stg_orders_user_id.7d129d0209
[0m18:31:14.253204 [debug] [Thread-1 (]: Began running node test.multi_warehouse_demo.relationships_stg_order_items_order_id__order_id__ref_stg_orders_.dbe9930c54
[0m18:31:14.253642 [info ] [Thread-1 (]: 4 of 5 START test relationships_stg_order_items_order_id__order_id__ref_stg_orders_  [RUN]
[0m18:31:14.254041 [debug] [Thread-1 (]: Re-using an available connection from the pool (formerly test.multi_warehouse_demo.not_null_stg_orders_user_id.7d129d0209, now test.multi_warehouse_demo.relationships_stg_order_items_order_id__order_id__ref_stg_orders_.dbe9930c54)
[0m18:31:14.254339 [debug] [Thread-1 (]: Began compiling node test.multi_warehouse_demo.relationships_stg_order_items_order_id__order_id__ref_stg_orders_.dbe9930c54
[0m18:31:14.259605 [debug] [Thread-1 (]: Writing injected SQL for node "test.multi_warehouse_demo.relationships_stg_order_items_order_id__order_id__ref_stg_orders_.dbe9930c54"
[0m18:31:14.260629 [debug] [Thread-1 (]: Began executing node test.multi_warehouse_demo.relationships_stg_order_items_order_id__order_id__ref_stg_orders_.dbe9930c54
[0m18:31:14.263556 [debug] [Thread-1 (]: Writing runtime sql for node "test.multi_warehouse_demo.relationships_stg_order_items_order_id__order_id__ref_stg_orders_.dbe9930c54"
[0m18:31:14.264796 [debug] [Thread-1 (]: Using snowflake connection "test.multi_warehouse_demo.relationships_stg_order_items_order_id__order_id__ref_stg_orders_.dbe9930c54"
[0m18:31:14.265151 [debug] [Thread-1 (]: On test.multi_warehouse_demo.relationships_stg_order_items_order_id__order_id__ref_stg_orders_.dbe9930c54: select
      count(*) as failures,
      count(*) != 0 as should_warn,
      count(*) != 0 as should_error
    from (
      
    
  
    
    

with child as (
    select order_id as from_field
    from DEMO.ANALYTICS.stg_order_items
    where order_id is not null
),

parent as (
    select order_id as to_field
    from DEMO.ANALYTICS.stg_orders
)

select
    from_field

from child
left join parent
    on child.from_field = parent.to_field

where parent.to_field is null



  
  
      
    ) dbt_internal_test
/* {"app": "dbt", "dbt_version": "1.10.11", "profile_name": "multi_warehouse_demo", "target_name": "snowflake", "node_id": "test.multi_warehouse_demo.relationships_stg_order_items_order_id__order_id__ref_stg_orders_.dbe9930c54"} */
[0m18:31:14.363666 [debug] [Thread-1 (]: SQL status: SUCCESS 1 in 0.098 seconds
[0m18:31:14.365473 [info ] [Thread-1 (]: 4 of 5 PASS relationships_stg_order_items_order_id__order_id__ref_stg_orders_ .. [[32mPASS[0m in 0.11s]
[0m18:31:14.366072 [debug] [Thread-1 (]: Finished running node test.multi_warehouse_demo.relationships_stg_order_items_order_id__order_id__ref_stg_orders_.dbe9930c54
[0m18:31:14.366403 [debug] [Thread-1 (]: Began running node test.multi_warehouse_demo.unique_stg_orders_order_id.e3b841c71a
[0m18:31:14.366761 [info ] [Thread-1 (]: 5 of 5 START test unique_stg_orders_order_id ................................... [RUN]
[0m18:31:14.367163 [debug] [Thread-1 (]: Re-using an available connection from the pool (formerly test.multi_warehouse_demo.relationships_stg_order_items_order_id__order_id__ref_stg_orders_.dbe9930c54, now test.multi_warehouse_demo.unique_stg_orders_order_id.e3b841c71a)
[0m18:31:14.367450 [debug] [Thread-1 (]: Began compiling node test.multi_warehouse_demo.unique_stg_orders_order_id.e3b841c71a
[0m18:31:14.372384 [debug] [Thread-1 (]: Writing injected SQL for node "test.multi_warehouse_demo.unique_stg_orders_order_id.e3b841c71a"
[0m18:31:14.373062 [debug] [Thread-1 (]: Began executing node test.multi_warehouse_demo.unique_stg_orders_order_id.e3b841c71a
[0m18:31:14.375471 [debug] [Thread-1 (]: Writing runtime sql for node "test.multi_warehouse_demo.unique_stg_orders_order_id.e3b841c71a"
[0m18:31:14.376655 [debug] [Thread-1 (]: Using snowflake connection "test.multi_warehouse_demo.unique_stg_orders_order_id.e3b841c71a"
[0m18:31:14.376991 [debug] [Thread-1 (]: On test.multi_warehouse_demo.unique_stg_orders_order_id.e3b841c71a: select
      count(*) as failures,
      count(*) != 0 as should_warn,
      count(*) != 0 as should_error
    from (
      
    
  
    
    

select
    order_id as unique_field,
    count(*) as n_records

from DEMO.ANALYTICS.stg_orders
where order_id is not null
group by order_id
having count(*) > 1



  
  
      
    ) dbt_internal_test
/* {"app": "dbt", "dbt_version": "1.10.11", "profile_name": "multi_warehouse_demo", "target_name": "snowflake", "node_id": "test.multi_warehouse_demo.unique_stg_orders_order_id.e3b841c71a"} */
[0m18:31:14.441655 [debug] [Thread-1 (]: SQL status: SUCCESS 1 in 0.064 seconds
[0m18:31:14.443474 [info ] [Thread-1 (]: 5 of 5 PASS unique_stg_orders_order_id ......................................... [[32mPASS[0m in 0.08s]
[0m18:31:14.443976 [debug] [Thread-1 (]: Finished running node test.multi_warehouse_demo.unique_stg_orders_order_id.e3b841c71a
[0m18:31:14.444855 [debug] [MainThread]: Connection 'master' was properly closed.
[0m18:31:14.445076 [debug] [MainThread]: Connection 'test.multi_warehouse_demo.unique_stg_orders_order_id.e3b841c71a' was left open.
[0m18:31:14.445315 [debug] [MainThread]: On test.multi_warehouse_demo.unique_stg_orders_order_id.e3b841c71a: Close
[0m18:31:14.526255 [info ] [MainThread]: 
[0m18:31:14.526855 [info ] [MainThread]: Finished running 5 data tests in 0 hours 0 minutes and 2.39 seconds (2.39s).
[0m18:31:14.528376 [debug] [MainThread]: Command end result
[0m18:31:14.554651 [debug] [MainThread]: Wrote artifact WritableManifest to /Users/austinabrahamanjiparambilhayis/Documents/repos/dbt-multi-warehouse-demo/target/manifest.json
[0m18:31:14.556116 [debug] [MainThread]: Wrote artifact SemanticManifest to /Users/austinabrahamanjiparambilhayis/Documents/repos/dbt-multi-warehouse-demo/target/semantic_manifest.json
[0m18:31:14.562274 [debug] [MainThread]: Wrote artifact RunExecutionResult to /Users/austinabrahamanjiparambilhayis/Documents/repos/dbt-multi-warehouse-demo/target/run_results.json
[0m18:31:14.562540 [info ] [MainThread]: 
[0m18:31:14.562807 [info ] [MainThread]: [32mCompleted successfully[0m
[0m18:31:14.563021 [info ] [MainThread]: 
[0m18:31:14.563272 [info ] [MainThread]: Done. PASS=5 WARN=0 ERROR=0 SKIP=0 NO-OP=0 TOTAL=5
[0m18:31:14.563697 [warn ] [MainThread]: [[33mWARNING[0m][DeprecationsSummary]: Deprecated functionality
Summary of encountered deprecations:
- ModelParamUsageDeprecation: 1 occurrence
- MissingArgumentsPropertyInGenericTestDeprecation: 2 occurrences
To see all deprecation instances instead of just the first occurrence of each,
run command again with the `--show-all-deprecations` flag. You may also need to
run with `--no-partial-parse` as some deprecations are only encountered during
parsing.
[0m18:31:14.566115 [debug] [MainThread]: Resource report: {"command_name": "test", "command_success": true, "command_wall_clock_time": 4.7894936, "process_in_blocks": "0", "process_kernel_time": 0.414533, "process_mem_max_rss": "175996928", "process_out_blocks": "0", "process_user_time": 3.426677}
[0m18:31:14.566502 [debug] [MainThread]: Command `dbt test` succeeded at 18:31:14.566431 after 4.79 seconds
[0m18:31:14.566785 [debug] [MainThread]: Sending event: {'category': 'dbt', 'action': 'invocation', 'label': 'end', 'context': [<snowplow_tracker.self_describing_json.SelfDescribingJson object at 0x10b691250>, <snowplow_tracker.self_describing_json.SelfDescribingJson object at 0x10b5964d0>, <snowplow_tracker.self_describing_json.SelfDescribingJson object at 0x1094a3e70>]}
[0m18:31:14.567052 [debug] [MainThread]: Flushing usage events
[0m18:31:14.979263 [debug] [MainThread]: An error was encountered while trying to flush usage events
[0m18:33:03.924787 [debug] [MainThread]: Sending event: {'category': 'dbt', 'action': 'invocation', 'label': 'start', 'context': [<snowplow_tracker.self_describing_json.SelfDescribingJson object at 0x107934050>, <snowplow_tracker.self_describing_json.SelfDescribingJson object at 0x108797610>, <snowplow_tracker.self_describing_json.SelfDescribingJson object at 0x108797890>]}


============================== 18:33:03.929334 | a9d4e4f4-0521-4160-85ed-c2f44e59c903 ==============================
[0m18:33:03.929334 [info ] [MainThread]: Running with dbt=1.10.11
[0m18:33:03.929821 [debug] [MainThread]: running dbt with arguments {'log_cache_events': 'False', 'warn_error': 'None', 'use_colors': 'True', 'introspect': 'True', 'use_experimental_parser': 'False', 'empty': 'None', 'no_print': 'None', 'debug': 'False', 'cache_selected_only': 'False', 'static_parser': 'True', 'printer_width': '80', 'send_anonymous_usage_stats': 'True', 'target_path': 'None', 'quiet': 'False', 'log_format': 'default', 'profiles_dir': '/Users/austinabrahamanjiparambilhayis/.dbt', 'write_json': 'True', 'warn_error_options': 'WarnErrorOptionsV2(error=[], warn=[], silence=[])', 'partial_parse': 'True', 'invocation_command': 'dbt test --models stg_orders', 'indirect_selection': 'eager', 'log_path': '/Users/austinabrahamanjiparambilhayis/Documents/repos/dbt-multi-warehouse-demo/logs', 'fail_fast': 'False', 'version_check': 'True'}
[0m18:33:03.930191 [warn ] [MainThread]: [[33mWARNING[0m]: Deprecated functionality
Usage of `--models`, `--model`, and `-m` is deprecated in favor of `--select` or
`-s`.
[0m18:33:03.930460 [debug] [MainThread]: Sending event: {'category': 'dbt', 'action': 'deprecation', 'label': 'a9d4e4f4-0521-4160-85ed-c2f44e59c903', 'property_': 'warn', 'context': [<snowplow_tracker.self_describing_json.SelfDescribingJson object at 0x108687490>]}
[0m18:33:04.386193 [debug] [MainThread]: Sending event: {'category': 'dbt', 'action': 'project_id', 'label': 'a9d4e4f4-0521-4160-85ed-c2f44e59c903', 'context': [<snowplow_tracker.self_describing_json.SelfDescribingJson object at 0x1092a3df0>]}
[0m18:33:04.437555 [debug] [MainThread]: Sending event: {'category': 'dbt', 'action': 'adapter_info', 'label': 'a9d4e4f4-0521-4160-85ed-c2f44e59c903', 'context': [<snowplow_tracker.self_describing_json.SelfDescribingJson object at 0x1092be750>]}
[0m18:33:04.439586 [info ] [MainThread]: Registered adapter: snowflake=1.10.2
[0m18:33:04.537310 [debug] [MainThread]: checksum: 5335e1629744fab92fa7809c625edbb36f0d7063a879d6215c971798f27e66f9, vars: {}, profile: , target: , version: 1.10.11
[0m18:33:04.685842 [debug] [MainThread]: Partial parsing enabled: 0 files deleted, 0 files added, 0 files changed.
[0m18:33:04.686192 [debug] [MainThread]: Partial parsing enabled, no changes found, skipping parsing
[0m18:33:04.743394 [debug] [MainThread]: Sending event: {'category': 'dbt', 'action': 'load_project', 'label': 'a9d4e4f4-0521-4160-85ed-c2f44e59c903', 'context': [<snowplow_tracker.self_describing_json.SelfDescribingJson object at 0x10987dd60>]}
[0m18:33:04.838317 [debug] [MainThread]: Wrote artifact WritableManifest to /Users/austinabrahamanjiparambilhayis/Documents/repos/dbt-multi-warehouse-demo/target/manifest.json
[0m18:33:04.840197 [debug] [MainThread]: Wrote artifact SemanticManifest to /Users/austinabrahamanjiparambilhayis/Documents/repos/dbt-multi-warehouse-demo/target/semantic_manifest.json
[0m18:33:04.866892 [debug] [MainThread]: Sending event: {'category': 'dbt', 'action': 'resource_counts', 'label': 'a9d4e4f4-0521-4160-85ed-c2f44e59c903', 'context': [<snowplow_tracker.self_describing_json.SelfDescribingJson object at 0x1095a1630>]}
[0m18:33:04.867248 [info ] [MainThread]: Found 6 models, 1 snapshot, 4 seeds, 14 data tests, 4 sources, 480 macros
[0m18:33:04.867511 [debug] [MainThread]: Sending event: {'category': 'dbt', 'action': 'runnable_timing', 'label': 'a9d4e4f4-0521-4160-85ed-c2f44e59c903', 'context': [<snowplow_tracker.self_describing_json.SelfDescribingJson object at 0x109abca10>]}
[0m18:33:04.868950 [info ] [MainThread]: 
[0m18:33:04.869219 [info ] [MainThread]: Concurrency: 1 threads (target='snowflake')
[0m18:33:04.869422 [info ] [MainThread]: 
[0m18:33:04.869766 [debug] [MainThread]: Acquiring new snowflake connection 'master'
[0m18:33:04.873744 [debug] [ThreadPool]: Acquiring new snowflake connection 'list_DEMO_ANALYTICS'
[0m18:33:04.929395 [debug] [ThreadPool]: Using snowflake connection "list_DEMO_ANALYTICS"
[0m18:33:04.929701 [debug] [ThreadPool]: On list_DEMO_ANALYTICS: show objects in DEMO.ANALYTICS
    limit 10000
    

/* {"app": "dbt", "dbt_version": "1.10.11", "profile_name": "multi_warehouse_demo", "target_name": "snowflake", "connection_name": "list_DEMO_ANALYTICS"} */;
[0m18:33:04.929937 [debug] [ThreadPool]: Opening a new connection, currently in state init
[0m18:33:05.766030 [debug] [ThreadPool]: SQL status: SUCCESS 10 in 0.836 seconds
[0m18:33:05.769163 [debug] [ThreadPool]: Re-using an available connection from the pool (formerly list_DEMO_ANALYTICS, now list_DEMO_analytics_snapshots)
[0m18:33:05.773228 [debug] [ThreadPool]: Using snowflake connection "list_DEMO_analytics_snapshots"
[0m18:33:05.773565 [debug] [ThreadPool]: On list_DEMO_analytics_snapshots: show objects in DEMO.analytics_snapshots
    limit 10000
    

/* {"app": "dbt", "dbt_version": "1.10.11", "profile_name": "multi_warehouse_demo", "target_name": "snowflake", "connection_name": "list_DEMO_analytics_snapshots"} */;
[0m18:33:05.860549 [debug] [ThreadPool]: SQL status: SUCCESS 1 in 0.087 seconds
[0m18:33:05.862821 [debug] [MainThread]: Sending event: {'category': 'dbt', 'action': 'runnable_timing', 'label': 'a9d4e4f4-0521-4160-85ed-c2f44e59c903', 'context': [<snowplow_tracker.self_describing_json.SelfDescribingJson object at 0x109a9cd10>]}
[0m18:33:05.866227 [debug] [Thread-1 (]: Began running node test.multi_warehouse_demo.accepted_values_stg_orders_status__completed__cancelled.0881a3f2d1
[0m18:33:05.866778 [info ] [Thread-1 (]: 1 of 5 START test accepted_values_stg_orders_status__completed__cancelled ...... [RUN]
[0m18:33:05.867185 [debug] [Thread-1 (]: Re-using an available connection from the pool (formerly list_DEMO_analytics_snapshots, now test.multi_warehouse_demo.accepted_values_stg_orders_status__completed__cancelled.0881a3f2d1)
[0m18:33:05.867492 [debug] [Thread-1 (]: Began compiling node test.multi_warehouse_demo.accepted_values_stg_orders_status__completed__cancelled.0881a3f2d1
[0m18:33:05.882272 [debug] [Thread-1 (]: Writing injected SQL for node "test.multi_warehouse_demo.accepted_values_stg_orders_status__completed__cancelled.0881a3f2d1"
[0m18:33:05.883348 [debug] [Thread-1 (]: Began executing node test.multi_warehouse_demo.accepted_values_stg_orders_status__completed__cancelled.0881a3f2d1
[0m18:33:05.903751 [debug] [Thread-1 (]: Writing runtime sql for node "test.multi_warehouse_demo.accepted_values_stg_orders_status__completed__cancelled.0881a3f2d1"
[0m18:33:05.904812 [debug] [Thread-1 (]: Using snowflake connection "test.multi_warehouse_demo.accepted_values_stg_orders_status__completed__cancelled.0881a3f2d1"
[0m18:33:05.905390 [debug] [Thread-1 (]: On test.multi_warehouse_demo.accepted_values_stg_orders_status__completed__cancelled.0881a3f2d1: select
      count(*) as failures,
      count(*) != 0 as should_warn,
      count(*) != 0 as should_error
    from (
      
    
  
    
    

with all_values as (

    select
        status as value_field,
        count(*) as n_records

    from DEMO.ANALYTICS.stg_orders
    group by status

)

select *
from all_values
where value_field not in (
    'completed','cancelled'
)



  
  
      
    ) dbt_internal_test
/* {"app": "dbt", "dbt_version": "1.10.11", "profile_name": "multi_warehouse_demo", "target_name": "snowflake", "node_id": "test.multi_warehouse_demo.accepted_values_stg_orders_status__completed__cancelled.0881a3f2d1"} */
[0m18:33:05.966599 [debug] [Thread-1 (]: SQL status: SUCCESS 1 in 0.061 seconds
[0m18:33:05.975485 [info ] [Thread-1 (]: 1 of 5 PASS accepted_values_stg_orders_status__completed__cancelled ............ [[32mPASS[0m in 0.11s]
[0m18:33:05.976341 [debug] [Thread-1 (]: Finished running node test.multi_warehouse_demo.accepted_values_stg_orders_status__completed__cancelled.0881a3f2d1
[0m18:33:05.976678 [debug] [Thread-1 (]: Began running node test.multi_warehouse_demo.not_null_stg_orders_order_id.81cfe2fe64
[0m18:33:05.977013 [info ] [Thread-1 (]: 2 of 5 START test not_null_stg_orders_order_id ................................. [RUN]
[0m18:33:05.977397 [debug] [Thread-1 (]: Re-using an available connection from the pool (formerly test.multi_warehouse_demo.accepted_values_stg_orders_status__completed__cancelled.0881a3f2d1, now test.multi_warehouse_demo.not_null_stg_orders_order_id.81cfe2fe64)
[0m18:33:05.977681 [debug] [Thread-1 (]: Began compiling node test.multi_warehouse_demo.not_null_stg_orders_order_id.81cfe2fe64
[0m18:33:05.983411 [debug] [Thread-1 (]: Writing injected SQL for node "test.multi_warehouse_demo.not_null_stg_orders_order_id.81cfe2fe64"
[0m18:33:05.984103 [debug] [Thread-1 (]: Began executing node test.multi_warehouse_demo.not_null_stg_orders_order_id.81cfe2fe64
[0m18:33:05.985804 [debug] [Thread-1 (]: Writing runtime sql for node "test.multi_warehouse_demo.not_null_stg_orders_order_id.81cfe2fe64"
[0m18:33:05.986575 [debug] [Thread-1 (]: Using snowflake connection "test.multi_warehouse_demo.not_null_stg_orders_order_id.81cfe2fe64"
[0m18:33:05.986859 [debug] [Thread-1 (]: On test.multi_warehouse_demo.not_null_stg_orders_order_id.81cfe2fe64: select
      count(*) as failures,
      count(*) != 0 as should_warn,
      count(*) != 0 as should_error
    from (
      
    
  
    
    



select order_id
from DEMO.ANALYTICS.stg_orders
where order_id is null



  
  
      
    ) dbt_internal_test
/* {"app": "dbt", "dbt_version": "1.10.11", "profile_name": "multi_warehouse_demo", "target_name": "snowflake", "node_id": "test.multi_warehouse_demo.not_null_stg_orders_order_id.81cfe2fe64"} */
[0m18:33:06.058667 [debug] [Thread-1 (]: SQL status: SUCCESS 1 in 0.071 seconds
[0m18:33:06.060852 [info ] [Thread-1 (]: 2 of 5 PASS not_null_stg_orders_order_id ....................................... [[32mPASS[0m in 0.08s]
[0m18:33:06.061373 [debug] [Thread-1 (]: Finished running node test.multi_warehouse_demo.not_null_stg_orders_order_id.81cfe2fe64
[0m18:33:06.061678 [debug] [Thread-1 (]: Began running node test.multi_warehouse_demo.not_null_stg_orders_user_id.7d129d0209
[0m18:33:06.062017 [info ] [Thread-1 (]: 3 of 5 START test not_null_stg_orders_user_id .................................. [RUN]
[0m18:33:06.064856 [debug] [Thread-1 (]: Re-using an available connection from the pool (formerly test.multi_warehouse_demo.not_null_stg_orders_order_id.81cfe2fe64, now test.multi_warehouse_demo.not_null_stg_orders_user_id.7d129d0209)
[0m18:33:06.065489 [debug] [Thread-1 (]: Began compiling node test.multi_warehouse_demo.not_null_stg_orders_user_id.7d129d0209
[0m18:33:06.070087 [debug] [Thread-1 (]: Writing injected SQL for node "test.multi_warehouse_demo.not_null_stg_orders_user_id.7d129d0209"
[0m18:33:06.070771 [debug] [Thread-1 (]: Began executing node test.multi_warehouse_demo.not_null_stg_orders_user_id.7d129d0209
[0m18:33:06.072770 [debug] [Thread-1 (]: Writing runtime sql for node "test.multi_warehouse_demo.not_null_stg_orders_user_id.7d129d0209"
[0m18:33:06.073553 [debug] [Thread-1 (]: Using snowflake connection "test.multi_warehouse_demo.not_null_stg_orders_user_id.7d129d0209"
[0m18:33:06.073844 [debug] [Thread-1 (]: On test.multi_warehouse_demo.not_null_stg_orders_user_id.7d129d0209: select
      count(*) as failures,
      count(*) != 0 as should_warn,
      count(*) != 0 as should_error
    from (
      
    
  
    
    



select user_id
from DEMO.ANALYTICS.stg_orders
where user_id is null



  
  
      
    ) dbt_internal_test
/* {"app": "dbt", "dbt_version": "1.10.11", "profile_name": "multi_warehouse_demo", "target_name": "snowflake", "node_id": "test.multi_warehouse_demo.not_null_stg_orders_user_id.7d129d0209"} */
[0m18:33:06.147892 [debug] [Thread-1 (]: SQL status: SUCCESS 1 in 0.074 seconds
[0m18:33:06.149609 [info ] [Thread-1 (]: 3 of 5 PASS not_null_stg_orders_user_id ........................................ [[32mPASS[0m in 0.08s]
[0m18:33:06.150081 [debug] [Thread-1 (]: Finished running node test.multi_warehouse_demo.not_null_stg_orders_user_id.7d129d0209
[0m18:33:06.150384 [debug] [Thread-1 (]: Began running node test.multi_warehouse_demo.relationships_stg_order_items_order_id__order_id__ref_stg_orders_.dbe9930c54
[0m18:33:06.150723 [info ] [Thread-1 (]: 4 of 5 START test relationships_stg_order_items_order_id__order_id__ref_stg_orders_  [RUN]
[0m18:33:06.151110 [debug] [Thread-1 (]: Re-using an available connection from the pool (formerly test.multi_warehouse_demo.not_null_stg_orders_user_id.7d129d0209, now test.multi_warehouse_demo.relationships_stg_order_items_order_id__order_id__ref_stg_orders_.dbe9930c54)
[0m18:33:06.151395 [debug] [Thread-1 (]: Began compiling node test.multi_warehouse_demo.relationships_stg_order_items_order_id__order_id__ref_stg_orders_.dbe9930c54
[0m18:33:06.158680 [debug] [Thread-1 (]: Writing injected SQL for node "test.multi_warehouse_demo.relationships_stg_order_items_order_id__order_id__ref_stg_orders_.dbe9930c54"
[0m18:33:06.159471 [debug] [Thread-1 (]: Began executing node test.multi_warehouse_demo.relationships_stg_order_items_order_id__order_id__ref_stg_orders_.dbe9930c54
[0m18:33:06.161130 [debug] [Thread-1 (]: Writing runtime sql for node "test.multi_warehouse_demo.relationships_stg_order_items_order_id__order_id__ref_stg_orders_.dbe9930c54"
[0m18:33:06.162057 [debug] [Thread-1 (]: Using snowflake connection "test.multi_warehouse_demo.relationships_stg_order_items_order_id__order_id__ref_stg_orders_.dbe9930c54"
[0m18:33:06.162354 [debug] [Thread-1 (]: On test.multi_warehouse_demo.relationships_stg_order_items_order_id__order_id__ref_stg_orders_.dbe9930c54: select
      count(*) as failures,
      count(*) != 0 as should_warn,
      count(*) != 0 as should_error
    from (
      
    
  
    
    

with child as (
    select order_id as from_field
    from DEMO.ANALYTICS.stg_order_items
    where order_id is not null
),

parent as (
    select order_id as to_field
    from DEMO.ANALYTICS.stg_orders
)

select
    from_field

from child
left join parent
    on child.from_field = parent.to_field

where parent.to_field is null



  
  
      
    ) dbt_internal_test
/* {"app": "dbt", "dbt_version": "1.10.11", "profile_name": "multi_warehouse_demo", "target_name": "snowflake", "node_id": "test.multi_warehouse_demo.relationships_stg_order_items_order_id__order_id__ref_stg_orders_.dbe9930c54"} */
[0m18:33:06.244970 [debug] [Thread-1 (]: SQL status: SUCCESS 1 in 0.082 seconds
[0m18:33:06.246633 [info ] [Thread-1 (]: 4 of 5 PASS relationships_stg_order_items_order_id__order_id__ref_stg_orders_ .. [[32mPASS[0m in 0.10s]
[0m18:33:06.247100 [debug] [Thread-1 (]: Finished running node test.multi_warehouse_demo.relationships_stg_order_items_order_id__order_id__ref_stg_orders_.dbe9930c54
[0m18:33:06.247389 [debug] [Thread-1 (]: Began running node test.multi_warehouse_demo.unique_stg_orders_order_id.e3b841c71a
[0m18:33:06.247710 [info ] [Thread-1 (]: 5 of 5 START test unique_stg_orders_order_id ................................... [RUN]
[0m18:33:06.248136 [debug] [Thread-1 (]: Re-using an available connection from the pool (formerly test.multi_warehouse_demo.relationships_stg_order_items_order_id__order_id__ref_stg_orders_.dbe9930c54, now test.multi_warehouse_demo.unique_stg_orders_order_id.e3b841c71a)
[0m18:33:06.248461 [debug] [Thread-1 (]: Began compiling node test.multi_warehouse_demo.unique_stg_orders_order_id.e3b841c71a
[0m18:33:06.253400 [debug] [Thread-1 (]: Writing injected SQL for node "test.multi_warehouse_demo.unique_stg_orders_order_id.e3b841c71a"
[0m18:33:06.254007 [debug] [Thread-1 (]: Began executing node test.multi_warehouse_demo.unique_stg_orders_order_id.e3b841c71a
[0m18:33:06.256217 [debug] [Thread-1 (]: Writing runtime sql for node "test.multi_warehouse_demo.unique_stg_orders_order_id.e3b841c71a"
[0m18:33:06.257339 [debug] [Thread-1 (]: Using snowflake connection "test.multi_warehouse_demo.unique_stg_orders_order_id.e3b841c71a"
[0m18:33:06.257680 [debug] [Thread-1 (]: On test.multi_warehouse_demo.unique_stg_orders_order_id.e3b841c71a: select
      count(*) as failures,
      count(*) != 0 as should_warn,
      count(*) != 0 as should_error
    from (
      
    
  
    
    

select
    order_id as unique_field,
    count(*) as n_records

from DEMO.ANALYTICS.stg_orders
where order_id is not null
group by order_id
having count(*) > 1



  
  
      
    ) dbt_internal_test
/* {"app": "dbt", "dbt_version": "1.10.11", "profile_name": "multi_warehouse_demo", "target_name": "snowflake", "node_id": "test.multi_warehouse_demo.unique_stg_orders_order_id.e3b841c71a"} */
[0m18:33:06.359185 [debug] [Thread-1 (]: SQL status: SUCCESS 1 in 0.101 seconds
[0m18:33:06.360837 [info ] [Thread-1 (]: 5 of 5 PASS unique_stg_orders_order_id ......................................... [[32mPASS[0m in 0.11s]
[0m18:33:06.361299 [debug] [Thread-1 (]: Finished running node test.multi_warehouse_demo.unique_stg_orders_order_id.e3b841c71a
[0m18:33:06.362276 [debug] [MainThread]: Connection 'master' was properly closed.
[0m18:33:06.362547 [debug] [MainThread]: Connection 'test.multi_warehouse_demo.unique_stg_orders_order_id.e3b841c71a' was left open.
[0m18:33:06.362775 [debug] [MainThread]: On test.multi_warehouse_demo.unique_stg_orders_order_id.e3b841c71a: Close
[0m18:33:06.444237 [info ] [MainThread]: 
[0m18:33:06.444682 [info ] [MainThread]: Finished running 5 data tests in 0 hours 0 minutes and 1.57 seconds (1.57s).
[0m18:33:06.445647 [debug] [MainThread]: Command end result
[0m18:33:06.470870 [debug] [MainThread]: Wrote artifact WritableManifest to /Users/austinabrahamanjiparambilhayis/Documents/repos/dbt-multi-warehouse-demo/target/manifest.json
[0m18:33:06.472461 [debug] [MainThread]: Wrote artifact SemanticManifest to /Users/austinabrahamanjiparambilhayis/Documents/repos/dbt-multi-warehouse-demo/target/semantic_manifest.json
[0m18:33:06.478669 [debug] [MainThread]: Wrote artifact RunExecutionResult to /Users/austinabrahamanjiparambilhayis/Documents/repos/dbt-multi-warehouse-demo/target/run_results.json
[0m18:33:06.478953 [info ] [MainThread]: 
[0m18:33:06.479244 [info ] [MainThread]: [32mCompleted successfully[0m
[0m18:33:06.479468 [info ] [MainThread]: 
[0m18:33:06.479706 [info ] [MainThread]: Done. PASS=5 WARN=0 ERROR=0 SKIP=0 NO-OP=0 TOTAL=5
[0m18:33:06.480087 [warn ] [MainThread]: [[33mWARNING[0m][DeprecationsSummary]: Deprecated functionality
Summary of encountered deprecations:
- ModelParamUsageDeprecation: 1 occurrence
To see all deprecation instances instead of just the first occurrence of each,
run command again with the `--show-all-deprecations` flag. You may also need to
run with `--no-partial-parse` as some deprecations are only encountered during
parsing.
[0m18:33:06.482504 [debug] [MainThread]: Resource report: {"command_name": "test", "command_success": true, "command_wall_clock_time": 2.620769, "process_in_blocks": "0", "process_kernel_time": 0.385402, "process_mem_max_rss": "168411136", "process_out_blocks": "0", "process_user_time": 2.128311}
[0m18:33:06.482887 [debug] [MainThread]: Command `dbt test` succeeded at 18:33:06.482823 after 2.62 seconds
[0m18:33:06.483156 [debug] [MainThread]: Sending event: {'category': 'dbt', 'action': 'invocation', 'label': 'end', 'context': [<snowplow_tracker.self_describing_json.SelfDescribingJson object at 0x10f3397b0>, <snowplow_tracker.self_describing_json.SelfDescribingJson object at 0x10f2af1b0>, <snowplow_tracker.self_describing_json.SelfDescribingJson object at 0x10f2aead0>]}
[0m18:33:06.483421 [debug] [MainThread]: Flushing usage events
[0m18:33:06.934659 [debug] [MainThread]: An error was encountered while trying to flush usage events
[0m18:34:04.040367 [debug] [MainThread]: Sending event: {'category': 'dbt', 'action': 'invocation', 'label': 'start', 'context': [<snowplow_tracker.self_describing_json.SelfDescribingJson object at 0x110a0c050>, <snowplow_tracker.self_describing_json.SelfDescribingJson object at 0x11246f610>, <snowplow_tracker.self_describing_json.SelfDescribingJson object at 0x11246f890>]}


============================== 18:34:04.044570 | df5b6fd9-5fbf-4774-b367-6253095c520a ==============================
[0m18:34:04.044570 [info ] [MainThread]: Running with dbt=1.10.11
[0m18:34:04.045052 [debug] [MainThread]: running dbt with arguments {'invocation_command': 'dbt test --models stg_orders', 'warn_error': 'None', 'log_cache_events': 'False', 'log_format': 'default', 'static_parser': 'True', 'introspect': 'True', 'debug': 'False', 'log_path': '/Users/austinabrahamanjiparambilhayis/Documents/repos/dbt-multi-warehouse-demo/logs', 'no_print': 'None', 'quiet': 'False', 'use_experimental_parser': 'False', 'empty': 'None', 'fail_fast': 'False', 'warn_error_options': 'WarnErrorOptionsV2(error=[], warn=[], silence=[])', 'printer_width': '80', 'target_path': 'None', 'profiles_dir': '/Users/austinabrahamanjiparambilhayis/.dbt', 'send_anonymous_usage_stats': 'True', 'indirect_selection': 'eager', 'use_colors': 'True', 'partial_parse': 'True', 'cache_selected_only': 'False', 'version_check': 'True', 'write_json': 'True'}
[0m18:34:04.045422 [warn ] [MainThread]: [[33mWARNING[0m]: Deprecated functionality
Usage of `--models`, `--model`, and `-m` is deprecated in favor of `--select` or
`-s`.
[0m18:34:04.045685 [debug] [MainThread]: Sending event: {'category': 'dbt', 'action': 'deprecation', 'label': 'df5b6fd9-5fbf-4774-b367-6253095c520a', 'property_': 'warn', 'context': [<snowplow_tracker.self_describing_json.SelfDescribingJson object at 0x11235f490>]}
[0m18:34:04.477514 [debug] [MainThread]: Sending event: {'category': 'dbt', 'action': 'project_id', 'label': 'df5b6fd9-5fbf-4774-b367-6253095c520a', 'context': [<snowplow_tracker.self_describing_json.SelfDescribingJson object at 0x11333fdf0>]}
[0m18:34:04.526348 [debug] [MainThread]: Sending event: {'category': 'dbt', 'action': 'adapter_info', 'label': 'df5b6fd9-5fbf-4774-b367-6253095c520a', 'context': [<snowplow_tracker.self_describing_json.SelfDescribingJson object at 0x11335e750>]}
[0m18:34:04.527206 [info ] [MainThread]: Registered adapter: snowflake=1.10.2
[0m18:34:04.624811 [debug] [MainThread]: checksum: 5335e1629744fab92fa7809c625edbb36f0d7063a879d6215c971798f27e66f9, vars: {}, profile: , target: , version: 1.10.11
[0m18:34:04.768818 [debug] [MainThread]: Partial parsing enabled: 0 files deleted, 0 files added, 0 files changed.
[0m18:34:04.769156 [debug] [MainThread]: Partial parsing enabled, no changes found, skipping parsing
[0m18:34:04.826004 [debug] [MainThread]: Sending event: {'category': 'dbt', 'action': 'load_project', 'label': 'df5b6fd9-5fbf-4774-b367-6253095c520a', 'context': [<snowplow_tracker.self_describing_json.SelfDescribingJson object at 0x11391dd60>]}
[0m18:34:04.920778 [debug] [MainThread]: Wrote artifact WritableManifest to /Users/austinabrahamanjiparambilhayis/Documents/repos/dbt-multi-warehouse-demo/target/manifest.json
[0m18:34:04.922715 [debug] [MainThread]: Wrote artifact SemanticManifest to /Users/austinabrahamanjiparambilhayis/Documents/repos/dbt-multi-warehouse-demo/target/semantic_manifest.json
[0m18:34:04.949327 [debug] [MainThread]: Sending event: {'category': 'dbt', 'action': 'resource_counts', 'label': 'df5b6fd9-5fbf-4774-b367-6253095c520a', 'context': [<snowplow_tracker.self_describing_json.SelfDescribingJson object at 0x113641630>]}
[0m18:34:04.949689 [info ] [MainThread]: Found 6 models, 1 snapshot, 4 seeds, 14 data tests, 4 sources, 480 macros
[0m18:34:04.949947 [debug] [MainThread]: Sending event: {'category': 'dbt', 'action': 'runnable_timing', 'label': 'df5b6fd9-5fbf-4774-b367-6253095c520a', 'context': [<snowplow_tracker.self_describing_json.SelfDescribingJson object at 0x114764a10>]}
[0m18:34:04.951369 [info ] [MainThread]: 
[0m18:34:04.951626 [info ] [MainThread]: Concurrency: 1 threads (target='snowflake')
[0m18:34:04.951824 [info ] [MainThread]: 
[0m18:34:04.952170 [debug] [MainThread]: Acquiring new snowflake connection 'master'
[0m18:34:04.956094 [debug] [ThreadPool]: Acquiring new snowflake connection 'list_DEMO_ANALYTICS'
[0m18:34:05.010479 [debug] [ThreadPool]: Using snowflake connection "list_DEMO_ANALYTICS"
[0m18:34:05.010776 [debug] [ThreadPool]: On list_DEMO_ANALYTICS: show objects in DEMO.ANALYTICS
    limit 10000
    

/* {"app": "dbt", "dbt_version": "1.10.11", "profile_name": "multi_warehouse_demo", "target_name": "snowflake", "connection_name": "list_DEMO_ANALYTICS"} */;
[0m18:34:05.011002 [debug] [ThreadPool]: Opening a new connection, currently in state init
[0m18:34:06.016758 [debug] [ThreadPool]: SQL status: SUCCESS 10 in 1.005 seconds
[0m18:34:06.021992 [debug] [ThreadPool]: Re-using an available connection from the pool (formerly list_DEMO_ANALYTICS, now list_DEMO_analytics_snapshots)
[0m18:34:06.028457 [debug] [ThreadPool]: Using snowflake connection "list_DEMO_analytics_snapshots"
[0m18:34:06.029009 [debug] [ThreadPool]: On list_DEMO_analytics_snapshots: show objects in DEMO.analytics_snapshots
    limit 10000
    

/* {"app": "dbt", "dbt_version": "1.10.11", "profile_name": "multi_warehouse_demo", "target_name": "snowflake", "connection_name": "list_DEMO_analytics_snapshots"} */;
[0m18:34:06.112855 [debug] [ThreadPool]: SQL status: SUCCESS 1 in 0.083 seconds
[0m18:34:06.116303 [debug] [MainThread]: Sending event: {'category': 'dbt', 'action': 'runnable_timing', 'label': 'df5b6fd9-5fbf-4774-b367-6253095c520a', 'context': [<snowplow_tracker.self_describing_json.SelfDescribingJson object at 0x114744d10>]}
[0m18:34:06.120012 [debug] [Thread-1 (]: Began running node test.multi_warehouse_demo.accepted_values_stg_orders_status__completed__cancelled.0881a3f2d1
[0m18:34:06.120546 [info ] [Thread-1 (]: 1 of 5 START test accepted_values_stg_orders_status__completed__cancelled ...... [RUN]
[0m18:34:06.121092 [debug] [Thread-1 (]: Re-using an available connection from the pool (formerly list_DEMO_analytics_snapshots, now test.multi_warehouse_demo.accepted_values_stg_orders_status__completed__cancelled.0881a3f2d1)
[0m18:34:06.121556 [debug] [Thread-1 (]: Began compiling node test.multi_warehouse_demo.accepted_values_stg_orders_status__completed__cancelled.0881a3f2d1
[0m18:34:06.142794 [debug] [Thread-1 (]: Writing injected SQL for node "test.multi_warehouse_demo.accepted_values_stg_orders_status__completed__cancelled.0881a3f2d1"
[0m18:34:06.143817 [debug] [Thread-1 (]: Began executing node test.multi_warehouse_demo.accepted_values_stg_orders_status__completed__cancelled.0881a3f2d1
[0m18:34:06.163341 [debug] [Thread-1 (]: Writing runtime sql for node "test.multi_warehouse_demo.accepted_values_stg_orders_status__completed__cancelled.0881a3f2d1"
[0m18:34:06.164268 [debug] [Thread-1 (]: Using snowflake connection "test.multi_warehouse_demo.accepted_values_stg_orders_status__completed__cancelled.0881a3f2d1"
[0m18:34:06.164607 [debug] [Thread-1 (]: On test.multi_warehouse_demo.accepted_values_stg_orders_status__completed__cancelled.0881a3f2d1: select
      count(*) as failures,
      count(*) != 0 as should_warn,
      count(*) != 0 as should_error
    from (
      
    
  
    
    

with all_values as (

    select
        status as value_field,
        count(*) as n_records

    from DEMO.ANALYTICS.stg_orders
    group by status

)

select *
from all_values
where value_field not in (
    'completed','cancelled'
)



  
  
      
    ) dbt_internal_test
/* {"app": "dbt", "dbt_version": "1.10.11", "profile_name": "multi_warehouse_demo", "target_name": "snowflake", "node_id": "test.multi_warehouse_demo.accepted_values_stg_orders_status__completed__cancelled.0881a3f2d1"} */
[0m18:34:06.235718 [debug] [Thread-1 (]: SQL status: SUCCESS 1 in 0.071 seconds
[0m18:34:06.242648 [info ] [Thread-1 (]: 1 of 5 PASS accepted_values_stg_orders_status__completed__cancelled ............ [[32mPASS[0m in 0.12s]
[0m18:34:06.243137 [debug] [Thread-1 (]: Finished running node test.multi_warehouse_demo.accepted_values_stg_orders_status__completed__cancelled.0881a3f2d1
[0m18:34:06.243431 [debug] [Thread-1 (]: Began running node test.multi_warehouse_demo.not_null_stg_orders_order_id.81cfe2fe64
[0m18:34:06.243762 [info ] [Thread-1 (]: 2 of 5 START test not_null_stg_orders_order_id ................................. [RUN]
[0m18:34:06.244141 [debug] [Thread-1 (]: Re-using an available connection from the pool (formerly test.multi_warehouse_demo.accepted_values_stg_orders_status__completed__cancelled.0881a3f2d1, now test.multi_warehouse_demo.not_null_stg_orders_order_id.81cfe2fe64)
[0m18:34:06.244418 [debug] [Thread-1 (]: Began compiling node test.multi_warehouse_demo.not_null_stg_orders_order_id.81cfe2fe64
[0m18:34:06.249874 [debug] [Thread-1 (]: Writing injected SQL for node "test.multi_warehouse_demo.not_null_stg_orders_order_id.81cfe2fe64"
[0m18:34:06.250455 [debug] [Thread-1 (]: Began executing node test.multi_warehouse_demo.not_null_stg_orders_order_id.81cfe2fe64
[0m18:34:06.252112 [debug] [Thread-1 (]: Writing runtime sql for node "test.multi_warehouse_demo.not_null_stg_orders_order_id.81cfe2fe64"
[0m18:34:06.252821 [debug] [Thread-1 (]: Using snowflake connection "test.multi_warehouse_demo.not_null_stg_orders_order_id.81cfe2fe64"
[0m18:34:06.253420 [debug] [Thread-1 (]: On test.multi_warehouse_demo.not_null_stg_orders_order_id.81cfe2fe64: select
      count(*) as failures,
      count(*) != 0 as should_warn,
      count(*) != 0 as should_error
    from (
      
    
  
    
    



select order_id
from DEMO.ANALYTICS.stg_orders
where order_id is null



  
  
      
    ) dbt_internal_test
/* {"app": "dbt", "dbt_version": "1.10.11", "profile_name": "multi_warehouse_demo", "target_name": "snowflake", "node_id": "test.multi_warehouse_demo.not_null_stg_orders_order_id.81cfe2fe64"} */
[0m18:34:06.374468 [debug] [Thread-1 (]: SQL status: SUCCESS 1 in 0.120 seconds
[0m18:34:06.376961 [info ] [Thread-1 (]: 2 of 5 PASS not_null_stg_orders_order_id ....................................... [[32mPASS[0m in 0.13s]
[0m18:34:06.377676 [debug] [Thread-1 (]: Finished running node test.multi_warehouse_demo.not_null_stg_orders_order_id.81cfe2fe64
[0m18:34:06.378157 [debug] [Thread-1 (]: Began running node test.multi_warehouse_demo.not_null_stg_orders_user_id.7d129d0209
[0m18:34:06.378659 [info ] [Thread-1 (]: 3 of 5 START test not_null_stg_orders_user_id .................................. [RUN]
[0m18:34:06.379242 [debug] [Thread-1 (]: Re-using an available connection from the pool (formerly test.multi_warehouse_demo.not_null_stg_orders_order_id.81cfe2fe64, now test.multi_warehouse_demo.not_null_stg_orders_user_id.7d129d0209)
[0m18:34:06.379599 [debug] [Thread-1 (]: Began compiling node test.multi_warehouse_demo.not_null_stg_orders_user_id.7d129d0209
[0m18:34:06.384303 [debug] [Thread-1 (]: Writing injected SQL for node "test.multi_warehouse_demo.not_null_stg_orders_user_id.7d129d0209"
[0m18:34:06.385001 [debug] [Thread-1 (]: Began executing node test.multi_warehouse_demo.not_null_stg_orders_user_id.7d129d0209
[0m18:34:06.386891 [debug] [Thread-1 (]: Writing runtime sql for node "test.multi_warehouse_demo.not_null_stg_orders_user_id.7d129d0209"
[0m18:34:06.388221 [debug] [Thread-1 (]: Using snowflake connection "test.multi_warehouse_demo.not_null_stg_orders_user_id.7d129d0209"
[0m18:34:06.388641 [debug] [Thread-1 (]: On test.multi_warehouse_demo.not_null_stg_orders_user_id.7d129d0209: select
      count(*) as failures,
      count(*) != 0 as should_warn,
      count(*) != 0 as should_error
    from (
      
    
  
    
    



select user_id
from DEMO.ANALYTICS.stg_orders
where user_id is null



  
  
      
    ) dbt_internal_test
/* {"app": "dbt", "dbt_version": "1.10.11", "profile_name": "multi_warehouse_demo", "target_name": "snowflake", "node_id": "test.multi_warehouse_demo.not_null_stg_orders_user_id.7d129d0209"} */
[0m18:34:06.458431 [debug] [Thread-1 (]: SQL status: SUCCESS 1 in 0.069 seconds
[0m18:34:06.461504 [info ] [Thread-1 (]: 3 of 5 PASS not_null_stg_orders_user_id ........................................ [[32mPASS[0m in 0.08s]
[0m18:34:06.462314 [debug] [Thread-1 (]: Finished running node test.multi_warehouse_demo.not_null_stg_orders_user_id.7d129d0209
[0m18:34:06.462779 [debug] [Thread-1 (]: Began running node test.multi_warehouse_demo.relationships_stg_order_items_order_id__order_id__ref_stg_orders_.dbe9930c54
[0m18:34:06.463301 [info ] [Thread-1 (]: 4 of 5 START test relationships_stg_order_items_order_id__order_id__ref_stg_orders_  [RUN]
[0m18:34:06.463878 [debug] [Thread-1 (]: Re-using an available connection from the pool (formerly test.multi_warehouse_demo.not_null_stg_orders_user_id.7d129d0209, now test.multi_warehouse_demo.relationships_stg_order_items_order_id__order_id__ref_stg_orders_.dbe9930c54)
[0m18:34:06.464341 [debug] [Thread-1 (]: Began compiling node test.multi_warehouse_demo.relationships_stg_order_items_order_id__order_id__ref_stg_orders_.dbe9930c54
[0m18:34:06.474757 [debug] [Thread-1 (]: Writing injected SQL for node "test.multi_warehouse_demo.relationships_stg_order_items_order_id__order_id__ref_stg_orders_.dbe9930c54"
[0m18:34:06.476152 [debug] [Thread-1 (]: Began executing node test.multi_warehouse_demo.relationships_stg_order_items_order_id__order_id__ref_stg_orders_.dbe9930c54
[0m18:34:06.478037 [debug] [Thread-1 (]: Writing runtime sql for node "test.multi_warehouse_demo.relationships_stg_order_items_order_id__order_id__ref_stg_orders_.dbe9930c54"
[0m18:34:06.479119 [debug] [Thread-1 (]: Using snowflake connection "test.multi_warehouse_demo.relationships_stg_order_items_order_id__order_id__ref_stg_orders_.dbe9930c54"
[0m18:34:06.479456 [debug] [Thread-1 (]: On test.multi_warehouse_demo.relationships_stg_order_items_order_id__order_id__ref_stg_orders_.dbe9930c54: select
      count(*) as failures,
      count(*) != 0 as should_warn,
      count(*) != 0 as should_error
    from (
      
    
  
    
    

with child as (
    select order_id as from_field
    from DEMO.ANALYTICS.stg_order_items
    where order_id is not null
),

parent as (
    select order_id as to_field
    from DEMO.ANALYTICS.stg_orders
)

select
    from_field

from child
left join parent
    on child.from_field = parent.to_field

where parent.to_field is null



  
  
      
    ) dbt_internal_test
/* {"app": "dbt", "dbt_version": "1.10.11", "profile_name": "multi_warehouse_demo", "target_name": "snowflake", "node_id": "test.multi_warehouse_demo.relationships_stg_order_items_order_id__order_id__ref_stg_orders_.dbe9930c54"} */
[0m18:34:06.599807 [debug] [Thread-1 (]: SQL status: SUCCESS 1 in 0.120 seconds
[0m18:34:06.603830 [info ] [Thread-1 (]: 4 of 5 PASS relationships_stg_order_items_order_id__order_id__ref_stg_orders_ .. [[32mPASS[0m in 0.14s]
[0m18:34:06.604765 [debug] [Thread-1 (]: Finished running node test.multi_warehouse_demo.relationships_stg_order_items_order_id__order_id__ref_stg_orders_.dbe9930c54
[0m18:34:06.605356 [debug] [Thread-1 (]: Began running node test.multi_warehouse_demo.unique_stg_orders_order_id.e3b841c71a
[0m18:34:06.605949 [info ] [Thread-1 (]: 5 of 5 START test unique_stg_orders_order_id ................................... [RUN]
[0m18:34:06.606568 [debug] [Thread-1 (]: Re-using an available connection from the pool (formerly test.multi_warehouse_demo.relationships_stg_order_items_order_id__order_id__ref_stg_orders_.dbe9930c54, now test.multi_warehouse_demo.unique_stg_orders_order_id.e3b841c71a)
[0m18:34:06.607032 [debug] [Thread-1 (]: Began compiling node test.multi_warehouse_demo.unique_stg_orders_order_id.e3b841c71a
[0m18:34:06.615805 [debug] [Thread-1 (]: Writing injected SQL for node "test.multi_warehouse_demo.unique_stg_orders_order_id.e3b841c71a"
[0m18:34:06.616606 [debug] [Thread-1 (]: Began executing node test.multi_warehouse_demo.unique_stg_orders_order_id.e3b841c71a
[0m18:34:06.620216 [debug] [Thread-1 (]: Writing runtime sql for node "test.multi_warehouse_demo.unique_stg_orders_order_id.e3b841c71a"
[0m18:34:06.621729 [debug] [Thread-1 (]: Using snowflake connection "test.multi_warehouse_demo.unique_stg_orders_order_id.e3b841c71a"
[0m18:34:06.622142 [debug] [Thread-1 (]: On test.multi_warehouse_demo.unique_stg_orders_order_id.e3b841c71a: select
      count(*) as failures,
      count(*) != 0 as should_warn,
      count(*) != 0 as should_error
    from (
      
    
  
    
    

select
    order_id as unique_field,
    count(*) as n_records

from DEMO.ANALYTICS.stg_orders
where order_id is not null
group by order_id
having count(*) > 1



  
  
      
    ) dbt_internal_test
/* {"app": "dbt", "dbt_version": "1.10.11", "profile_name": "multi_warehouse_demo", "target_name": "snowflake", "node_id": "test.multi_warehouse_demo.unique_stg_orders_order_id.e3b841c71a"} */
[0m18:34:06.703920 [debug] [Thread-1 (]: SQL status: SUCCESS 1 in 0.081 seconds
[0m18:34:06.707836 [info ] [Thread-1 (]: 5 of 5 PASS unique_stg_orders_order_id ......................................... [[32mPASS[0m in 0.10s]
[0m18:34:06.708779 [debug] [Thread-1 (]: Finished running node test.multi_warehouse_demo.unique_stg_orders_order_id.e3b841c71a
[0m18:34:06.710850 [debug] [MainThread]: Connection 'master' was properly closed.
[0m18:34:06.711420 [debug] [MainThread]: Connection 'test.multi_warehouse_demo.unique_stg_orders_order_id.e3b841c71a' was left open.
[0m18:34:06.711877 [debug] [MainThread]: On test.multi_warehouse_demo.unique_stg_orders_order_id.e3b841c71a: Close
[0m18:34:06.784980 [info ] [MainThread]: 
[0m18:34:06.785597 [info ] [MainThread]: Finished running 5 data tests in 0 hours 0 minutes and 1.83 seconds (1.83s).
[0m18:34:06.787171 [debug] [MainThread]: Command end result
[0m18:34:06.815690 [debug] [MainThread]: Wrote artifact WritableManifest to /Users/austinabrahamanjiparambilhayis/Documents/repos/dbt-multi-warehouse-demo/target/manifest.json
[0m18:34:06.817119 [debug] [MainThread]: Wrote artifact SemanticManifest to /Users/austinabrahamanjiparambilhayis/Documents/repos/dbt-multi-warehouse-demo/target/semantic_manifest.json
[0m18:34:06.823402 [debug] [MainThread]: Wrote artifact RunExecutionResult to /Users/austinabrahamanjiparambilhayis/Documents/repos/dbt-multi-warehouse-demo/target/run_results.json
[0m18:34:06.823690 [info ] [MainThread]: 
[0m18:34:06.823965 [info ] [MainThread]: [32mCompleted successfully[0m
[0m18:34:06.824189 [info ] [MainThread]: 
[0m18:34:06.824435 [info ] [MainThread]: Done. PASS=5 WARN=0 ERROR=0 SKIP=0 NO-OP=0 TOTAL=5
[0m18:34:06.824822 [warn ] [MainThread]: [[33mWARNING[0m][DeprecationsSummary]: Deprecated functionality
Summary of encountered deprecations:
- ModelParamUsageDeprecation: 1 occurrence
To see all deprecation instances instead of just the first occurrence of each,
run command again with the `--show-all-deprecations` flag. You may also need to
run with `--no-partial-parse` as some deprecations are only encountered during
parsing.
[0m18:34:06.827499 [debug] [MainThread]: Resource report: {"command_name": "test", "command_success": true, "command_wall_clock_time": 2.846054, "process_in_blocks": "0", "process_kernel_time": 0.375606, "process_mem_max_rss": "169934848", "process_out_blocks": "0", "process_user_time": 2.125948}
[0m18:34:06.827863 [debug] [MainThread]: Command `dbt test` succeeded at 18:34:06.827793 after 2.85 seconds
[0m18:34:06.828143 [debug] [MainThread]: Sending event: {'category': 'dbt', 'action': 'invocation', 'label': 'end', 'context': [<snowplow_tracker.self_describing_json.SelfDescribingJson object at 0x1160397b0>, <snowplow_tracker.self_describing_json.SelfDescribingJson object at 0x1157ab110>, <snowplow_tracker.self_describing_json.SelfDescribingJson object at 0x1157aa7b0>]}
[0m18:34:06.828418 [debug] [MainThread]: Flushing usage events
[0m18:34:07.230254 [debug] [MainThread]: An error was encountered while trying to flush usage events
[0m18:37:30.354298 [debug] [MainThread]: Sending event: {'category': 'dbt', 'action': 'invocation', 'label': 'start', 'context': [<snowplow_tracker.self_describing_json.SelfDescribingJson object at 0x105aa4050>, <snowplow_tracker.self_describing_json.SelfDescribingJson object at 0x106907610>, <snowplow_tracker.self_describing_json.SelfDescribingJson object at 0x106907890>]}


============================== 18:37:30.358565 | 73a056b6-4b91-473d-b1b7-71ad4a0fb295 ==============================
[0m18:37:30.358565 [info ] [MainThread]: Running with dbt=1.10.11
[0m18:37:30.359025 [debug] [MainThread]: running dbt with arguments {'fail_fast': 'False', 'write_json': 'True', 'log_format': 'default', 'empty': 'None', 'indirect_selection': 'eager', 'cache_selected_only': 'False', 'printer_width': '80', 'warn_error_options': 'WarnErrorOptionsV2(error=[], warn=[], silence=[])', 'no_print': 'None', 'send_anonymous_usage_stats': 'True', 'debug': 'False', 'use_colors': 'True', 'invocation_command': 'dbt test --models stg_orders', 'quiet': 'False', 'warn_error': 'None', 'version_check': 'True', 'use_experimental_parser': 'False', 'target_path': 'None', 'log_cache_events': 'False', 'log_path': '/Users/austinabrahamanjiparambilhayis/Documents/repos/dbt-multi-warehouse-demo/logs', 'partial_parse': 'True', 'static_parser': 'True', 'profiles_dir': '/Users/austinabrahamanjiparambilhayis/.dbt', 'introspect': 'True'}
[0m18:37:30.359391 [warn ] [MainThread]: [[33mWARNING[0m]: Deprecated functionality
Usage of `--models`, `--model`, and `-m` is deprecated in favor of `--select` or
`-s`.
[0m18:37:30.359662 [debug] [MainThread]: Sending event: {'category': 'dbt', 'action': 'deprecation', 'label': '73a056b6-4b91-473d-b1b7-71ad4a0fb295', 'property_': 'warn', 'context': [<snowplow_tracker.self_describing_json.SelfDescribingJson object at 0x1067f7490>]}
[0m18:37:30.807733 [debug] [MainThread]: Sending event: {'category': 'dbt', 'action': 'project_id', 'label': '73a056b6-4b91-473d-b1b7-71ad4a0fb295', 'context': [<snowplow_tracker.self_describing_json.SelfDescribingJson object at 0x10740fdf0>]}
[0m18:37:30.857634 [debug] [MainThread]: Sending event: {'category': 'dbt', 'action': 'adapter_info', 'label': '73a056b6-4b91-473d-b1b7-71ad4a0fb295', 'context': [<snowplow_tracker.self_describing_json.SelfDescribingJson object at 0x10742e750>]}
[0m18:37:30.858782 [info ] [MainThread]: Registered adapter: snowflake=1.10.2
[0m18:37:30.958600 [debug] [MainThread]: checksum: 5335e1629744fab92fa7809c625edbb36f0d7063a879d6215c971798f27e66f9, vars: {}, profile: , target: , version: 1.10.11
[0m18:37:31.115772 [debug] [MainThread]: Partial parsing enabled: 0 files deleted, 0 files added, 0 files changed.
[0m18:37:31.116126 [debug] [MainThread]: Partial parsing enabled, no changes found, skipping parsing
[0m18:37:31.172982 [debug] [MainThread]: Sending event: {'category': 'dbt', 'action': 'load_project', 'label': '73a056b6-4b91-473d-b1b7-71ad4a0fb295', 'context': [<snowplow_tracker.self_describing_json.SelfDescribingJson object at 0x1079edd60>]}
[0m18:37:31.266613 [debug] [MainThread]: Wrote artifact WritableManifest to /Users/austinabrahamanjiparambilhayis/Documents/repos/dbt-multi-warehouse-demo/target/manifest.json
[0m18:37:31.268550 [debug] [MainThread]: Wrote artifact SemanticManifest to /Users/austinabrahamanjiparambilhayis/Documents/repos/dbt-multi-warehouse-demo/target/semantic_manifest.json
[0m18:37:31.294187 [debug] [MainThread]: Sending event: {'category': 'dbt', 'action': 'resource_counts', 'label': '73a056b6-4b91-473d-b1b7-71ad4a0fb295', 'context': [<snowplow_tracker.self_describing_json.SelfDescribingJson object at 0x107711630>]}
[0m18:37:31.294556 [info ] [MainThread]: Found 6 models, 1 snapshot, 4 seeds, 14 data tests, 4 sources, 480 macros
[0m18:37:31.294818 [debug] [MainThread]: Sending event: {'category': 'dbt', 'action': 'runnable_timing', 'label': '73a056b6-4b91-473d-b1b7-71ad4a0fb295', 'context': [<snowplow_tracker.self_describing_json.SelfDescribingJson object at 0x107c2ca10>]}
[0m18:37:31.296244 [info ] [MainThread]: 
[0m18:37:31.296504 [info ] [MainThread]: Concurrency: 1 threads (target='snowflake')
[0m18:37:31.296707 [info ] [MainThread]: 
[0m18:37:31.297055 [debug] [MainThread]: Acquiring new snowflake connection 'master'
[0m18:37:31.301004 [debug] [ThreadPool]: Acquiring new snowflake connection 'list_DEMO_ANALYTICS'
[0m18:37:31.355590 [debug] [ThreadPool]: Using snowflake connection "list_DEMO_ANALYTICS"
[0m18:37:31.355903 [debug] [ThreadPool]: On list_DEMO_ANALYTICS: show objects in DEMO.ANALYTICS
    limit 10000
    

/* {"app": "dbt", "dbt_version": "1.10.11", "profile_name": "multi_warehouse_demo", "target_name": "snowflake", "connection_name": "list_DEMO_ANALYTICS"} */;
[0m18:37:31.356135 [debug] [ThreadPool]: Opening a new connection, currently in state init
[0m18:37:32.378685 [debug] [ThreadPool]: SQL status: SUCCESS 10 in 1.022 seconds
[0m18:37:32.383372 [debug] [ThreadPool]: Re-using an available connection from the pool (formerly list_DEMO_ANALYTICS, now list_DEMO_analytics_snapshots)
[0m18:37:32.388635 [debug] [ThreadPool]: Using snowflake connection "list_DEMO_analytics_snapshots"
[0m18:37:32.389023 [debug] [ThreadPool]: On list_DEMO_analytics_snapshots: show objects in DEMO.analytics_snapshots
    limit 10000
    

/* {"app": "dbt", "dbt_version": "1.10.11", "profile_name": "multi_warehouse_demo", "target_name": "snowflake", "connection_name": "list_DEMO_analytics_snapshots"} */;
[0m18:37:32.472215 [debug] [ThreadPool]: SQL status: SUCCESS 1 in 0.083 seconds
[0m18:37:32.476652 [debug] [MainThread]: Sending event: {'category': 'dbt', 'action': 'runnable_timing', 'label': '73a056b6-4b91-473d-b1b7-71ad4a0fb295', 'context': [<snowplow_tracker.self_describing_json.SelfDescribingJson object at 0x107c0cd10>]}
[0m18:37:32.481883 [debug] [Thread-1 (]: Began running node test.multi_warehouse_demo.accepted_values_stg_orders_status__completed__cancelled.0881a3f2d1
[0m18:37:32.482530 [info ] [Thread-1 (]: 1 of 5 START test accepted_values_stg_orders_status__completed__cancelled ...... [RUN]
[0m18:37:32.483105 [debug] [Thread-1 (]: Re-using an available connection from the pool (formerly list_DEMO_analytics_snapshots, now test.multi_warehouse_demo.accepted_values_stg_orders_status__completed__cancelled.0881a3f2d1)
[0m18:37:32.483552 [debug] [Thread-1 (]: Began compiling node test.multi_warehouse_demo.accepted_values_stg_orders_status__completed__cancelled.0881a3f2d1
[0m18:37:32.503053 [debug] [Thread-1 (]: Writing injected SQL for node "test.multi_warehouse_demo.accepted_values_stg_orders_status__completed__cancelled.0881a3f2d1"
[0m18:37:32.504044 [debug] [Thread-1 (]: Began executing node test.multi_warehouse_demo.accepted_values_stg_orders_status__completed__cancelled.0881a3f2d1
[0m18:37:32.523631 [debug] [Thread-1 (]: Writing runtime sql for node "test.multi_warehouse_demo.accepted_values_stg_orders_status__completed__cancelled.0881a3f2d1"
[0m18:37:32.524628 [debug] [Thread-1 (]: Using snowflake connection "test.multi_warehouse_demo.accepted_values_stg_orders_status__completed__cancelled.0881a3f2d1"
[0m18:37:32.524951 [debug] [Thread-1 (]: On test.multi_warehouse_demo.accepted_values_stg_orders_status__completed__cancelled.0881a3f2d1: select
      count(*) as failures,
      count(*) != 0 as should_warn,
      count(*) != 0 as should_error
    from (
      
    
  
    
    

with all_values as (

    select
        status as value_field,
        count(*) as n_records

    from DEMO.ANALYTICS.stg_orders
    group by status

)

select *
from all_values
where value_field not in (
    'completed','cancelled'
)



  
  
      
    ) dbt_internal_test
/* {"app": "dbt", "dbt_version": "1.10.11", "profile_name": "multi_warehouse_demo", "target_name": "snowflake", "node_id": "test.multi_warehouse_demo.accepted_values_stg_orders_status__completed__cancelled.0881a3f2d1"} */
[0m18:37:32.692462 [debug] [Thread-1 (]: SQL status: SUCCESS 1 in 0.167 seconds
[0m18:37:32.708224 [error] [Thread-1 (]: 1 of 5 FAIL 1 accepted_values_stg_orders_status__completed__cancelled .......... [[31mFAIL 1[0m in 0.22s]
[0m18:37:32.709113 [debug] [Thread-1 (]: Finished running node test.multi_warehouse_demo.accepted_values_stg_orders_status__completed__cancelled.0881a3f2d1
[0m18:37:32.709658 [debug] [Thread-1 (]: Began running node test.multi_warehouse_demo.not_null_stg_orders_order_id.81cfe2fe64
[0m18:37:32.710206 [info ] [Thread-1 (]: 2 of 5 START test not_null_stg_orders_order_id ................................. [RUN]
[0m18:37:32.710653 [debug] [Thread-1 (]: Re-using an available connection from the pool (formerly test.multi_warehouse_demo.accepted_values_stg_orders_status__completed__cancelled.0881a3f2d1, now test.multi_warehouse_demo.not_null_stg_orders_order_id.81cfe2fe64)
[0m18:37:32.711017 [debug] [Thread-1 (]: Began compiling node test.multi_warehouse_demo.not_null_stg_orders_order_id.81cfe2fe64
[0m18:37:32.718164 [debug] [Thread-1 (]: Writing injected SQL for node "test.multi_warehouse_demo.not_null_stg_orders_order_id.81cfe2fe64"
[0m18:37:32.718905 [debug] [Thread-1 (]: Began executing node test.multi_warehouse_demo.not_null_stg_orders_order_id.81cfe2fe64
[0m18:37:32.720856 [debug] [Thread-1 (]: Writing runtime sql for node "test.multi_warehouse_demo.not_null_stg_orders_order_id.81cfe2fe64"
[0m18:37:32.721736 [debug] [Thread-1 (]: Using snowflake connection "test.multi_warehouse_demo.not_null_stg_orders_order_id.81cfe2fe64"
[0m18:37:32.722065 [debug] [Thread-1 (]: On test.multi_warehouse_demo.not_null_stg_orders_order_id.81cfe2fe64: select
      count(*) as failures,
      count(*) != 0 as should_warn,
      count(*) != 0 as should_error
    from (
      
    
  
    
    



select order_id
from DEMO.ANALYTICS.stg_orders
where order_id is null



  
  
      
    ) dbt_internal_test
/* {"app": "dbt", "dbt_version": "1.10.11", "profile_name": "multi_warehouse_demo", "target_name": "snowflake", "node_id": "test.multi_warehouse_demo.not_null_stg_orders_order_id.81cfe2fe64"} */
[0m18:37:32.848652 [debug] [Thread-1 (]: SQL status: SUCCESS 1 in 0.126 seconds
[0m18:37:32.853056 [info ] [Thread-1 (]: 2 of 5 PASS not_null_stg_orders_order_id ....................................... [[32mPASS[0m in 0.14s]
[0m18:37:32.854102 [debug] [Thread-1 (]: Finished running node test.multi_warehouse_demo.not_null_stg_orders_order_id.81cfe2fe64
[0m18:37:32.854670 [debug] [Thread-1 (]: Began running node test.multi_warehouse_demo.not_null_stg_orders_user_id.7d129d0209
[0m18:37:32.855252 [info ] [Thread-1 (]: 3 of 5 START test not_null_stg_orders_user_id .................................. [RUN]
[0m18:37:32.856009 [debug] [Thread-1 (]: Re-using an available connection from the pool (formerly test.multi_warehouse_demo.not_null_stg_orders_order_id.81cfe2fe64, now test.multi_warehouse_demo.not_null_stg_orders_user_id.7d129d0209)
[0m18:37:32.856509 [debug] [Thread-1 (]: Began compiling node test.multi_warehouse_demo.not_null_stg_orders_user_id.7d129d0209
[0m18:37:32.863129 [debug] [Thread-1 (]: Writing injected SQL for node "test.multi_warehouse_demo.not_null_stg_orders_user_id.7d129d0209"
[0m18:37:32.864170 [debug] [Thread-1 (]: Began executing node test.multi_warehouse_demo.not_null_stg_orders_user_id.7d129d0209
[0m18:37:32.866472 [debug] [Thread-1 (]: Writing runtime sql for node "test.multi_warehouse_demo.not_null_stg_orders_user_id.7d129d0209"
[0m18:37:32.867538 [debug] [Thread-1 (]: Using snowflake connection "test.multi_warehouse_demo.not_null_stg_orders_user_id.7d129d0209"
[0m18:37:32.867925 [debug] [Thread-1 (]: On test.multi_warehouse_demo.not_null_stg_orders_user_id.7d129d0209: select
      count(*) as failures,
      count(*) != 0 as should_warn,
      count(*) != 0 as should_error
    from (
      
    
  
    
    



select user_id
from DEMO.ANALYTICS.stg_orders
where user_id is null



  
  
      
    ) dbt_internal_test
/* {"app": "dbt", "dbt_version": "1.10.11", "profile_name": "multi_warehouse_demo", "target_name": "snowflake", "node_id": "test.multi_warehouse_demo.not_null_stg_orders_user_id.7d129d0209"} */
[0m18:37:32.999774 [debug] [Thread-1 (]: SQL status: SUCCESS 1 in 0.131 seconds
[0m18:37:33.005406 [info ] [Thread-1 (]: 3 of 5 PASS not_null_stg_orders_user_id ........................................ [[32mPASS[0m in 0.15s]
[0m18:37:33.006222 [debug] [Thread-1 (]: Finished running node test.multi_warehouse_demo.not_null_stg_orders_user_id.7d129d0209
[0m18:37:33.006699 [debug] [Thread-1 (]: Began running node test.multi_warehouse_demo.relationships_stg_order_items_order_id__order_id__ref_stg_orders_.dbe9930c54
[0m18:37:33.007165 [info ] [Thread-1 (]: 4 of 5 START test relationships_stg_order_items_order_id__order_id__ref_stg_orders_  [RUN]
[0m18:37:33.007701 [debug] [Thread-1 (]: Re-using an available connection from the pool (formerly test.multi_warehouse_demo.not_null_stg_orders_user_id.7d129d0209, now test.multi_warehouse_demo.relationships_stg_order_items_order_id__order_id__ref_stg_orders_.dbe9930c54)
[0m18:37:33.008112 [debug] [Thread-1 (]: Began compiling node test.multi_warehouse_demo.relationships_stg_order_items_order_id__order_id__ref_stg_orders_.dbe9930c54
[0m18:37:33.017753 [debug] [Thread-1 (]: Writing injected SQL for node "test.multi_warehouse_demo.relationships_stg_order_items_order_id__order_id__ref_stg_orders_.dbe9930c54"
[0m18:37:33.018802 [debug] [Thread-1 (]: Began executing node test.multi_warehouse_demo.relationships_stg_order_items_order_id__order_id__ref_stg_orders_.dbe9930c54
[0m18:37:33.020720 [debug] [Thread-1 (]: Writing runtime sql for node "test.multi_warehouse_demo.relationships_stg_order_items_order_id__order_id__ref_stg_orders_.dbe9930c54"
[0m18:37:33.021696 [debug] [Thread-1 (]: Using snowflake connection "test.multi_warehouse_demo.relationships_stg_order_items_order_id__order_id__ref_stg_orders_.dbe9930c54"
[0m18:37:33.022032 [debug] [Thread-1 (]: On test.multi_warehouse_demo.relationships_stg_order_items_order_id__order_id__ref_stg_orders_.dbe9930c54: select
      count(*) as failures,
      count(*) != 0 as should_warn,
      count(*) != 0 as should_error
    from (
      
    
  
    
    

with child as (
    select order_id as from_field
    from DEMO.ANALYTICS.stg_order_items
    where order_id is not null
),

parent as (
    select order_id as to_field
    from DEMO.ANALYTICS.stg_orders
)

select
    from_field

from child
left join parent
    on child.from_field = parent.to_field

where parent.to_field is null



  
  
      
    ) dbt_internal_test
/* {"app": "dbt", "dbt_version": "1.10.11", "profile_name": "multi_warehouse_demo", "target_name": "snowflake", "node_id": "test.multi_warehouse_demo.relationships_stg_order_items_order_id__order_id__ref_stg_orders_.dbe9930c54"} */
[0m18:37:33.236228 [debug] [Thread-1 (]: SQL status: SUCCESS 1 in 0.213 seconds
[0m18:37:33.240933 [info ] [Thread-1 (]: 4 of 5 PASS relationships_stg_order_items_order_id__order_id__ref_stg_orders_ .. [[32mPASS[0m in 0.23s]
[0m18:37:33.241657 [debug] [Thread-1 (]: Finished running node test.multi_warehouse_demo.relationships_stg_order_items_order_id__order_id__ref_stg_orders_.dbe9930c54
[0m18:37:33.242073 [debug] [Thread-1 (]: Began running node test.multi_warehouse_demo.unique_stg_orders_order_id.e3b841c71a
[0m18:37:33.242511 [info ] [Thread-1 (]: 5 of 5 START test unique_stg_orders_order_id ................................... [RUN]
[0m18:37:33.243026 [debug] [Thread-1 (]: Re-using an available connection from the pool (formerly test.multi_warehouse_demo.relationships_stg_order_items_order_id__order_id__ref_stg_orders_.dbe9930c54, now test.multi_warehouse_demo.unique_stg_orders_order_id.e3b841c71a)
[0m18:37:33.243411 [debug] [Thread-1 (]: Began compiling node test.multi_warehouse_demo.unique_stg_orders_order_id.e3b841c71a
[0m18:37:33.250261 [debug] [Thread-1 (]: Writing injected SQL for node "test.multi_warehouse_demo.unique_stg_orders_order_id.e3b841c71a"
[0m18:37:33.251063 [debug] [Thread-1 (]: Began executing node test.multi_warehouse_demo.unique_stg_orders_order_id.e3b841c71a
[0m18:37:33.253783 [debug] [Thread-1 (]: Writing runtime sql for node "test.multi_warehouse_demo.unique_stg_orders_order_id.e3b841c71a"
[0m18:37:33.255061 [debug] [Thread-1 (]: Using snowflake connection "test.multi_warehouse_demo.unique_stg_orders_order_id.e3b841c71a"
[0m18:37:33.255343 [debug] [Thread-1 (]: On test.multi_warehouse_demo.unique_stg_orders_order_id.e3b841c71a: select
      count(*) as failures,
      count(*) != 0 as should_warn,
      count(*) != 0 as should_error
    from (
      
    
  
    
    

select
    order_id as unique_field,
    count(*) as n_records

from DEMO.ANALYTICS.stg_orders
where order_id is not null
group by order_id
having count(*) > 1



  
  
      
    ) dbt_internal_test
/* {"app": "dbt", "dbt_version": "1.10.11", "profile_name": "multi_warehouse_demo", "target_name": "snowflake", "node_id": "test.multi_warehouse_demo.unique_stg_orders_order_id.e3b841c71a"} */
[0m18:37:33.458938 [debug] [Thread-1 (]: SQL status: SUCCESS 1 in 0.203 seconds
[0m18:37:33.463161 [info ] [Thread-1 (]: 5 of 5 PASS unique_stg_orders_order_id ......................................... [[32mPASS[0m in 0.22s]
[0m18:37:33.464156 [debug] [Thread-1 (]: Finished running node test.multi_warehouse_demo.unique_stg_orders_order_id.e3b841c71a
[0m18:37:33.466379 [debug] [MainThread]: Connection 'master' was properly closed.
[0m18:37:33.466923 [debug] [MainThread]: Connection 'test.multi_warehouse_demo.unique_stg_orders_order_id.e3b841c71a' was left open.
[0m18:37:33.467502 [debug] [MainThread]: On test.multi_warehouse_demo.unique_stg_orders_order_id.e3b841c71a: Close
[0m18:37:33.560803 [info ] [MainThread]: 
[0m18:37:33.561826 [info ] [MainThread]: Finished running 5 data tests in 0 hours 0 minutes and 2.26 seconds (2.26s).
[0m18:37:33.563962 [debug] [MainThread]: Command end result
[0m18:37:33.598090 [debug] [MainThread]: Wrote artifact WritableManifest to /Users/austinabrahamanjiparambilhayis/Documents/repos/dbt-multi-warehouse-demo/target/manifest.json
[0m18:37:33.599583 [debug] [MainThread]: Wrote artifact SemanticManifest to /Users/austinabrahamanjiparambilhayis/Documents/repos/dbt-multi-warehouse-demo/target/semantic_manifest.json
[0m18:37:33.605644 [debug] [MainThread]: Wrote artifact RunExecutionResult to /Users/austinabrahamanjiparambilhayis/Documents/repos/dbt-multi-warehouse-demo/target/run_results.json
[0m18:37:33.605930 [info ] [MainThread]: 
[0m18:37:33.606228 [info ] [MainThread]: [31mCompleted with 1 error, 0 partial successes, and 0 warnings:[0m
[0m18:37:33.606486 [info ] [MainThread]: 
[0m18:37:33.606772 [error] [MainThread]: [31mFailure in test accepted_values_stg_orders_status__completed__cancelled (models/staging/staging.yml)[0m
[0m18:37:33.607041 [error] [MainThread]:   Got 1 result, configured to fail if != 0
[0m18:37:33.607236 [info ] [MainThread]: 
[0m18:37:33.607473 [info ] [MainThread]:   compiled code at target/compiled/multi_warehouse_demo/models/staging/staging.yml/accepted_values_stg_orders_status__completed__cancelled.sql
[0m18:37:33.607674 [info ] [MainThread]: 
[0m18:37:33.607909 [info ] [MainThread]: Done. PASS=4 WARN=0 ERROR=1 SKIP=0 NO-OP=0 TOTAL=5
[0m18:37:33.608291 [warn ] [MainThread]: [[33mWARNING[0m][DeprecationsSummary]: Deprecated functionality
Summary of encountered deprecations:
- ModelParamUsageDeprecation: 1 occurrence
To see all deprecation instances instead of just the first occurrence of each,
run command again with the `--show-all-deprecations` flag. You may also need to
run with `--no-partial-parse` as some deprecations are only encountered during
parsing.
[0m18:37:33.610708 [debug] [MainThread]: Resource report: {"command_name": "test", "command_success": false, "command_wall_clock_time": 3.3174639, "process_in_blocks": "0", "process_kernel_time": 0.381342, "process_mem_max_rss": "172507136", "process_out_blocks": "0", "process_user_time": 2.171259}
[0m18:37:33.611121 [debug] [MainThread]: Command `dbt test` failed at 18:37:33.611048 after 3.32 seconds
[0m18:37:33.611462 [debug] [MainThread]: Sending event: {'category': 'dbt', 'action': 'invocation', 'label': 'end', 'context': [<snowplow_tracker.self_describing_json.SelfDescribingJson object at 0x109839700>, <snowplow_tracker.self_describing_json.SelfDescribingJson object at 0x1096ac910>, <snowplow_tracker.self_describing_json.SelfDescribingJson object at 0x1096aecb0>]}
[0m18:37:33.611788 [debug] [MainThread]: Flushing usage events
[0m18:37:34.035232 [debug] [MainThread]: An error was encountered while trying to flush usage events
[0m18:39:11.702219 [debug] [MainThread]: Sending event: {'category': 'dbt', 'action': 'invocation', 'label': 'start', 'context': [<snowplow_tracker.self_describing_json.SelfDescribingJson object at 0x10460c050>, <snowplow_tracker.self_describing_json.SelfDescribingJson object at 0x10616f4d0>, <snowplow_tracker.self_describing_json.SelfDescribingJson object at 0x10616f750>]}


============================== 18:39:11.706719 | 711a25c2-bd33-40ee-ac3c-b9ba261879cc ==============================
[0m18:39:11.706719 [info ] [MainThread]: Running with dbt=1.10.11
[0m18:39:11.707210 [debug] [MainThread]: running dbt with arguments {'warn_error': 'None', 'fail_fast': 'False', 'use_colors': 'True', 'log_path': '/Users/austinabrahamanjiparambilhayis/Documents/repos/dbt-multi-warehouse-demo/logs', 'log_cache_events': 'False', 'quiet': 'False', 'target_path': 'None', 'introspect': 'True', 'no_print': 'None', 'log_format': 'default', 'profiles_dir': '/Users/austinabrahamanjiparambilhayis/.dbt', 'debug': 'False', 'static_parser': 'True', 'partial_parse': 'True', 'write_json': 'True', 'printer_width': '80', 'empty': 'None', 'use_experimental_parser': 'False', 'invocation_command': 'dbt docs generate --target snowflake', 'send_anonymous_usage_stats': 'True', 'warn_error_options': 'WarnErrorOptionsV2(error=[], warn=[], silence=[])', 'version_check': 'True', 'indirect_selection': 'eager', 'cache_selected_only': 'False'}
[0m18:39:12.140328 [debug] [MainThread]: Sending event: {'category': 'dbt', 'action': 'project_id', 'label': '711a25c2-bd33-40ee-ac3c-b9ba261879cc', 'context': [<snowplow_tracker.self_describing_json.SelfDescribingJson object at 0x104763a80>]}
[0m18:39:12.188237 [debug] [MainThread]: Sending event: {'category': 'dbt', 'action': 'adapter_info', 'label': '711a25c2-bd33-40ee-ac3c-b9ba261879cc', 'context': [<snowplow_tracker.self_describing_json.SelfDescribingJson object at 0x106f3fdf0>]}
[0m18:39:12.189033 [info ] [MainThread]: Registered adapter: snowflake=1.10.2
[0m18:39:12.284661 [debug] [MainThread]: checksum: 4b2932c454f70de800a6273c3b863cdea123318ee929078b65e5e487dd3470c0, vars: {}, profile: , target: snowflake, version: 1.10.11
[0m18:39:12.395278 [info ] [MainThread]: Unable to do partial parsing because config vars, config profile, or config target have changed
[0m18:39:12.395667 [debug] [MainThread]: previous checksum: 4b2932c454f70de800a6273c3b863cdea123318ee929078b65e5e487dd3470c0, current checksum: 5335e1629744fab92fa7809c625edbb36f0d7063a879d6215c971798f27e66f9
[0m18:39:12.395938 [debug] [MainThread]: Sending event: {'category': 'dbt', 'action': 'partial_parser', 'label': '711a25c2-bd33-40ee-ac3c-b9ba261879cc', 'context': [<snowplow_tracker.self_describing_json.SelfDescribingJson object at 0x107642450>]}
[0m18:39:13.539475 [warn ] [MainThread]: [[33mWARNING[0m][MissingArgumentsPropertyInGenericTestDeprecation]: Deprecated
functionality
Found top-level arguments to test `accepted_values`. Arguments to generic tests
should be nested under the `arguments` property.`
[0m18:39:13.539905 [debug] [MainThread]: Sending event: {'category': 'dbt', 'action': 'deprecation', 'label': '711a25c2-bd33-40ee-ac3c-b9ba261879cc', 'property_': 'warn', 'context': [<snowplow_tracker.self_describing_json.SelfDescribingJson object at 0x107621d60>]}
[0m18:39:13.724530 [debug] [MainThread]: Sending event: {'category': 'dbt', 'action': 'load_project', 'label': '711a25c2-bd33-40ee-ac3c-b9ba261879cc', 'context': [<snowplow_tracker.self_describing_json.SelfDescribingJson object at 0x1071d9d30>]}
[0m18:39:13.743888 [debug] [MainThread]: Sending event: {'category': 'dbt', 'action': 'resource_counts', 'label': '711a25c2-bd33-40ee-ac3c-b9ba261879cc', 'context': [<snowplow_tracker.self_describing_json.SelfDescribingJson object at 0x107e8cbb0>]}
[0m18:39:13.744274 [info ] [MainThread]: Found 6 models, 1 snapshot, 4 seeds, 14 data tests, 4 sources, 480 macros
[0m18:39:13.744542 [debug] [MainThread]: Sending event: {'category': 'dbt', 'action': 'runnable_timing', 'label': '711a25c2-bd33-40ee-ac3c-b9ba261879cc', 'context': [<snowplow_tracker.self_describing_json.SelfDescribingJson object at 0x1076c5a90>]}
[0m18:39:13.746471 [info ] [MainThread]: 
[0m18:39:13.746736 [info ] [MainThread]: Concurrency: 1 threads (target='snowflake')
[0m18:39:13.746936 [info ] [MainThread]: 
[0m18:39:13.747265 [debug] [MainThread]: Acquiring new snowflake connection 'master'
[0m18:39:13.751242 [debug] [ThreadPool]: Acquiring new snowflake connection 'list_DEMO_ANALYTICS'
[0m18:39:13.804571 [debug] [ThreadPool]: Using snowflake connection "list_DEMO_ANALYTICS"
[0m18:39:13.804872 [debug] [ThreadPool]: On list_DEMO_ANALYTICS: show objects in DEMO.ANALYTICS
    limit 10000
    

/* {"app": "dbt", "dbt_version": "1.10.11", "profile_name": "multi_warehouse_demo", "target_name": "snowflake", "connection_name": "list_DEMO_ANALYTICS"} */;
[0m18:39:13.805103 [debug] [ThreadPool]: Opening a new connection, currently in state init
[0m18:39:14.666116 [debug] [ThreadPool]: SQL status: SUCCESS 10 in 0.861 seconds
[0m18:39:14.669476 [debug] [ThreadPool]: Re-using an available connection from the pool (formerly list_DEMO_ANALYTICS, now list_DEMO_analytics_snapshots)
[0m18:39:14.673877 [debug] [ThreadPool]: Using snowflake connection "list_DEMO_analytics_snapshots"
[0m18:39:14.674255 [debug] [ThreadPool]: On list_DEMO_analytics_snapshots: show objects in DEMO.analytics_snapshots
    limit 10000
    

/* {"app": "dbt", "dbt_version": "1.10.11", "profile_name": "multi_warehouse_demo", "target_name": "snowflake", "connection_name": "list_DEMO_analytics_snapshots"} */;
[0m18:39:14.849712 [debug] [ThreadPool]: SQL status: SUCCESS 1 in 0.175 seconds
[0m18:39:14.854552 [debug] [MainThread]: Sending event: {'category': 'dbt', 'action': 'runnable_timing', 'label': '711a25c2-bd33-40ee-ac3c-b9ba261879cc', 'context': [<snowplow_tracker.self_describing_json.SelfDescribingJson object at 0x111fd8680>]}
[0m18:39:14.859341 [debug] [Thread-1 (]: Began running node model.multi_warehouse_demo.stg_order_items
[0m18:39:14.859980 [debug] [Thread-1 (]: Re-using an available connection from the pool (formerly list_DEMO_analytics_snapshots, now model.multi_warehouse_demo.stg_order_items)
[0m18:39:14.860464 [debug] [Thread-1 (]: Began compiling node model.multi_warehouse_demo.stg_order_items
[0m18:39:14.869468 [debug] [Thread-1 (]: Writing injected SQL for node "model.multi_warehouse_demo.stg_order_items"
[0m18:39:14.870362 [debug] [Thread-1 (]: Began executing node model.multi_warehouse_demo.stg_order_items
[0m18:39:14.871079 [debug] [Thread-1 (]: Finished running node model.multi_warehouse_demo.stg_order_items
[0m18:39:14.871461 [debug] [Thread-1 (]: Began running node model.multi_warehouse_demo.stg_orders
[0m18:39:14.871934 [debug] [Thread-1 (]: Re-using an available connection from the pool (formerly model.multi_warehouse_demo.stg_order_items, now model.multi_warehouse_demo.stg_orders)
[0m18:39:14.872361 [debug] [Thread-1 (]: Began compiling node model.multi_warehouse_demo.stg_orders
[0m18:39:14.878869 [debug] [Thread-1 (]: Writing injected SQL for node "model.multi_warehouse_demo.stg_orders"
[0m18:39:14.879779 [debug] [Thread-1 (]: Began executing node model.multi_warehouse_demo.stg_orders
[0m18:39:14.880266 [debug] [Thread-1 (]: Finished running node model.multi_warehouse_demo.stg_orders
[0m18:39:14.880547 [debug] [Thread-1 (]: Began running node model.multi_warehouse_demo.stg_users
[0m18:39:14.880866 [debug] [Thread-1 (]: Re-using an available connection from the pool (formerly model.multi_warehouse_demo.stg_orders, now model.multi_warehouse_demo.stg_users)
[0m18:39:14.881182 [debug] [Thread-1 (]: Began compiling node model.multi_warehouse_demo.stg_users
[0m18:39:14.883114 [debug] [Thread-1 (]: Writing injected SQL for node "model.multi_warehouse_demo.stg_users"
[0m18:39:14.883602 [debug] [Thread-1 (]: Began executing node model.multi_warehouse_demo.stg_users
[0m18:39:14.884036 [debug] [Thread-1 (]: Finished running node model.multi_warehouse_demo.stg_users
[0m18:39:14.884321 [debug] [Thread-1 (]: Began running node seed.multi_warehouse_demo.raw_order_items
[0m18:39:14.884617 [debug] [Thread-1 (]: Re-using an available connection from the pool (formerly model.multi_warehouse_demo.stg_users, now seed.multi_warehouse_demo.raw_order_items)
[0m18:39:14.884899 [debug] [Thread-1 (]: Began compiling node seed.multi_warehouse_demo.raw_order_items
[0m18:39:14.886173 [debug] [Thread-1 (]: Began executing node seed.multi_warehouse_demo.raw_order_items
[0m18:39:14.886603 [debug] [Thread-1 (]: Finished running node seed.multi_warehouse_demo.raw_order_items
[0m18:39:14.886857 [debug] [Thread-1 (]: Began running node seed.multi_warehouse_demo.raw_orders
[0m18:39:14.887123 [debug] [Thread-1 (]: Re-using an available connection from the pool (formerly seed.multi_warehouse_demo.raw_order_items, now seed.multi_warehouse_demo.raw_orders)
[0m18:39:14.887357 [debug] [Thread-1 (]: Began compiling node seed.multi_warehouse_demo.raw_orders
[0m18:39:14.888965 [debug] [Thread-1 (]: Began executing node seed.multi_warehouse_demo.raw_orders
[0m18:39:14.889409 [debug] [Thread-1 (]: Finished running node seed.multi_warehouse_demo.raw_orders
[0m18:39:14.889675 [debug] [Thread-1 (]: Began running node seed.multi_warehouse_demo.raw_users
[0m18:39:14.889944 [debug] [Thread-1 (]: Re-using an available connection from the pool (formerly seed.multi_warehouse_demo.raw_orders, now seed.multi_warehouse_demo.raw_users)
[0m18:39:14.890185 [debug] [Thread-1 (]: Began compiling node seed.multi_warehouse_demo.raw_users
[0m18:39:14.891371 [debug] [Thread-1 (]: Began executing node seed.multi_warehouse_demo.raw_users
[0m18:39:14.891855 [debug] [Thread-1 (]: Finished running node seed.multi_warehouse_demo.raw_users
[0m18:39:14.892140 [debug] [Thread-1 (]: Began running node seed.multi_warehouse_demo.raw_users_changes
[0m18:39:14.892403 [debug] [Thread-1 (]: Re-using an available connection from the pool (formerly seed.multi_warehouse_demo.raw_users, now seed.multi_warehouse_demo.raw_users_changes)
[0m18:39:14.892638 [debug] [Thread-1 (]: Began compiling node seed.multi_warehouse_demo.raw_users_changes
[0m18:39:14.893811 [debug] [Thread-1 (]: Began executing node seed.multi_warehouse_demo.raw_users_changes
[0m18:39:14.894219 [debug] [Thread-1 (]: Finished running node seed.multi_warehouse_demo.raw_users_changes
[0m18:39:14.894471 [debug] [Thread-1 (]: Began running node snapshot.multi_warehouse_demo.customers_scd2
[0m18:39:14.894724 [debug] [Thread-1 (]: Re-using an available connection from the pool (formerly seed.multi_warehouse_demo.raw_users_changes, now snapshot.multi_warehouse_demo.customers_scd2)
[0m18:39:14.894957 [debug] [Thread-1 (]: Began compiling node snapshot.multi_warehouse_demo.customers_scd2
[0m18:39:14.897530 [debug] [Thread-1 (]: Began executing node snapshot.multi_warehouse_demo.customers_scd2
[0m18:39:14.897980 [debug] [Thread-1 (]: Finished running node snapshot.multi_warehouse_demo.customers_scd2
[0m18:39:14.898247 [debug] [Thread-1 (]: Began running node test.multi_warehouse_demo.not_null_stg_order_items_order_id.2063801f96
[0m18:39:14.898501 [debug] [Thread-1 (]: Re-using an available connection from the pool (formerly snapshot.multi_warehouse_demo.customers_scd2, now test.multi_warehouse_demo.not_null_stg_order_items_order_id.2063801f96)
[0m18:39:14.898802 [debug] [Thread-1 (]: Began compiling node test.multi_warehouse_demo.not_null_stg_order_items_order_id.2063801f96
[0m18:39:14.905118 [debug] [Thread-1 (]: Writing injected SQL for node "test.multi_warehouse_demo.not_null_stg_order_items_order_id.2063801f96"
[0m18:39:14.906252 [debug] [Thread-1 (]: Began executing node test.multi_warehouse_demo.not_null_stg_order_items_order_id.2063801f96
[0m18:39:14.906676 [debug] [Thread-1 (]: Finished running node test.multi_warehouse_demo.not_null_stg_order_items_order_id.2063801f96
[0m18:39:14.906944 [debug] [Thread-1 (]: Began running node test.multi_warehouse_demo.not_null_stg_order_items_qty.8ef4f29677
[0m18:39:14.907225 [debug] [Thread-1 (]: Re-using an available connection from the pool (formerly test.multi_warehouse_demo.not_null_stg_order_items_order_id.2063801f96, now test.multi_warehouse_demo.not_null_stg_order_items_qty.8ef4f29677)
[0m18:39:14.907501 [debug] [Thread-1 (]: Began compiling node test.multi_warehouse_demo.not_null_stg_order_items_qty.8ef4f29677
[0m18:39:14.910551 [debug] [Thread-1 (]: Writing injected SQL for node "test.multi_warehouse_demo.not_null_stg_order_items_qty.8ef4f29677"
[0m18:39:14.911050 [debug] [Thread-1 (]: Began executing node test.multi_warehouse_demo.not_null_stg_order_items_qty.8ef4f29677
[0m18:39:14.911492 [debug] [Thread-1 (]: Finished running node test.multi_warehouse_demo.not_null_stg_order_items_qty.8ef4f29677
[0m18:39:14.911768 [debug] [Thread-1 (]: Began running node model.multi_warehouse_demo.fct_orders
[0m18:39:14.912048 [debug] [Thread-1 (]: Re-using an available connection from the pool (formerly test.multi_warehouse_demo.not_null_stg_order_items_qty.8ef4f29677, now model.multi_warehouse_demo.fct_orders)
[0m18:39:14.912286 [debug] [Thread-1 (]: Began compiling node model.multi_warehouse_demo.fct_orders
[0m18:39:14.914227 [debug] [Thread-1 (]: Writing injected SQL for node "model.multi_warehouse_demo.fct_orders"
[0m18:39:14.914894 [debug] [Thread-1 (]: Began executing node model.multi_warehouse_demo.fct_orders
[0m18:39:14.915324 [debug] [Thread-1 (]: Finished running node model.multi_warehouse_demo.fct_orders
[0m18:39:14.915586 [debug] [Thread-1 (]: Began running node model.multi_warehouse_demo.fct_orders_daily
[0m18:39:14.915871 [debug] [Thread-1 (]: Re-using an available connection from the pool (formerly model.multi_warehouse_demo.fct_orders, now model.multi_warehouse_demo.fct_orders_daily)
[0m18:39:14.916173 [debug] [Thread-1 (]: Began compiling node model.multi_warehouse_demo.fct_orders_daily
[0m18:39:14.919721 [debug] [Thread-1 (]: Writing injected SQL for node "model.multi_warehouse_demo.fct_orders_daily"
[0m18:39:14.920207 [debug] [Thread-1 (]: Began executing node model.multi_warehouse_demo.fct_orders_daily
[0m18:39:14.920636 [debug] [Thread-1 (]: Finished running node model.multi_warehouse_demo.fct_orders_daily
[0m18:39:14.920899 [debug] [Thread-1 (]: Began running node test.multi_warehouse_demo.accepted_values_stg_orders_status__completed__cancelled.0881a3f2d1
[0m18:39:14.921169 [debug] [Thread-1 (]: Re-using an available connection from the pool (formerly model.multi_warehouse_demo.fct_orders_daily, now test.multi_warehouse_demo.accepted_values_stg_orders_status__completed__cancelled.0881a3f2d1)
[0m18:39:14.921417 [debug] [Thread-1 (]: Began compiling node test.multi_warehouse_demo.accepted_values_stg_orders_status__completed__cancelled.0881a3f2d1
[0m18:39:14.924457 [debug] [Thread-1 (]: Writing injected SQL for node "test.multi_warehouse_demo.accepted_values_stg_orders_status__completed__cancelled.0881a3f2d1"
[0m18:39:14.925170 [debug] [Thread-1 (]: Began executing node test.multi_warehouse_demo.accepted_values_stg_orders_status__completed__cancelled.0881a3f2d1
[0m18:39:14.925609 [debug] [Thread-1 (]: Finished running node test.multi_warehouse_demo.accepted_values_stg_orders_status__completed__cancelled.0881a3f2d1
[0m18:39:14.925867 [debug] [Thread-1 (]: Began running node test.multi_warehouse_demo.not_null_stg_orders_order_id.81cfe2fe64
[0m18:39:14.926123 [debug] [Thread-1 (]: Re-using an available connection from the pool (formerly test.multi_warehouse_demo.accepted_values_stg_orders_status__completed__cancelled.0881a3f2d1, now test.multi_warehouse_demo.not_null_stg_orders_order_id.81cfe2fe64)
[0m18:39:14.926381 [debug] [Thread-1 (]: Began compiling node test.multi_warehouse_demo.not_null_stg_orders_order_id.81cfe2fe64
[0m18:39:14.928957 [debug] [Thread-1 (]: Writing injected SQL for node "test.multi_warehouse_demo.not_null_stg_orders_order_id.81cfe2fe64"
[0m18:39:14.929412 [debug] [Thread-1 (]: Began executing node test.multi_warehouse_demo.not_null_stg_orders_order_id.81cfe2fe64
[0m18:39:14.929838 [debug] [Thread-1 (]: Finished running node test.multi_warehouse_demo.not_null_stg_orders_order_id.81cfe2fe64
[0m18:39:14.930104 [debug] [Thread-1 (]: Began running node test.multi_warehouse_demo.not_null_stg_orders_user_id.7d129d0209
[0m18:39:14.930375 [debug] [Thread-1 (]: Re-using an available connection from the pool (formerly test.multi_warehouse_demo.not_null_stg_orders_order_id.81cfe2fe64, now test.multi_warehouse_demo.not_null_stg_orders_user_id.7d129d0209)
[0m18:39:14.930612 [debug] [Thread-1 (]: Began compiling node test.multi_warehouse_demo.not_null_stg_orders_user_id.7d129d0209
[0m18:39:14.933550 [debug] [Thread-1 (]: Writing injected SQL for node "test.multi_warehouse_demo.not_null_stg_orders_user_id.7d129d0209"
[0m18:39:14.934005 [debug] [Thread-1 (]: Began executing node test.multi_warehouse_demo.not_null_stg_orders_user_id.7d129d0209
[0m18:39:14.934434 [debug] [Thread-1 (]: Finished running node test.multi_warehouse_demo.not_null_stg_orders_user_id.7d129d0209
[0m18:39:14.934702 [debug] [Thread-1 (]: Began running node test.multi_warehouse_demo.relationships_stg_order_items_order_id__order_id__ref_stg_orders_.dbe9930c54
[0m18:39:14.934968 [debug] [Thread-1 (]: Re-using an available connection from the pool (formerly test.multi_warehouse_demo.not_null_stg_orders_user_id.7d129d0209, now test.multi_warehouse_demo.relationships_stg_order_items_order_id__order_id__ref_stg_orders_.dbe9930c54)
[0m18:39:14.935213 [debug] [Thread-1 (]: Began compiling node test.multi_warehouse_demo.relationships_stg_order_items_order_id__order_id__ref_stg_orders_.dbe9930c54
[0m18:39:14.938569 [debug] [Thread-1 (]: Writing injected SQL for node "test.multi_warehouse_demo.relationships_stg_order_items_order_id__order_id__ref_stg_orders_.dbe9930c54"
[0m18:39:14.939044 [debug] [Thread-1 (]: Began executing node test.multi_warehouse_demo.relationships_stg_order_items_order_id__order_id__ref_stg_orders_.dbe9930c54
[0m18:39:14.939484 [debug] [Thread-1 (]: Finished running node test.multi_warehouse_demo.relationships_stg_order_items_order_id__order_id__ref_stg_orders_.dbe9930c54
[0m18:39:14.939748 [debug] [Thread-1 (]: Began running node test.multi_warehouse_demo.unique_stg_orders_order_id.e3b841c71a
[0m18:39:14.940012 [debug] [Thread-1 (]: Re-using an available connection from the pool (formerly test.multi_warehouse_demo.relationships_stg_order_items_order_id__order_id__ref_stg_orders_.dbe9930c54, now test.multi_warehouse_demo.unique_stg_orders_order_id.e3b841c71a)
[0m18:39:14.940253 [debug] [Thread-1 (]: Began compiling node test.multi_warehouse_demo.unique_stg_orders_order_id.e3b841c71a
[0m18:39:14.944569 [debug] [Thread-1 (]: Writing injected SQL for node "test.multi_warehouse_demo.unique_stg_orders_order_id.e3b841c71a"
[0m18:39:14.945029 [debug] [Thread-1 (]: Began executing node test.multi_warehouse_demo.unique_stg_orders_order_id.e3b841c71a
[0m18:39:14.945462 [debug] [Thread-1 (]: Finished running node test.multi_warehouse_demo.unique_stg_orders_order_id.e3b841c71a
[0m18:39:14.945727 [debug] [Thread-1 (]: Began running node model.multi_warehouse_demo.dim_customers
[0m18:39:14.945996 [debug] [Thread-1 (]: Re-using an available connection from the pool (formerly test.multi_warehouse_demo.unique_stg_orders_order_id.e3b841c71a, now model.multi_warehouse_demo.dim_customers)
[0m18:39:14.946237 [debug] [Thread-1 (]: Began compiling node model.multi_warehouse_demo.dim_customers
[0m18:39:14.951138 [debug] [Thread-1 (]: Writing injected SQL for node "model.multi_warehouse_demo.dim_customers"
[0m18:39:14.951732 [debug] [Thread-1 (]: Began executing node model.multi_warehouse_demo.dim_customers
[0m18:39:14.952166 [debug] [Thread-1 (]: Finished running node model.multi_warehouse_demo.dim_customers
[0m18:39:14.952426 [debug] [Thread-1 (]: Began running node test.multi_warehouse_demo.not_null_stg_users_user_id.980dfc1b77
[0m18:39:14.952706 [debug] [Thread-1 (]: Re-using an available connection from the pool (formerly model.multi_warehouse_demo.dim_customers, now test.multi_warehouse_demo.not_null_stg_users_user_id.980dfc1b77)
[0m18:39:14.952975 [debug] [Thread-1 (]: Began compiling node test.multi_warehouse_demo.not_null_stg_users_user_id.980dfc1b77
[0m18:39:14.955581 [debug] [Thread-1 (]: Writing injected SQL for node "test.multi_warehouse_demo.not_null_stg_users_user_id.980dfc1b77"
[0m18:39:14.956164 [debug] [Thread-1 (]: Began executing node test.multi_warehouse_demo.not_null_stg_users_user_id.980dfc1b77
[0m18:39:14.956587 [debug] [Thread-1 (]: Finished running node test.multi_warehouse_demo.not_null_stg_users_user_id.980dfc1b77
[0m18:39:14.956847 [debug] [Thread-1 (]: Began running node test.multi_warehouse_demo.unique_stg_users_user_id.c2ff477e6b
[0m18:39:14.957118 [debug] [Thread-1 (]: Re-using an available connection from the pool (formerly test.multi_warehouse_demo.not_null_stg_users_user_id.980dfc1b77, now test.multi_warehouse_demo.unique_stg_users_user_id.c2ff477e6b)
[0m18:39:14.957355 [debug] [Thread-1 (]: Began compiling node test.multi_warehouse_demo.unique_stg_users_user_id.c2ff477e6b
[0m18:39:14.960362 [debug] [Thread-1 (]: Writing injected SQL for node "test.multi_warehouse_demo.unique_stg_users_user_id.c2ff477e6b"
[0m18:39:14.960852 [debug] [Thread-1 (]: Began executing node test.multi_warehouse_demo.unique_stg_users_user_id.c2ff477e6b
[0m18:39:14.961300 [debug] [Thread-1 (]: Finished running node test.multi_warehouse_demo.unique_stg_users_user_id.c2ff477e6b
[0m18:39:14.961567 [debug] [Thread-1 (]: Began running node test.multi_warehouse_demo.not_null_fct_orders_order_amount.ca14a44d1f
[0m18:39:14.961863 [debug] [Thread-1 (]: Re-using an available connection from the pool (formerly test.multi_warehouse_demo.unique_stg_users_user_id.c2ff477e6b, now test.multi_warehouse_demo.not_null_fct_orders_order_amount.ca14a44d1f)
[0m18:39:14.962178 [debug] [Thread-1 (]: Began compiling node test.multi_warehouse_demo.not_null_fct_orders_order_amount.ca14a44d1f
[0m18:39:14.964904 [debug] [Thread-1 (]: Writing injected SQL for node "test.multi_warehouse_demo.not_null_fct_orders_order_amount.ca14a44d1f"
[0m18:39:14.965415 [debug] [Thread-1 (]: Began executing node test.multi_warehouse_demo.not_null_fct_orders_order_amount.ca14a44d1f
[0m18:39:14.965881 [debug] [Thread-1 (]: Finished running node test.multi_warehouse_demo.not_null_fct_orders_order_amount.ca14a44d1f
[0m18:39:14.966158 [debug] [Thread-1 (]: Began running node test.multi_warehouse_demo.not_null_fct_orders_order_id.4e687af8d0
[0m18:39:14.966435 [debug] [Thread-1 (]: Re-using an available connection from the pool (formerly test.multi_warehouse_demo.not_null_fct_orders_order_amount.ca14a44d1f, now test.multi_warehouse_demo.not_null_fct_orders_order_id.4e687af8d0)
[0m18:39:14.966683 [debug] [Thread-1 (]: Began compiling node test.multi_warehouse_demo.not_null_fct_orders_order_id.4e687af8d0
[0m18:39:14.969302 [debug] [Thread-1 (]: Writing injected SQL for node "test.multi_warehouse_demo.not_null_fct_orders_order_id.4e687af8d0"
[0m18:39:14.969782 [debug] [Thread-1 (]: Began executing node test.multi_warehouse_demo.not_null_fct_orders_order_id.4e687af8d0
[0m18:39:14.970207 [debug] [Thread-1 (]: Finished running node test.multi_warehouse_demo.not_null_fct_orders_order_id.4e687af8d0
[0m18:39:14.970464 [debug] [Thread-1 (]: Began running node test.multi_warehouse_demo.unique_fct_orders_order_id.523ddb6ce5
[0m18:39:14.970732 [debug] [Thread-1 (]: Re-using an available connection from the pool (formerly test.multi_warehouse_demo.not_null_fct_orders_order_id.4e687af8d0, now test.multi_warehouse_demo.unique_fct_orders_order_id.523ddb6ce5)
[0m18:39:14.970969 [debug] [Thread-1 (]: Began compiling node test.multi_warehouse_demo.unique_fct_orders_order_id.523ddb6ce5
[0m18:39:14.974003 [debug] [Thread-1 (]: Writing injected SQL for node "test.multi_warehouse_demo.unique_fct_orders_order_id.523ddb6ce5"
[0m18:39:14.974473 [debug] [Thread-1 (]: Began executing node test.multi_warehouse_demo.unique_fct_orders_order_id.523ddb6ce5
[0m18:39:14.974907 [debug] [Thread-1 (]: Finished running node test.multi_warehouse_demo.unique_fct_orders_order_id.523ddb6ce5
[0m18:39:14.975171 [debug] [Thread-1 (]: Began running node test.multi_warehouse_demo.not_null_dim_customers_user_id.d6a844546c
[0m18:39:14.975438 [debug] [Thread-1 (]: Re-using an available connection from the pool (formerly test.multi_warehouse_demo.unique_fct_orders_order_id.523ddb6ce5, now test.multi_warehouse_demo.not_null_dim_customers_user_id.d6a844546c)
[0m18:39:14.975671 [debug] [Thread-1 (]: Began compiling node test.multi_warehouse_demo.not_null_dim_customers_user_id.d6a844546c
[0m18:39:14.978222 [debug] [Thread-1 (]: Writing injected SQL for node "test.multi_warehouse_demo.not_null_dim_customers_user_id.d6a844546c"
[0m18:39:14.978798 [debug] [Thread-1 (]: Began executing node test.multi_warehouse_demo.not_null_dim_customers_user_id.d6a844546c
[0m18:39:14.979224 [debug] [Thread-1 (]: Finished running node test.multi_warehouse_demo.not_null_dim_customers_user_id.d6a844546c
[0m18:39:14.979497 [debug] [Thread-1 (]: Began running node test.multi_warehouse_demo.unique_dim_customers_user_id.a4ad18eff3
[0m18:39:14.979779 [debug] [Thread-1 (]: Re-using an available connection from the pool (formerly test.multi_warehouse_demo.not_null_dim_customers_user_id.d6a844546c, now test.multi_warehouse_demo.unique_dim_customers_user_id.a4ad18eff3)
[0m18:39:14.980026 [debug] [Thread-1 (]: Began compiling node test.multi_warehouse_demo.unique_dim_customers_user_id.a4ad18eff3
[0m18:39:14.982882 [debug] [Thread-1 (]: Writing injected SQL for node "test.multi_warehouse_demo.unique_dim_customers_user_id.a4ad18eff3"
[0m18:39:14.983323 [debug] [Thread-1 (]: Began executing node test.multi_warehouse_demo.unique_dim_customers_user_id.a4ad18eff3
[0m18:39:14.983751 [debug] [Thread-1 (]: Finished running node test.multi_warehouse_demo.unique_dim_customers_user_id.a4ad18eff3
[0m18:39:14.984415 [debug] [MainThread]: Connection 'master' was properly closed.
[0m18:39:14.984621 [debug] [MainThread]: Connection 'test.multi_warehouse_demo.unique_dim_customers_user_id.a4ad18eff3' was left open.
[0m18:39:14.984825 [debug] [MainThread]: On test.multi_warehouse_demo.unique_dim_customers_user_id.a4ad18eff3: Close
[0m18:39:15.069903 [debug] [MainThread]: Command end result
[0m18:39:15.159031 [debug] [MainThread]: Wrote artifact WritableManifest to /Users/austinabrahamanjiparambilhayis/Documents/repos/dbt-multi-warehouse-demo/target/manifest.json
[0m18:39:15.160961 [debug] [MainThread]: Wrote artifact SemanticManifest to /Users/austinabrahamanjiparambilhayis/Documents/repos/dbt-multi-warehouse-demo/target/semantic_manifest.json
[0m18:39:15.166788 [debug] [MainThread]: Wrote artifact RunExecutionResult to /Users/austinabrahamanjiparambilhayis/Documents/repos/dbt-multi-warehouse-demo/target/run_results.json
[0m18:39:15.169645 [debug] [MainThread]: Acquiring new snowflake connection 'generate_catalog'
[0m18:39:15.169895 [info ] [MainThread]: Building catalog
[0m18:39:15.178593 [debug] [ThreadPool]: Acquiring new snowflake connection 'DEMO.information_schema'
[0m18:39:15.193494 [debug] [ThreadPool]: Using snowflake connection "DEMO.information_schema"
[0m18:39:15.194187 [debug] [ThreadPool]: On DEMO.information_schema: with tables as (
            select
        table_catalog as "table_database",
        table_schema as "table_schema",
        table_name as "table_name",
        case
            when is_dynamic = 'YES' and table_type = 'BASE TABLE' THEN 'DYNAMIC TABLE'
            else table_type
        end as "table_type",
        comment as "table_comment",

        -- note: this is the _role_ that owns the table
        table_owner as "table_owner",

        'Clustering Key' as "stats:clustering_key:label",
        clustering_key as "stats:clustering_key:value",
        'The key used to cluster this table' as "stats:clustering_key:description",
        (clustering_key is not null) as "stats:clustering_key:include",

        'Row Count' as "stats:row_count:label",
        row_count as "stats:row_count:value",
        'An approximate count of rows in this table' as "stats:row_count:description",
        (row_count is not null) as "stats:row_count:include",

        'Approximate Size' as "stats:bytes:label",
        bytes as "stats:bytes:value",
        'Approximate size of the table as reported by Snowflake' as "stats:bytes:description",
        (bytes is not null) as "stats:bytes:include",

        'Last Modified' as "stats:last_modified:label",
        to_varchar(convert_timezone('UTC', last_altered), 'yyyy-mm-dd HH24:MI'||'UTC') as "stats:last_modified:value",
        'The timestamp for last update/change' as "stats:last_modified:description",
        (last_altered is not null and table_type='BASE TABLE') as "stats:last_modified:include"
    from DEMO.INFORMATION_SCHEMA.tables
            where (
                (
                    
    "table_schema" ilike 'analytics' and upper("table_schema") = upper('analytics')

                    and 
    "table_name" ilike 'raw_order_items' and upper("table_name") = upper('raw_order_items')

                )
             or 
                (
                    
    "table_schema" ilike 'ANALYTICS' and upper("table_schema") = upper('ANALYTICS')

                    and 
    "table_name" ilike 'dim_customers' and upper("table_name") = upper('dim_customers')

                )
             or 
                (
                    
    "table_schema" ilike 'analytics' and upper("table_schema") = upper('analytics')

                    and 
    "table_name" ilike 'raw_users' and upper("table_name") = upper('raw_users')

                )
             or 
                (
                    
    "table_schema" ilike 'analytics' and upper("table_schema") = upper('analytics')

                    and 
    "table_name" ilike 'raw_users_changes' and upper("table_name") = upper('raw_users_changes')

                )
             or 
                (
                    
    "table_schema" ilike 'ANALYTICS' and upper("table_schema") = upper('ANALYTICS')

                    and 
    "table_name" ilike 'stg_orders' and upper("table_name") = upper('stg_orders')

                )
             or 
                (
                    
    "table_schema" ilike 'ANALYTICS' and upper("table_schema") = upper('ANALYTICS')

                    and 
    "table_name" ilike 'fct_orders' and upper("table_name") = upper('fct_orders')

                )
             or 
                (
                    
    "table_schema" ilike 'analytics_snapshots' and upper("table_schema") = upper('analytics_snapshots')

                    and 
    "table_name" ilike 'customers_scd2' and upper("table_name") = upper('customers_scd2')

                )
             or 
                (
                    
    "table_schema" ilike 'ANALYTICS' and upper("table_schema") = upper('ANALYTICS')

                    and 
    "table_name" ilike 'fct_orders_daily' and upper("table_name") = upper('fct_orders_daily')

                )
             or 
                (
                    
    "table_schema" ilike 'ANALYTICS' and upper("table_schema") = upper('ANALYTICS')

                    and 
    "table_name" ilike 'stg_order_items' and upper("table_name") = upper('stg_order_items')

                )
             or 
                (
                    
    "table_schema" ilike 'analytics' and upper("table_schema") = upper('analytics')

                    and 
    "table_name" ilike 'raw_orders' and upper("table_name") = upper('raw_orders')

                )
             or 
                (
                    
    "table_schema" ilike 'ANALYTICS' and upper("table_schema") = upper('ANALYTICS')

                    and 
    "table_name" ilike 'raw_users' and upper("table_name") = upper('raw_users')

                )
             or 
                (
                    
    "table_schema" ilike 'ANALYTICS' and upper("table_schema") = upper('ANALYTICS')

                    and 
    "table_name" ilike 'raw_order_items' and upper("table_name") = upper('raw_order_items')

                )
             or 
                (
                    
    "table_schema" ilike 'ANALYTICS' and upper("table_schema") = upper('ANALYTICS')

                    and 
    "table_name" ilike 'raw_users_changes' and upper("table_name") = upper('raw_users_changes')

                )
             or 
                (
                    
    "table_schema" ilike 'ANALYTICS' and upper("table_schema") = upper('ANALYTICS')

                    and 
    "table_name" ilike 'raw_orders' and upper("table_name") = upper('raw_orders')

                )
             or 
                (
                    
    "table_schema" ilike 'ANALYTICS' and upper("table_schema") = upper('ANALYTICS')

                    and 
    "table_name" ilike 'stg_users' and upper("table_name") = upper('stg_users')

                )
            )
        ),
        columns as (
            select
        table_catalog as "table_database",
        table_schema as "table_schema",
        table_name as "table_name",

        column_name as "column_name",
        ordinal_position as "column_index",
        data_type as "column_type",
        comment as "column_comment"
    from DEMO.INFORMATION_SCHEMA.columns
            where (
                (
                    
    "table_schema" ilike 'analytics' and upper("table_schema") = upper('analytics')

                    and 
    "table_name" ilike 'raw_order_items' and upper("table_name") = upper('raw_order_items')

                )
             or 
                (
                    
    "table_schema" ilike 'ANALYTICS' and upper("table_schema") = upper('ANALYTICS')

                    and 
    "table_name" ilike 'dim_customers' and upper("table_name") = upper('dim_customers')

                )
             or 
                (
                    
    "table_schema" ilike 'analytics' and upper("table_schema") = upper('analytics')

                    and 
    "table_name" ilike 'raw_users' and upper("table_name") = upper('raw_users')

                )
             or 
                (
                    
    "table_schema" ilike 'analytics' and upper("table_schema") = upper('analytics')

                    and 
    "table_name" ilike 'raw_users_changes' and upper("table_name") = upper('raw_users_changes')

                )
             or 
                (
                    
    "table_schema" ilike 'ANALYTICS' and upper("table_schema") = upper('ANALYTICS')

                    and 
    "table_name" ilike 'stg_orders' and upper("table_name") = upper('stg_orders')

                )
             or 
                (
                    
    "table_schema" ilike 'ANALYTICS' and upper("table_schema") = upper('ANALYTICS')

                    and 
    "table_name" ilike 'fct_orders' and upper("table_name") = upper('fct_orders')

                )
             or 
                (
                    
    "table_schema" ilike 'analytics_snapshots' and upper("table_schema") = upper('analytics_snapshots')

                    and 
    "table_name" ilike 'customers_scd2' and upper("table_name") = upper('customers_scd2')

                )
             or 
                (
                    
    "table_schema" ilike 'ANALYTICS' and upper("table_schema") = upper('ANALYTICS')

                    and 
    "table_name" ilike 'fct_orders_daily' and upper("table_name") = upper('fct_orders_daily')

                )
             or 
                (
                    
    "table_schema" ilike 'ANALYTICS' and upper("table_schema") = upper('ANALYTICS')

                    and 
    "table_name" ilike 'stg_order_items' and upper("table_name") = upper('stg_order_items')

                )
             or 
                (
                    
    "table_schema" ilike 'analytics' and upper("table_schema") = upper('analytics')

                    and 
    "table_name" ilike 'raw_orders' and upper("table_name") = upper('raw_orders')

                )
             or 
                (
                    
    "table_schema" ilike 'ANALYTICS' and upper("table_schema") = upper('ANALYTICS')

                    and 
    "table_name" ilike 'raw_users' and upper("table_name") = upper('raw_users')

                )
             or 
                (
                    
    "table_schema" ilike 'ANALYTICS' and upper("table_schema") = upper('ANALYTICS')

                    and 
    "table_name" ilike 'raw_order_items' and upper("table_name") = upper('raw_order_items')

                )
             or 
                (
                    
    "table_schema" ilike 'ANALYTICS' and upper("table_schema") = upper('ANALYTICS')

                    and 
    "table_name" ilike 'raw_users_changes' and upper("table_name") = upper('raw_users_changes')

                )
             or 
                (
                    
    "table_schema" ilike 'ANALYTICS' and upper("table_schema") = upper('ANALYTICS')

                    and 
    "table_name" ilike 'raw_orders' and upper("table_name") = upper('raw_orders')

                )
             or 
                (
                    
    "table_schema" ilike 'ANALYTICS' and upper("table_schema") = upper('ANALYTICS')

                    and 
    "table_name" ilike 'stg_users' and upper("table_name") = upper('stg_users')

                )
            )
        )
        select *
    from tables
    join columns using ("table_database", "table_schema", "table_name")
    order by "column_index"
/* {"app": "dbt", "dbt_version": "1.10.11", "profile_name": "multi_warehouse_demo", "target_name": "snowflake", "connection_name": "DEMO.information_schema"} */
[0m18:39:15.194824 [debug] [ThreadPool]: Opening a new connection, currently in state init
[0m18:39:20.545518 [debug] [ThreadPool]: SQL status: SUCCESS 50 in 5.350 seconds
[0m18:39:20.582230 [debug] [MainThread]: Wrote artifact CatalogArtifact to /Users/austinabrahamanjiparambilhayis/Documents/repos/dbt-multi-warehouse-demo/target/catalog.json
[0m18:39:20.606743 [debug] [MainThread]: Wrote artifact WritableManifest to /Users/austinabrahamanjiparambilhayis/Documents/repos/dbt-multi-warehouse-demo/target/manifest.json
[0m18:39:20.608179 [debug] [MainThread]: Wrote artifact SemanticManifest to /Users/austinabrahamanjiparambilhayis/Documents/repos/dbt-multi-warehouse-demo/target/semantic_manifest.json
[0m18:39:20.608448 [info ] [MainThread]: Catalog written to /Users/austinabrahamanjiparambilhayis/Documents/repos/dbt-multi-warehouse-demo/target/catalog.json
[0m18:39:20.608958 [warn ] [MainThread]: [[33mWARNING[0m][DeprecationsSummary]: Deprecated functionality
Summary of encountered deprecations:
- MissingArgumentsPropertyInGenericTestDeprecation: 2 occurrences
To see all deprecation instances instead of just the first occurrence of each,
run command again with the `--show-all-deprecations` flag. You may also need to
run with `--no-partial-parse` as some deprecations are only encountered during
parsing.
[0m18:39:20.611337 [debug] [MainThread]: Resource report: {"command_name": "generate", "command_success": true, "command_wall_clock_time": 8.971572, "process_in_blocks": "0", "process_kernel_time": 0.406291, "process_mem_max_rss": "176619520", "process_out_blocks": "0", "process_user_time": 3.442366}
[0m18:39:20.611725 [debug] [MainThread]: Command `dbt docs generate` succeeded at 18:39:20.611659 after 8.97 seconds
[0m18:39:20.611960 [debug] [MainThread]: Connection 'generate_catalog' was properly closed.
[0m18:39:20.612150 [debug] [MainThread]: Connection 'DEMO.information_schema' was left open.
[0m18:39:20.612342 [debug] [MainThread]: On DEMO.information_schema: Close
[0m18:39:20.672263 [debug] [MainThread]: Sending event: {'category': 'dbt', 'action': 'invocation', 'label': 'end', 'context': [<snowplow_tracker.self_describing_json.SelfDescribingJson object at 0x1171b4550>, <snowplow_tracker.self_describing_json.SelfDescribingJson object at 0x11723af00>, <snowplow_tracker.self_describing_json.SelfDescribingJson object at 0x1078f6250>]}
[0m18:39:20.672648 [debug] [MainThread]: Flushing usage events
[0m18:39:21.110497 [debug] [MainThread]: An error was encountered while trying to flush usage events
[0m18:40:18.567412 [debug] [MainThread]: Sending event: {'category': 'dbt', 'action': 'invocation', 'label': 'start', 'context': [<snowplow_tracker.self_describing_json.SelfDescribingJson object at 0x1043cc050>, <snowplow_tracker.self_describing_json.SelfDescribingJson object at 0x1071674d0>, <snowplow_tracker.self_describing_json.SelfDescribingJson object at 0x107167750>]}


============================== 18:40:18.571810 | 24817bc0-5e62-4d97-8017-0630846be58e ==============================
[0m18:40:18.571810 [info ] [MainThread]: Running with dbt=1.10.11
[0m18:40:18.572287 [debug] [MainThread]: running dbt with arguments {'version_check': 'True', 'no_print': 'None', 'debug': 'False', 'fail_fast': 'False', 'log_format': 'default', 'empty': 'None', 'send_anonymous_usage_stats': 'True', 'write_json': 'True', 'profiles_dir': '/Users/austinabrahamanjiparambilhayis/.dbt', 'partial_parse': 'True', 'warn_error': 'None', 'introspect': 'True', 'warn_error_options': 'WarnErrorOptionsV2(error=[], warn=[], silence=[])', 'cache_selected_only': 'False', 'invocation_command': 'dbt docs serve --port 8080', 'indirect_selection': 'eager', 'static_parser': 'True', 'quiet': 'False', 'use_colors': 'True', 'use_experimental_parser': 'False', 'printer_width': '80', 'target_path': 'None', 'log_cache_events': 'False', 'log_path': '/Users/austinabrahamanjiparambilhayis/Documents/repos/dbt-multi-warehouse-demo/logs'}
[0m18:40:19.008166 [debug] [MainThread]: Sending event: {'category': 'dbt', 'action': 'project_id', 'label': '24817bc0-5e62-4d97-8017-0630846be58e', 'context': [<snowplow_tracker.self_describing_json.SelfDescribingJson object at 0x105163a80>]}
[0m18:40:19.056443 [debug] [MainThread]: Sending event: {'category': 'dbt', 'action': 'adapter_info', 'label': '24817bc0-5e62-4d97-8017-0630846be58e', 'context': [<snowplow_tracker.self_describing_json.SelfDescribingJson object at 0x10803ff00>]}
[0m18:40:45.877561 [error] [MainThread]: Encountered an error:

[0m18:40:45.891333 [error] [MainThread]: Traceback (most recent call last):
  File "/Users/austinabrahamanjiparambilhayis/Documents/repos/dbt-multi-warehouse-demo/.venv/lib/python3.13/site-packages/dbt/cli/requires.py", line 178, in wrapper
    result, success = func(*args, **kwargs)
                      ~~~~^^^^^^^^^^^^^^^^^
  File "/Users/austinabrahamanjiparambilhayis/Documents/repos/dbt-multi-warehouse-demo/.venv/lib/python3.13/site-packages/dbt/cli/requires.py", line 128, in wrapper
    return func(*args, **kwargs)
  File "/Users/austinabrahamanjiparambilhayis/Documents/repos/dbt-multi-warehouse-demo/.venv/lib/python3.13/site-packages/dbt/cli/requires.py", line 272, in wrapper
    return func(*args, **kwargs)
  File "/Users/austinabrahamanjiparambilhayis/Documents/repos/dbt-multi-warehouse-demo/.venv/lib/python3.13/site-packages/dbt/cli/requires.py", line 303, in wrapper
    return func(*args, **kwargs)
  File "/Users/austinabrahamanjiparambilhayis/Documents/repos/dbt-multi-warehouse-demo/.venv/lib/python3.13/site-packages/dbt/cli/requires.py", line 350, in wrapper
    return func(*args, **kwargs)
  File "/Users/austinabrahamanjiparambilhayis/Documents/repos/dbt-multi-warehouse-demo/.venv/lib/python3.13/site-packages/dbt/cli/main.py", line 307, in docs_serve
    results = task.run()
  File "/Users/austinabrahamanjiparambilhayis/Documents/repos/dbt-multi-warehouse-demo/.venv/lib/python3.13/site-packages/dbt/task/docs/serve.py", line 29, in run
    httpd.serve_forever()
    ~~~~~~~~~~~~~~~~~~~^^
  File "/opt/homebrew/Cellar/python@3.13/3.13.7/Frameworks/Python.framework/Versions/3.13/lib/python3.13/socketserver.py", line 235, in serve_forever
    ready = selector.select(poll_interval)
  File "/opt/homebrew/Cellar/python@3.13/3.13.7/Frameworks/Python.framework/Versions/3.13/lib/python3.13/selectors.py", line 398, in select
    fd_event_list = self._selector.poll(timeout)
KeyboardInterrupt

[0m18:40:45.897216 [debug] [MainThread]: Resource report: {"command_name": "serve", "command_success": false, "command_wall_clock_time": 27.389383, "process_in_blocks": "0", "process_kernel_time": 0.258196, "process_mem_max_rss": "128876544", "process_out_blocks": "0", "process_user_time": 1.440152}
[0m18:40:45.899996 [debug] [MainThread]: Command `dbt docs serve` failed at 18:40:45.899817 after 27.39 seconds
[0m18:40:45.906235 [debug] [MainThread]: Sending event: {'category': 'dbt', 'action': 'invocation', 'label': 'end', 'context': [<snowplow_tracker.self_describing_json.SelfDescribingJson object at 0x108455550>, <snowplow_tracker.self_describing_json.SelfDescribingJson object at 0x108455450>, <snowplow_tracker.self_describing_json.SelfDescribingJson object at 0x10844df40>]}
[0m18:40:45.907589 [debug] [MainThread]: Flushing usage events
[0m18:40:46.371654 [debug] [MainThread]: An error was encountered while trying to flush usage events
[0m18:40:49.970805 [debug] [MainThread]: Sending event: {'category': 'dbt', 'action': 'invocation', 'label': 'start', 'context': [<snowplow_tracker.self_describing_json.SelfDescribingJson object at 0x10458c050>, <snowplow_tracker.self_describing_json.SelfDescribingJson object at 0x1053f7610>, <snowplow_tracker.self_describing_json.SelfDescribingJson object at 0x1053f7890>]}


============================== 18:40:49.975015 | 45171f58-348f-4c16-b303-e43c9f4b7ebd ==============================
[0m18:40:49.975015 [info ] [MainThread]: Running with dbt=1.10.11
[0m18:40:49.975498 [debug] [MainThread]: running dbt with arguments {'introspect': 'True', 'invocation_command': 'dbt snapshot --target snowflake', 'quiet': 'False', 'cache_selected_only': 'False', 'log_cache_events': 'False', 'write_json': 'True', 'warn_error_options': 'WarnErrorOptionsV2(error=[], warn=[], silence=[])', 'log_path': '/Users/austinabrahamanjiparambilhayis/Documents/repos/dbt-multi-warehouse-demo/logs', 'log_format': 'default', 'indirect_selection': 'eager', 'use_colors': 'True', 'profiles_dir': '/Users/austinabrahamanjiparambilhayis/.dbt', 'partial_parse': 'True', 'printer_width': '80', 'empty': 'False', 'no_print': 'None', 'debug': 'False', 'version_check': 'True', 'fail_fast': 'False', 'warn_error': 'None', 'target_path': 'None', 'static_parser': 'True', 'use_experimental_parser': 'False', 'send_anonymous_usage_stats': 'True'}
[0m18:40:50.373932 [debug] [MainThread]: Sending event: {'category': 'dbt', 'action': 'project_id', 'label': '45171f58-348f-4c16-b303-e43c9f4b7ebd', 'context': [<snowplow_tracker.self_describing_json.SelfDescribingJson object at 0x1046e3a80>]}
[0m18:40:50.424478 [debug] [MainThread]: Sending event: {'category': 'dbt', 'action': 'adapter_info', 'label': '45171f58-348f-4c16-b303-e43c9f4b7ebd', 'context': [<snowplow_tracker.self_describing_json.SelfDescribingJson object at 0x105ef7df0>]}
[0m18:40:50.425338 [info ] [MainThread]: Registered adapter: snowflake=1.10.2
[0m18:40:50.522633 [debug] [MainThread]: checksum: 4b2932c454f70de800a6273c3b863cdea123318ee929078b65e5e487dd3470c0, vars: {}, profile: , target: snowflake, version: 1.10.11
[0m18:40:50.670823 [debug] [MainThread]: Partial parsing enabled: 0 files deleted, 0 files added, 0 files changed.
[0m18:40:50.671160 [debug] [MainThread]: Partial parsing enabled, no changes found, skipping parsing
[0m18:40:50.729294 [debug] [MainThread]: Sending event: {'category': 'dbt', 'action': 'load_project', 'label': '45171f58-348f-4c16-b303-e43c9f4b7ebd', 'context': [<snowplow_tracker.self_describing_json.SelfDescribingJson object at 0x1064f1750>]}
[0m18:40:50.827131 [debug] [MainThread]: Wrote artifact WritableManifest to /Users/austinabrahamanjiparambilhayis/Documents/repos/dbt-multi-warehouse-demo/target/manifest.json
[0m18:40:50.829580 [debug] [MainThread]: Wrote artifact SemanticManifest to /Users/austinabrahamanjiparambilhayis/Documents/repos/dbt-multi-warehouse-demo/target/semantic_manifest.json
[0m18:40:50.849331 [debug] [MainThread]: Sending event: {'category': 'dbt', 'action': 'resource_counts', 'label': '45171f58-348f-4c16-b303-e43c9f4b7ebd', 'context': [<snowplow_tracker.self_describing_json.SelfDescribingJson object at 0x1064d6030>]}
[0m18:40:50.849748 [info ] [MainThread]: Found 6 models, 1 snapshot, 4 seeds, 14 data tests, 4 sources, 480 macros
[0m18:40:50.850022 [debug] [MainThread]: Sending event: {'category': 'dbt', 'action': 'runnable_timing', 'label': '45171f58-348f-4c16-b303-e43c9f4b7ebd', 'context': [<snowplow_tracker.self_describing_json.SelfDescribingJson object at 0x1061910f0>]}
[0m18:40:50.851626 [info ] [MainThread]: 
[0m18:40:50.851912 [info ] [MainThread]: Concurrency: 1 threads (target='snowflake')
[0m18:40:50.852124 [info ] [MainThread]: 
[0m18:40:50.852486 [debug] [MainThread]: Acquiring new snowflake connection 'master'
[0m18:40:50.853084 [debug] [ThreadPool]: Acquiring new snowflake connection 'list_DEMO'
[0m18:40:50.903851 [debug] [ThreadPool]: Using snowflake connection "list_DEMO"
[0m18:40:50.904188 [debug] [ThreadPool]: On list_DEMO: show terse schemas in database DEMO
    limit 10000
/* {"app": "dbt", "dbt_version": "1.10.11", "profile_name": "multi_warehouse_demo", "target_name": "snowflake", "connection_name": "list_DEMO"} */
[0m18:40:50.904419 [debug] [ThreadPool]: Opening a new connection, currently in state init
[0m18:40:51.943873 [debug] [ThreadPool]: SQL status: SUCCESS 4 in 1.039 seconds
[0m18:40:51.949315 [debug] [ThreadPool]: Re-using an available connection from the pool (formerly list_DEMO, now list_DEMO_analytics_snapshots)
[0m18:40:51.960034 [debug] [ThreadPool]: Using snowflake connection "list_DEMO_analytics_snapshots"
[0m18:40:51.960361 [debug] [ThreadPool]: On list_DEMO_analytics_snapshots: show objects in DEMO.analytics_snapshots
    limit 10000
    

/* {"app": "dbt", "dbt_version": "1.10.11", "profile_name": "multi_warehouse_demo", "target_name": "snowflake", "connection_name": "list_DEMO_analytics_snapshots"} */;
[0m18:40:52.062880 [debug] [ThreadPool]: SQL status: SUCCESS 1 in 0.102 seconds
[0m18:40:52.064952 [debug] [ThreadPool]: Re-using an available connection from the pool (formerly list_DEMO_analytics_snapshots, now list_DEMO_ANALYTICS)
[0m18:40:52.067336 [debug] [ThreadPool]: Using snowflake connection "list_DEMO_ANALYTICS"
[0m18:40:52.067643 [debug] [ThreadPool]: On list_DEMO_ANALYTICS: show objects in DEMO.ANALYTICS
    limit 10000
    

/* {"app": "dbt", "dbt_version": "1.10.11", "profile_name": "multi_warehouse_demo", "target_name": "snowflake", "connection_name": "list_DEMO_ANALYTICS"} */;
[0m18:40:52.167204 [debug] [ThreadPool]: SQL status: SUCCESS 10 in 0.099 seconds
[0m18:40:52.172028 [debug] [MainThread]: Sending event: {'category': 'dbt', 'action': 'runnable_timing', 'label': '45171f58-348f-4c16-b303-e43c9f4b7ebd', 'context': [<snowplow_tracker.self_describing_json.SelfDescribingJson object at 0x10684c2c0>]}
[0m18:40:52.174801 [debug] [Thread-1 (]: Began running node snapshot.multi_warehouse_demo.customers_scd2
[0m18:40:52.176336 [info ] [Thread-1 (]: 1 of 1 START snapshot analytics_snapshots.customers_scd2 ....................... [RUN]
[0m18:40:52.176833 [debug] [Thread-1 (]: Re-using an available connection from the pool (formerly list_DEMO_ANALYTICS, now snapshot.multi_warehouse_demo.customers_scd2)
[0m18:40:52.177142 [debug] [Thread-1 (]: Began compiling node snapshot.multi_warehouse_demo.customers_scd2
[0m18:40:52.184840 [debug] [Thread-1 (]: Began executing node snapshot.multi_warehouse_demo.customers_scd2
[0m18:40:52.230132 [debug] [Thread-1 (]: Using snowflake connection "snapshot.multi_warehouse_demo.customers_scd2"
[0m18:40:52.230531 [debug] [Thread-1 (]: On snapshot.multi_warehouse_demo.customers_scd2: describe table "DEMO"."ANALYTICS_SNAPSHOTS"."CUSTOMERS_SCD2"
/* {"app": "dbt", "dbt_version": "1.10.11", "profile_name": "multi_warehouse_demo", "target_name": "snowflake", "node_id": "snapshot.multi_warehouse_demo.customers_scd2"} */
[0m18:40:52.286320 [debug] [Thread-1 (]: SQL status: SUCCESS 8 in 0.055 seconds
[0m18:40:52.329688 [debug] [Thread-1 (]: Using snowflake connection "snapshot.multi_warehouse_demo.customers_scd2"
[0m18:40:52.330130 [debug] [Thread-1 (]: On snapshot.multi_warehouse_demo.customers_scd2: create or replace temporary table "DEMO"."ANALYTICS_SNAPSHOTS"."CUSTOMERS_SCD2__dbt_tmp"
as (
    
    
    with snapshot_query as (

        


select
  cast(user_id as integer)      as user_id,
  lower(email)                  as email,
  country,
  cast(change_ts as timestamp)  as change_ts
from DEMO.analytics.raw_users_changes


    ),

    snapshotted_data as (

        select *, 
    
        user_id as dbt_unique_key
    

        from "DEMO"."ANALYTICS_SNAPSHOTS"."CUSTOMERS_SCD2"
        where
            
                dbt_valid_to is null
            

    ),

    insertions_source_data as (

        select *, 
    
        user_id as dbt_unique_key
    
,
            change_ts as dbt_updated_at,
            change_ts as dbt_valid_from,
            
  
  coalesce(nullif(change_ts, change_ts), null)
  as dbt_valid_to
,
            md5(coalesce(cast(user_id as varchar ), '')
         || '|' || coalesce(cast(change_ts as varchar ), '')
        ) as dbt_scd_id

        from snapshot_query
    ),

    updates_source_data as (

        select *, 
    
        user_id as dbt_unique_key
    
,
            change_ts as dbt_updated_at,
            change_ts as dbt_valid_from,
            change_ts as dbt_valid_to

        from snapshot_query
    ),

    insertions as (

        select
            'insert' as dbt_change_type,
            source_data.*

        from insertions_source_data as source_data
        left outer join snapshotted_data
            on 
    
        snapshotted_data.dbt_unique_key = source_data.dbt_unique_key
    

            where 
    
        snapshotted_data.dbt_unique_key is null
    

            or (
    
        snapshotted_data.dbt_unique_key is not null
    
 and (
               (snapshotted_data.dbt_valid_from < source_data.change_ts)
            )

        )

    ),

    updates as (

        select
            'update' as dbt_change_type,
            source_data.*,
            snapshotted_data.dbt_scd_id

        from updates_source_data as source_data
        join snapshotted_data
            on 
    
        snapshotted_data.dbt_unique_key = source_data.dbt_unique_key
    

        where (
            (snapshotted_data.dbt_valid_from < source_data.change_ts)
        )
    )

    select * from insertions
    union all
    select * from updates

    )

/* {"app": "dbt", "dbt_version": "1.10.11", "profile_name": "multi_warehouse_demo", "target_name": "snowflake", "node_id": "snapshot.multi_warehouse_demo.customers_scd2"} */;
[0m18:40:53.030754 [debug] [Thread-1 (]: SQL status: SUCCESS 1 in 0.700 seconds
[0m18:40:53.034138 [debug] [Thread-1 (]: Using snowflake connection "snapshot.multi_warehouse_demo.customers_scd2"
[0m18:40:53.034633 [debug] [Thread-1 (]: On snapshot.multi_warehouse_demo.customers_scd2: describe table "DEMO"."ANALYTICS_SNAPSHOTS"."CUSTOMERS_SCD2__dbt_tmp"
/* {"app": "dbt", "dbt_version": "1.10.11", "profile_name": "multi_warehouse_demo", "target_name": "snowflake", "node_id": "snapshot.multi_warehouse_demo.customers_scd2"} */
[0m18:40:53.117818 [debug] [Thread-1 (]: SQL status: SUCCESS 10 in 0.083 seconds
[0m18:40:53.121845 [debug] [Thread-1 (]: Using snowflake connection "snapshot.multi_warehouse_demo.customers_scd2"
[0m18:40:53.122317 [debug] [Thread-1 (]: On snapshot.multi_warehouse_demo.customers_scd2: describe table "DEMO"."ANALYTICS_SNAPSHOTS"."CUSTOMERS_SCD2"
/* {"app": "dbt", "dbt_version": "1.10.11", "profile_name": "multi_warehouse_demo", "target_name": "snowflake", "node_id": "snapshot.multi_warehouse_demo.customers_scd2"} */
[0m18:40:53.188829 [debug] [Thread-1 (]: SQL status: SUCCESS 8 in 0.066 seconds
[0m18:40:53.193423 [debug] [Thread-1 (]: Using snowflake connection "snapshot.multi_warehouse_demo.customers_scd2"
[0m18:40:53.193908 [debug] [Thread-1 (]: On snapshot.multi_warehouse_demo.customers_scd2: describe table "DEMO"."ANALYTICS_SNAPSHOTS"."CUSTOMERS_SCD2__dbt_tmp"
/* {"app": "dbt", "dbt_version": "1.10.11", "profile_name": "multi_warehouse_demo", "target_name": "snowflake", "node_id": "snapshot.multi_warehouse_demo.customers_scd2"} */
[0m18:40:53.316917 [debug] [Thread-1 (]: SQL status: SUCCESS 10 in 0.122 seconds
[0m18:40:53.324792 [debug] [Thread-1 (]: Using snowflake connection "snapshot.multi_warehouse_demo.customers_scd2"
[0m18:40:53.325430 [debug] [Thread-1 (]: On snapshot.multi_warehouse_demo.customers_scd2: describe table "DEMO"."ANALYTICS_SNAPSHOTS"."CUSTOMERS_SCD2"
/* {"app": "dbt", "dbt_version": "1.10.11", "profile_name": "multi_warehouse_demo", "target_name": "snowflake", "node_id": "snapshot.multi_warehouse_demo.customers_scd2"} */
[0m18:40:53.382149 [debug] [Thread-1 (]: SQL status: SUCCESS 8 in 0.056 seconds
[0m18:40:53.394114 [debug] [Thread-1 (]: Using snowflake connection "snapshot.multi_warehouse_demo.customers_scd2"
[0m18:40:53.394735 [debug] [Thread-1 (]: On snapshot.multi_warehouse_demo.customers_scd2: describe table "DEMO"."ANALYTICS_SNAPSHOTS"."CUSTOMERS_SCD2__dbt_tmp"
/* {"app": "dbt", "dbt_version": "1.10.11", "profile_name": "multi_warehouse_demo", "target_name": "snowflake", "node_id": "snapshot.multi_warehouse_demo.customers_scd2"} */
[0m18:40:53.450760 [debug] [Thread-1 (]: SQL status: SUCCESS 10 in 0.055 seconds
[0m18:40:53.478338 [debug] [Thread-1 (]: Using snowflake connection "snapshot.multi_warehouse_demo.customers_scd2"
[0m18:40:53.478808 [debug] [Thread-1 (]: On snapshot.multi_warehouse_demo.customers_scd2: select * from (
        
    
    with snapshot_query as (

        


select
  cast(user_id as integer)      as user_id,
  lower(email)                  as email,
  country,
  cast(change_ts as timestamp)  as change_ts
from DEMO.analytics.raw_users_changes


    ),

    snapshotted_data as (

        select *, 
    
        user_id as dbt_unique_key
    

        from "DEMO"."ANALYTICS_SNAPSHOTS"."CUSTOMERS_SCD2"
        where
            
                dbt_valid_to is null
            

    ),

    insertions_source_data as (

        select *, 
    
        user_id as dbt_unique_key
    
,
            change_ts as dbt_updated_at,
            change_ts as dbt_valid_from,
            
  
  coalesce(nullif(change_ts, change_ts), null)
  as dbt_valid_to
,
            md5(coalesce(cast(user_id as varchar ), '')
         || '|' || coalesce(cast(change_ts as varchar ), '')
        ) as dbt_scd_id

        from snapshot_query
    ),

    updates_source_data as (

        select *, 
    
        user_id as dbt_unique_key
    
,
            change_ts as dbt_updated_at,
            change_ts as dbt_valid_from,
            change_ts as dbt_valid_to

        from snapshot_query
    ),

    insertions as (

        select
            'insert' as dbt_change_type,
            source_data.*

        from insertions_source_data as source_data
        left outer join snapshotted_data
            on 
    
        snapshotted_data.dbt_unique_key = source_data.dbt_unique_key
    

            where 
    
        snapshotted_data.dbt_unique_key is null
    

            or (
    
        snapshotted_data.dbt_unique_key is not null
    
 and (
               (snapshotted_data.dbt_valid_from < source_data.change_ts)
            )

        )

    ),

    updates as (

        select
            'update' as dbt_change_type,
            source_data.*,
            snapshotted_data.dbt_scd_id

        from updates_source_data as source_data
        join snapshotted_data
            on 
    
        snapshotted_data.dbt_unique_key = source_data.dbt_unique_key
    

        where (
            (snapshotted_data.dbt_valid_from < source_data.change_ts)
        )
    )

    select * from insertions
    union all
    select * from updates

    ) as __dbt_sbq
    where false
    limit 0
/* {"app": "dbt", "dbt_version": "1.10.11", "profile_name": "multi_warehouse_demo", "target_name": "snowflake", "node_id": "snapshot.multi_warehouse_demo.customers_scd2"} */
/* {"app": "dbt", "dbt_version": "1.10.11", "profile_name": "multi_warehouse_demo", "target_name": "snowflake", "node_id": "snapshot.multi_warehouse_demo.customers_scd2"} */
[0m18:40:53.614735 [debug] [Thread-1 (]: SQL status: SUCCESS 0 in 0.135 seconds
[0m18:40:53.623446 [debug] [Thread-1 (]: Using snowflake connection "snapshot.multi_warehouse_demo.customers_scd2"
[0m18:40:53.624062 [debug] [Thread-1 (]: On snapshot.multi_warehouse_demo.customers_scd2: select * from (
        select to_timestamp_ntz(convert_timezone('UTC', current_timestamp())) as dbt_snapshot_time
    ) as __dbt_sbq
    where false
    limit 0
/* {"app": "dbt", "dbt_version": "1.10.11", "profile_name": "multi_warehouse_demo", "target_name": "snowflake", "node_id": "snapshot.multi_warehouse_demo.customers_scd2"} */
/* {"app": "dbt", "dbt_version": "1.10.11", "profile_name": "multi_warehouse_demo", "target_name": "snowflake", "node_id": "snapshot.multi_warehouse_demo.customers_scd2"} */
[0m18:40:53.736485 [debug] [Thread-1 (]: SQL status: SUCCESS 0 in 0.112 seconds
[0m18:40:53.738398 [debug] [Thread-1 (]: Writing runtime sql for node "snapshot.multi_warehouse_demo.customers_scd2"
[0m18:40:53.743647 [debug] [Thread-1 (]: Using snowflake connection "snapshot.multi_warehouse_demo.customers_scd2"
[0m18:40:53.744228 [debug] [Thread-1 (]: On snapshot.multi_warehouse_demo.customers_scd2: BEGIN
/* {"app": "dbt", "dbt_version": "1.10.11", "profile_name": "multi_warehouse_demo", "target_name": "snowflake", "node_id": "snapshot.multi_warehouse_demo.customers_scd2"} */
[0m18:40:53.944124 [debug] [Thread-1 (]: SQL status: SUCCESS 1 in 0.199 seconds
[0m18:40:53.945214 [debug] [Thread-1 (]: Using snowflake connection "snapshot.multi_warehouse_demo.customers_scd2"
[0m18:40:53.945806 [debug] [Thread-1 (]: On snapshot.multi_warehouse_demo.customers_scd2: merge into "DEMO"."ANALYTICS_SNAPSHOTS"."CUSTOMERS_SCD2" as DBT_INTERNAL_DEST
    using "DEMO"."ANALYTICS_SNAPSHOTS"."CUSTOMERS_SCD2__dbt_tmp" as DBT_INTERNAL_SOURCE
    on DBT_INTERNAL_SOURCE.dbt_scd_id = DBT_INTERNAL_DEST.dbt_scd_id

    when matched
     
       and DBT_INTERNAL_DEST.dbt_valid_to is null
     
     and DBT_INTERNAL_SOURCE.dbt_change_type in ('update', 'delete')
        then update
        set dbt_valid_to = DBT_INTERNAL_SOURCE.dbt_valid_to

    when not matched
     and DBT_INTERNAL_SOURCE.dbt_change_type = 'insert'
        then insert ("USER_ID", "EMAIL", "COUNTRY", "CHANGE_TS", "DBT_UPDATED_AT", "DBT_VALID_FROM", "DBT_VALID_TO", "DBT_SCD_ID")
        values ("USER_ID", "EMAIL", "COUNTRY", "CHANGE_TS", "DBT_UPDATED_AT", "DBT_VALID_FROM", "DBT_VALID_TO", "DBT_SCD_ID")


/* {"app": "dbt", "dbt_version": "1.10.11", "profile_name": "multi_warehouse_demo", "target_name": "snowflake", "node_id": "snapshot.multi_warehouse_demo.customers_scd2"} */;
[0m18:40:54.384734 [debug] [Thread-1 (]: SQL status: SUCCESS 0 in 0.438 seconds
[0m18:40:54.386403 [debug] [Thread-1 (]: Using snowflake connection "snapshot.multi_warehouse_demo.customers_scd2"
[0m18:40:54.387396 [debug] [Thread-1 (]: On snapshot.multi_warehouse_demo.customers_scd2: COMMIT
/* {"app": "dbt", "dbt_version": "1.10.11", "profile_name": "multi_warehouse_demo", "target_name": "snowflake", "node_id": "snapshot.multi_warehouse_demo.customers_scd2"} */
[0m18:40:55.105410 [debug] [Thread-1 (]: SQL status: SUCCESS 1 in 0.717 seconds
[0m18:40:55.131728 [debug] [Thread-1 (]: Sending event: {'category': 'dbt', 'action': 'run_model', 'label': '45171f58-348f-4c16-b303-e43c9f4b7ebd', 'context': [<snowplow_tracker.self_describing_json.SelfDescribingJson object at 0x10be1e810>]}
[0m18:40:55.132573 [info ] [Thread-1 (]: 1 of 1 OK snapshotted analytics_snapshots.customers_scd2 ....................... [[32mSUCCESS 0[0m in 2.95s]
[0m18:40:55.133100 [debug] [Thread-1 (]: Finished running node snapshot.multi_warehouse_demo.customers_scd2
[0m18:40:55.134138 [debug] [MainThread]: Connection 'master' was properly closed.
[0m18:40:55.134436 [debug] [MainThread]: Connection 'snapshot.multi_warehouse_demo.customers_scd2' was left open.
[0m18:40:55.134690 [debug] [MainThread]: On snapshot.multi_warehouse_demo.customers_scd2: Close
[0m18:40:55.225623 [info ] [MainThread]: 
[0m18:40:55.226122 [info ] [MainThread]: Finished running 1 snapshot in 0 hours 0 minutes and 4.37 seconds (4.37s).
[0m18:40:55.226775 [debug] [MainThread]: Command end result
[0m18:40:55.251213 [debug] [MainThread]: Wrote artifact WritableManifest to /Users/austinabrahamanjiparambilhayis/Documents/repos/dbt-multi-warehouse-demo/target/manifest.json
[0m18:40:55.252728 [debug] [MainThread]: Wrote artifact SemanticManifest to /Users/austinabrahamanjiparambilhayis/Documents/repos/dbt-multi-warehouse-demo/target/semantic_manifest.json
[0m18:40:55.257576 [debug] [MainThread]: Wrote artifact RunExecutionResult to /Users/austinabrahamanjiparambilhayis/Documents/repos/dbt-multi-warehouse-demo/target/run_results.json
[0m18:40:55.257875 [info ] [MainThread]: 
[0m18:40:55.258172 [info ] [MainThread]: [32mCompleted successfully[0m
[0m18:40:55.258396 [info ] [MainThread]: 
[0m18:40:55.258637 [info ] [MainThread]: Done. PASS=1 WARN=0 ERROR=0 SKIP=0 NO-OP=0 TOTAL=1
[0m18:40:55.260917 [debug] [MainThread]: Resource report: {"command_name": "snapshot", "command_success": true, "command_wall_clock_time": 5.3496375, "process_in_blocks": "0", "process_kernel_time": 0.35511, "process_mem_max_rss": "164741120", "process_out_blocks": "0", "process_user_time": 2.257694}
[0m18:40:55.261304 [debug] [MainThread]: Command `dbt snapshot` succeeded at 18:40:55.261227 after 5.35 seconds
[0m18:40:55.261591 [debug] [MainThread]: Sending event: {'category': 'dbt', 'action': 'invocation', 'label': 'end', 'context': [<snowplow_tracker.self_describing_json.SelfDescribingJson object at 0x10be238b0>, <snowplow_tracker.self_describing_json.SelfDescribingJson object at 0x10bea9bd0>, <snowplow_tracker.self_describing_json.SelfDescribingJson object at 0x10beaa3f0>]}
[0m18:40:55.261864 [debug] [MainThread]: Flushing usage events
[0m18:40:55.670462 [debug] [MainThread]: An error was encountered while trying to flush usage events
[0m18:44:56.930182 [debug] [MainThread]: Sending event: {'category': 'dbt', 'action': 'invocation', 'label': 'start', 'context': [<snowplow_tracker.self_describing_json.SelfDescribingJson object at 0x1042bc050>, <snowplow_tracker.self_describing_json.SelfDescribingJson object at 0x105123610>, <snowplow_tracker.self_describing_json.SelfDescribingJson object at 0x105123890>]}


============================== 18:44:56.934503 | c74f74e1-248a-409c-a895-a93328e70c40 ==============================
[0m18:44:56.934503 [info ] [MainThread]: Running with dbt=1.10.11
[0m18:44:56.934992 [debug] [MainThread]: running dbt with arguments {'printer_width': '80', 'send_anonymous_usage_stats': 'True', 'partial_parse': 'True', 'static_parser': 'True', 'log_cache_events': 'False', 'log_path': '/Users/austinabrahamanjiparambilhayis/Documents/repos/dbt-multi-warehouse-demo/logs', 'use_experimental_parser': 'False', 'target_path': 'None', 'cache_selected_only': 'False', 'log_format': 'default', 'fail_fast': 'False', 'version_check': 'True', 'warn_error_options': 'WarnErrorOptionsV2(error=[], warn=[], silence=[])', 'profiles_dir': '/Users/austinabrahamanjiparambilhayis/.dbt', 'use_colors': 'True', 'quiet': 'False', 'indirect_selection': 'eager', 'warn_error': 'None', 'no_print': 'None', 'empty': 'False', 'write_json': 'True', 'introspect': 'True', 'debug': 'False', 'invocation_command': 'dbt run --models fct_orders_daily --vars {"run_start": "2024-03-01", "run_end": "2024-03-31"}'}
[0m18:44:56.935366 [warn ] [MainThread]: [[33mWARNING[0m]: Deprecated functionality
Usage of `--models`, `--model`, and `-m` is deprecated in favor of `--select` or
`-s`.
[0m18:44:56.935642 [debug] [MainThread]: Sending event: {'category': 'dbt', 'action': 'deprecation', 'label': 'c74f74e1-248a-409c-a895-a93328e70c40', 'property_': 'warn', 'context': [<snowplow_tracker.self_describing_json.SelfDescribingJson object at 0x10500f490>]}
[0m18:44:57.371151 [debug] [MainThread]: Sending event: {'category': 'dbt', 'action': 'project_id', 'label': 'c74f74e1-248a-409c-a895-a93328e70c40', 'context': [<snowplow_tracker.self_describing_json.SelfDescribingJson object at 0x105c27df0>]}
[0m18:44:57.419144 [debug] [MainThread]: Sending event: {'category': 'dbt', 'action': 'adapter_info', 'label': 'c74f74e1-248a-409c-a895-a93328e70c40', 'context': [<snowplow_tracker.self_describing_json.SelfDescribingJson object at 0x105c4a750>]}
[0m18:44:57.419923 [info ] [MainThread]: Registered adapter: snowflake=1.10.2
[0m18:44:57.514577 [debug] [MainThread]: checksum: 01defd4de1b9f6dcecd9989c34f840676ab68ab732af2aa8aa71e9759903f4b8, vars: {'run_end': '2024-03-31', 'run_start': '2024-03-01'}, profile: , target: , version: 1.10.11
[0m18:44:57.624344 [info ] [MainThread]: Unable to do partial parsing because config vars, config profile, or config target have changed
[0m18:44:57.624685 [debug] [MainThread]: previous checksum: 01defd4de1b9f6dcecd9989c34f840676ab68ab732af2aa8aa71e9759903f4b8, current checksum: 4b2932c454f70de800a6273c3b863cdea123318ee929078b65e5e487dd3470c0
[0m18:44:57.624948 [debug] [MainThread]: Sending event: {'category': 'dbt', 'action': 'partial_parser', 'label': 'c74f74e1-248a-409c-a895-a93328e70c40', 'context': [<snowplow_tracker.self_describing_json.SelfDescribingJson object at 0x1062054f0>]}
[0m18:44:58.741454 [warn ] [MainThread]: [[33mWARNING[0m][MissingArgumentsPropertyInGenericTestDeprecation]: Deprecated
functionality
Found top-level arguments to test `accepted_values`. Arguments to generic tests
should be nested under the `arguments` property.`
[0m18:44:58.741883 [debug] [MainThread]: Sending event: {'category': 'dbt', 'action': 'deprecation', 'label': 'c74f74e1-248a-409c-a895-a93328e70c40', 'property_': 'warn', 'context': [<snowplow_tracker.self_describing_json.SelfDescribingJson object at 0x1063951d0>]}
[0m18:44:58.929910 [debug] [MainThread]: Sending event: {'category': 'dbt', 'action': 'load_project', 'label': 'c74f74e1-248a-409c-a895-a93328e70c40', 'context': [<snowplow_tracker.self_describing_json.SelfDescribingJson object at 0x106151e60>]}
[0m18:44:59.019132 [debug] [MainThread]: Wrote artifact WritableManifest to /Users/austinabrahamanjiparambilhayis/Documents/repos/dbt-multi-warehouse-demo/target/manifest.json
[0m18:44:59.021396 [debug] [MainThread]: Wrote artifact SemanticManifest to /Users/austinabrahamanjiparambilhayis/Documents/repos/dbt-multi-warehouse-demo/target/semantic_manifest.json
[0m18:44:59.039528 [debug] [MainThread]: Sending event: {'category': 'dbt', 'action': 'resource_counts', 'label': 'c74f74e1-248a-409c-a895-a93328e70c40', 'context': [<snowplow_tracker.self_describing_json.SelfDescribingJson object at 0x10625fdd0>]}
[0m18:44:59.039913 [info ] [MainThread]: Found 6 models, 1 snapshot, 4 seeds, 14 data tests, 4 sources, 480 macros
[0m18:44:59.040181 [debug] [MainThread]: Sending event: {'category': 'dbt', 'action': 'runnable_timing', 'label': 'c74f74e1-248a-409c-a895-a93328e70c40', 'context': [<snowplow_tracker.self_describing_json.SelfDescribingJson object at 0x10731ea40>]}
[0m18:44:59.041476 [info ] [MainThread]: 
[0m18:44:59.041730 [info ] [MainThread]: Concurrency: 1 threads (target='snowflake')
[0m18:44:59.041938 [info ] [MainThread]: 
[0m18:44:59.042281 [debug] [MainThread]: Acquiring new snowflake connection 'master'
[0m18:44:59.042870 [debug] [ThreadPool]: Acquiring new snowflake connection 'list_DEMO'
[0m18:44:59.090628 [debug] [ThreadPool]: Using snowflake connection "list_DEMO"
[0m18:44:59.090940 [debug] [ThreadPool]: On list_DEMO: show terse schemas in database DEMO
    limit 10000
/* {"app": "dbt", "dbt_version": "1.10.11", "profile_name": "multi_warehouse_demo", "target_name": "snowflake", "connection_name": "list_DEMO"} */
[0m18:44:59.091173 [debug] [ThreadPool]: Opening a new connection, currently in state init
[0m18:44:59.939251 [debug] [ThreadPool]: SQL status: SUCCESS 4 in 0.848 seconds
[0m18:44:59.947633 [debug] [ThreadPool]: Re-using an available connection from the pool (formerly list_DEMO, now list_DEMO_ANALYTICS)
[0m18:44:59.959924 [debug] [ThreadPool]: Using snowflake connection "list_DEMO_ANALYTICS"
[0m18:44:59.960223 [debug] [ThreadPool]: On list_DEMO_ANALYTICS: show objects in DEMO.ANALYTICS
    limit 10000
    

/* {"app": "dbt", "dbt_version": "1.10.11", "profile_name": "multi_warehouse_demo", "target_name": "snowflake", "connection_name": "list_DEMO_ANALYTICS"} */;
[0m18:45:00.032413 [debug] [ThreadPool]: SQL status: SUCCESS 10 in 0.072 seconds
[0m18:45:00.034706 [debug] [ThreadPool]: Re-using an available connection from the pool (formerly list_DEMO_ANALYTICS, now list_DEMO_analytics_snapshots)
[0m18:45:00.037761 [debug] [ThreadPool]: Using snowflake connection "list_DEMO_analytics_snapshots"
[0m18:45:00.038065 [debug] [ThreadPool]: On list_DEMO_analytics_snapshots: show objects in DEMO.analytics_snapshots
    limit 10000
    

/* {"app": "dbt", "dbt_version": "1.10.11", "profile_name": "multi_warehouse_demo", "target_name": "snowflake", "connection_name": "list_DEMO_analytics_snapshots"} */;
[0m18:45:00.111304 [debug] [ThreadPool]: SQL status: SUCCESS 1 in 0.073 seconds
[0m18:45:00.113367 [debug] [MainThread]: Sending event: {'category': 'dbt', 'action': 'runnable_timing', 'label': 'c74f74e1-248a-409c-a895-a93328e70c40', 'context': [<snowplow_tracker.self_describing_json.SelfDescribingJson object at 0x102e1c230>]}
[0m18:45:00.116350 [debug] [Thread-1 (]: Began running node model.multi_warehouse_demo.fct_orders_daily
[0m18:45:00.116848 [info ] [Thread-1 (]: 1 of 1 START sql incremental model ANALYTICS.fct_orders_daily .................. [RUN]
[0m18:45:00.117236 [debug] [Thread-1 (]: Re-using an available connection from the pool (formerly list_DEMO_analytics_snapshots, now model.multi_warehouse_demo.fct_orders_daily)
[0m18:45:00.117501 [debug] [Thread-1 (]: Began compiling node model.multi_warehouse_demo.fct_orders_daily
[0m18:45:00.127653 [debug] [Thread-1 (]: Writing injected SQL for node "model.multi_warehouse_demo.fct_orders_daily"
[0m18:45:00.128264 [debug] [Thread-1 (]: Began executing node model.multi_warehouse_demo.fct_orders_daily
[0m18:45:00.170349 [debug] [Thread-1 (]: Using snowflake connection "model.multi_warehouse_demo.fct_orders_daily"
[0m18:45:00.170773 [debug] [Thread-1 (]: On model.multi_warehouse_demo.fct_orders_daily: create or replace  temporary view DEMO.ANALYTICS.fct_orders_daily__dbt_tmp
  
  
  
  
  as (
    

with base as (
  select
    date_trunc('day', o.order_ts)                   as order_date,
    sum(oi.qty * oi.unit_price)               as daily_revenue,
    count(distinct o.order_id)                as orders
  from DEMO.ANALYTICS.stg_orders o
  left join DEMO.ANALYTICS.stg_order_items oi
    on oi.order_id = o.order_id
  
    where o.order_ts between '2024-03-01' and '2024-03-31'
  
  group by 1
)
select * from base


  where order_date >
    (select coalesce(max(order_date), '1900-01-01') from DEMO.ANALYTICS.fct_orders_daily)

  )
/* {"app": "dbt", "dbt_version": "1.10.11", "profile_name": "multi_warehouse_demo", "target_name": "snowflake", "node_id": "model.multi_warehouse_demo.fct_orders_daily"} */;
[0m18:45:00.613148 [debug] [Thread-1 (]: SQL status: SUCCESS 1 in 0.441 seconds
[0m18:45:00.628732 [debug] [Thread-1 (]: Using snowflake connection "model.multi_warehouse_demo.fct_orders_daily"
[0m18:45:00.629387 [debug] [Thread-1 (]: On model.multi_warehouse_demo.fct_orders_daily: describe table DEMO.ANALYTICS.fct_orders_daily__dbt_tmp
/* {"app": "dbt", "dbt_version": "1.10.11", "profile_name": "multi_warehouse_demo", "target_name": "snowflake", "node_id": "model.multi_warehouse_demo.fct_orders_daily"} */
[0m18:45:00.703848 [debug] [Thread-1 (]: SQL status: SUCCESS 3 in 0.074 seconds
[0m18:45:00.721638 [debug] [Thread-1 (]: Using snowflake connection "model.multi_warehouse_demo.fct_orders_daily"
[0m18:45:00.722158 [debug] [Thread-1 (]: On model.multi_warehouse_demo.fct_orders_daily: describe table DEMO.ANALYTICS.fct_orders_daily
/* {"app": "dbt", "dbt_version": "1.10.11", "profile_name": "multi_warehouse_demo", "target_name": "snowflake", "node_id": "model.multi_warehouse_demo.fct_orders_daily"} */
[0m18:45:00.873433 [debug] [Thread-1 (]: SQL status: SUCCESS 3 in 0.151 seconds
[0m18:45:00.881228 [debug] [Thread-1 (]: Using snowflake connection "model.multi_warehouse_demo.fct_orders_daily"
[0m18:45:00.881655 [debug] [Thread-1 (]: On model.multi_warehouse_demo.fct_orders_daily: describe table "DEMO"."ANALYTICS"."FCT_ORDERS_DAILY"
/* {"app": "dbt", "dbt_version": "1.10.11", "profile_name": "multi_warehouse_demo", "target_name": "snowflake", "node_id": "model.multi_warehouse_demo.fct_orders_daily"} */
[0m18:45:00.962873 [debug] [Thread-1 (]: SQL status: SUCCESS 3 in 0.081 seconds
[0m18:45:00.993544 [debug] [Thread-1 (]: Writing runtime sql for node "model.multi_warehouse_demo.fct_orders_daily"
[0m18:45:00.995046 [debug] [Thread-1 (]: Using snowflake connection "model.multi_warehouse_demo.fct_orders_daily"
[0m18:45:00.995371 [debug] [Thread-1 (]: On model.multi_warehouse_demo.fct_orders_daily: -- back compat for old kwarg name
  
  begin
/* {"app": "dbt", "dbt_version": "1.10.11", "profile_name": "multi_warehouse_demo", "target_name": "snowflake", "node_id": "model.multi_warehouse_demo.fct_orders_daily"} */;
[0m18:45:01.081953 [debug] [Thread-1 (]: SQL status: SUCCESS 1 in 0.086 seconds
[0m18:45:01.082412 [debug] [Thread-1 (]: Using snowflake connection "model.multi_warehouse_demo.fct_orders_daily"
[0m18:45:01.082809 [debug] [Thread-1 (]: On model.multi_warehouse_demo.fct_orders_daily: merge into DEMO.ANALYTICS.fct_orders_daily as DBT_INTERNAL_DEST
        using DEMO.ANALYTICS.fct_orders_daily__dbt_tmp as DBT_INTERNAL_SOURCE
        on ((DBT_INTERNAL_SOURCE.order_date = DBT_INTERNAL_DEST.order_date))

    
    when matched then update set
        "ORDER_DATE" = DBT_INTERNAL_SOURCE."ORDER_DATE","DAILY_REVENUE" = DBT_INTERNAL_SOURCE."DAILY_REVENUE","ORDERS" = DBT_INTERNAL_SOURCE."ORDERS"
    

    when not matched then insert
        ("ORDER_DATE", "DAILY_REVENUE", "ORDERS")
    values
        ("ORDER_DATE", "DAILY_REVENUE", "ORDERS")


/* {"app": "dbt", "dbt_version": "1.10.11", "profile_name": "multi_warehouse_demo", "target_name": "snowflake", "node_id": "model.multi_warehouse_demo.fct_orders_daily"} */;
[0m18:45:02.037466 [debug] [Thread-1 (]: SQL status: SUCCESS 0 in 0.954 seconds
[0m18:45:02.038440 [debug] [Thread-1 (]: Using snowflake connection "model.multi_warehouse_demo.fct_orders_daily"
[0m18:45:02.038984 [debug] [Thread-1 (]: On model.multi_warehouse_demo.fct_orders_daily: COMMIT
/* {"app": "dbt", "dbt_version": "1.10.11", "profile_name": "multi_warehouse_demo", "target_name": "snowflake", "node_id": "model.multi_warehouse_demo.fct_orders_daily"} */
[0m18:45:02.334767 [debug] [Thread-1 (]: SQL status: SUCCESS 1 in 0.295 seconds
[0m18:45:02.349843 [debug] [Thread-1 (]: Applying DROP to: DEMO.ANALYTICS.fct_orders_daily__dbt_tmp
[0m18:45:02.358129 [debug] [Thread-1 (]: Using snowflake connection "model.multi_warehouse_demo.fct_orders_daily"
[0m18:45:02.358610 [debug] [Thread-1 (]: On model.multi_warehouse_demo.fct_orders_daily: drop view if exists DEMO.ANALYTICS.fct_orders_daily__dbt_tmp cascade
/* {"app": "dbt", "dbt_version": "1.10.11", "profile_name": "multi_warehouse_demo", "target_name": "snowflake", "node_id": "model.multi_warehouse_demo.fct_orders_daily"} */
[0m18:45:02.459498 [debug] [Thread-1 (]: SQL status: SUCCESS 1 in 0.100 seconds
[0m18:45:02.483940 [debug] [Thread-1 (]: Sending event: {'category': 'dbt', 'action': 'run_model', 'label': 'c74f74e1-248a-409c-a895-a93328e70c40', 'context': [<snowplow_tracker.self_describing_json.SelfDescribingJson object at 0x1043f0ad0>]}
[0m18:45:02.484537 [info ] [Thread-1 (]: 1 of 1 OK created sql incremental model ANALYTICS.fct_orders_daily ............. [[32mSUCCESS 0[0m in 2.36s]
[0m18:45:02.484995 [debug] [Thread-1 (]: Finished running node model.multi_warehouse_demo.fct_orders_daily
[0m18:45:02.485900 [debug] [MainThread]: Connection 'master' was properly closed.
[0m18:45:02.486170 [debug] [MainThread]: Connection 'model.multi_warehouse_demo.fct_orders_daily' was left open.
[0m18:45:02.486398 [debug] [MainThread]: On model.multi_warehouse_demo.fct_orders_daily: Close
[0m18:45:02.589938 [info ] [MainThread]: 
[0m18:45:02.590597 [info ] [MainThread]: Finished running 1 incremental model in 0 hours 0 minutes and 3.55 seconds (3.55s).
[0m18:45:02.591343 [debug] [MainThread]: Command end result
[0m18:45:02.616709 [debug] [MainThread]: Wrote artifact WritableManifest to /Users/austinabrahamanjiparambilhayis/Documents/repos/dbt-multi-warehouse-demo/target/manifest.json
[0m18:45:02.618114 [debug] [MainThread]: Wrote artifact SemanticManifest to /Users/austinabrahamanjiparambilhayis/Documents/repos/dbt-multi-warehouse-demo/target/semantic_manifest.json
[0m18:45:02.623055 [debug] [MainThread]: Wrote artifact RunExecutionResult to /Users/austinabrahamanjiparambilhayis/Documents/repos/dbt-multi-warehouse-demo/target/run_results.json
[0m18:45:02.623312 [info ] [MainThread]: 
[0m18:45:02.623593 [info ] [MainThread]: [32mCompleted successfully[0m
[0m18:45:02.623818 [info ] [MainThread]: 
[0m18:45:02.624058 [info ] [MainThread]: Done. PASS=1 WARN=0 ERROR=0 SKIP=0 NO-OP=0 TOTAL=1
[0m18:45:02.624487 [warn ] [MainThread]: [[33mWARNING[0m][DeprecationsSummary]: Deprecated functionality
Summary of encountered deprecations:
- ModelParamUsageDeprecation: 1 occurrence
- MissingArgumentsPropertyInGenericTestDeprecation: 2 occurrences
To see all deprecation instances instead of just the first occurrence of each,
run command again with the `--show-all-deprecations` flag. You may also need to
run with `--no-partial-parse` as some deprecations are only encountered during
parsing.
[0m18:45:02.627136 [debug] [MainThread]: Resource report: {"command_name": "run", "command_success": true, "command_wall_clock_time": 5.7568617, "process_in_blocks": "0", "process_kernel_time": 0.394344, "process_mem_max_rss": "173457408", "process_out_blocks": "0", "process_user_time": 3.383497}
[0m18:45:02.627465 [debug] [MainThread]: Command `dbt run` succeeded at 18:45:02.627403 after 5.76 seconds
[0m18:45:02.627728 [debug] [MainThread]: Sending event: {'category': 'dbt', 'action': 'invocation', 'label': 'end', 'context': [<snowplow_tracker.self_describing_json.SelfDescribingJson object at 0x10512be70>, <snowplow_tracker.self_describing_json.SelfDescribingJson object at 0x100cf7ee0>, <snowplow_tracker.self_describing_json.SelfDescribingJson object at 0x105f41f10>]}
[0m18:45:02.627986 [debug] [MainThread]: Flushing usage events
[0m18:45:03.056062 [debug] [MainThread]: An error was encountered while trying to flush usage events
[0m18:46:32.389999 [debug] [MainThread]: Sending event: {'category': 'dbt', 'action': 'invocation', 'label': 'start', 'context': [<snowplow_tracker.self_describing_json.SelfDescribingJson object at 0x1038d4050>, <snowplow_tracker.self_describing_json.SelfDescribingJson object at 0x10473b610>, <snowplow_tracker.self_describing_json.SelfDescribingJson object at 0x10473b890>]}


============================== 18:46:32.394399 | 074ebf2c-b148-416c-a994-c6129be5137d ==============================
[0m18:46:32.394399 [info ] [MainThread]: Running with dbt=1.10.11
[0m18:46:32.394891 [debug] [MainThread]: running dbt with arguments {'no_print': 'None', 'partial_parse': 'True', 'log_cache_events': 'False', 'debug': 'False', 'use_experimental_parser': 'False', 'cache_selected_only': 'False', 'version_check': 'True', 'quiet': 'False', 'write_json': 'True', 'warn_error_options': 'WarnErrorOptionsV2(error=[], warn=[], silence=[])', 'indirect_selection': 'eager', 'warn_error': 'None', 'fail_fast': 'False', 'send_anonymous_usage_stats': 'True', 'static_parser': 'True', 'log_format': 'default', 'log_path': '/Users/austinabrahamanjiparambilhayis/Documents/repos/dbt-multi-warehouse-demo/logs', 'use_colors': 'True', 'printer_width': '80', 'introspect': 'True', 'profiles_dir': '/Users/austinabrahamanjiparambilhayis/.dbt', 'invocation_command': 'dbt list --select +fct_orders+ --output json', 'target_path': 'None', 'empty': 'None'}
[0m18:46:32.821207 [debug] [MainThread]: Sending event: {'category': 'dbt', 'action': 'project_id', 'label': '074ebf2c-b148-416c-a994-c6129be5137d', 'context': [<snowplow_tracker.self_describing_json.SelfDescribingJson object at 0x103a2ba80>]}
[0m18:46:32.868977 [debug] [MainThread]: Sending event: {'category': 'dbt', 'action': 'adapter_info', 'label': '074ebf2c-b148-416c-a994-c6129be5137d', 'context': [<snowplow_tracker.self_describing_json.SelfDescribingJson object at 0x10523ff00>]}
[0m18:46:32.869807 [info ] [MainThread]: Registered adapter: snowflake=1.10.2
[0m18:46:32.966165 [debug] [MainThread]: checksum: 5335e1629744fab92fa7809c625edbb36f0d7063a879d6215c971798f27e66f9, vars: {}, profile: , target: , version: 1.10.11
[0m18:46:33.075647 [info ] [MainThread]: Unable to do partial parsing because config vars, config profile, or config target have changed
[0m18:46:33.075998 [debug] [MainThread]: previous checksum: 5335e1629744fab92fa7809c625edbb36f0d7063a879d6215c971798f27e66f9, current checksum: 01defd4de1b9f6dcecd9989c34f840676ab68ab732af2aa8aa71e9759903f4b8
[0m18:46:33.076262 [debug] [MainThread]: Sending event: {'category': 'dbt', 'action': 'partial_parser', 'label': '074ebf2c-b148-416c-a994-c6129be5137d', 'context': [<snowplow_tracker.self_describing_json.SelfDescribingJson object at 0x10583e450>]}
[0m18:46:34.190129 [warn ] [MainThread]: [[33mWARNING[0m][MissingArgumentsPropertyInGenericTestDeprecation]: Deprecated
functionality
Found top-level arguments to test `accepted_values`. Arguments to generic tests
should be nested under the `arguments` property.`
[0m18:46:34.190548 [debug] [MainThread]: Sending event: {'category': 'dbt', 'action': 'deprecation', 'label': '074ebf2c-b148-416c-a994-c6129be5137d', 'property_': 'warn', 'context': [<snowplow_tracker.self_describing_json.SelfDescribingJson object at 0x1052cf020>]}
[0m18:46:34.377836 [debug] [MainThread]: Sending event: {'category': 'dbt', 'action': 'load_project', 'label': '074ebf2c-b148-416c-a994-c6129be5137d', 'context': [<snowplow_tracker.self_describing_json.SelfDescribingJson object at 0x105c3f310>]}
[0m18:46:34.466870 [debug] [MainThread]: Wrote artifact WritableManifest to /Users/austinabrahamanjiparambilhayis/Documents/repos/dbt-multi-warehouse-demo/target/manifest.json
[0m18:46:34.469778 [debug] [MainThread]: Wrote artifact SemanticManifest to /Users/austinabrahamanjiparambilhayis/Documents/repos/dbt-multi-warehouse-demo/target/semantic_manifest.json
[0m18:46:34.488174 [debug] [MainThread]: Sending event: {'category': 'dbt', 'action': 'runnable_timing', 'label': '074ebf2c-b148-416c-a994-c6129be5137d', 'context': [<snowplow_tracker.self_describing_json.SelfDescribingJson object at 0x107c36a90>]}
[0m18:46:34.489075 [info ] [MainThread]: {"name": "fct_orders", "resource_type": "model", "package_name": "multi_warehouse_demo", "original_file_path": "models/marts/fct_orders.sql", "unique_id": "model.multi_warehouse_demo.fct_orders", "alias": "fct_orders", "config": {"enabled": true, "alias": null, "schema": null, "database": null, "tags": [], "meta": {}, "group": null, "materialized": "view", "incremental_strategy": null, "batch_size": null, "lookback": 1, "begin": null, "persist_docs": {}, "post-hook": [], "pre-hook": [], "quoting": {}, "column_types": {}, "full_refresh": null, "unique_key": null, "on_schema_change": "ignore", "on_configuration_change": "apply", "grants": {}, "packages": [], "docs": {"show": true, "node_color": null}, "contract": {"enforced": false, "alias_types": true}, "event_time": null, "concurrent_batches": null, "access": "protected", "freshness": null}, "tags": [], "depends_on": {"macros": [], "nodes": ["model.multi_warehouse_demo.stg_orders", "model.multi_warehouse_demo.stg_order_items"]}}
[0m18:46:34.489479 [info ] [MainThread]: {"name": "stg_order_items", "resource_type": "model", "package_name": "multi_warehouse_demo", "original_file_path": "models/staging/stg_order_items.sql", "unique_id": "model.multi_warehouse_demo.stg_order_items", "alias": "stg_order_items", "config": {"enabled": true, "alias": null, "schema": null, "database": null, "tags": [], "meta": {}, "group": null, "materialized": "view", "incremental_strategy": null, "batch_size": null, "lookback": 1, "begin": null, "persist_docs": {}, "post-hook": [], "pre-hook": [], "quoting": {}, "column_types": {}, "full_refresh": null, "unique_key": null, "on_schema_change": "ignore", "on_configuration_change": "apply", "grants": {}, "packages": [], "docs": {"show": true, "node_color": null}, "contract": {"enforced": false, "alias_types": true}, "event_time": null, "concurrent_batches": null, "access": "protected", "freshness": null}, "tags": [], "depends_on": {"macros": [], "nodes": ["source.multi_warehouse_demo.analytics.raw_order_items"]}}
[0m18:46:34.489827 [info ] [MainThread]: {"name": "stg_orders", "resource_type": "model", "package_name": "multi_warehouse_demo", "original_file_path": "models/staging/stg_orders.sql", "unique_id": "model.multi_warehouse_demo.stg_orders", "alias": "stg_orders", "config": {"enabled": true, "alias": null, "schema": null, "database": null, "tags": [], "meta": {}, "group": null, "materialized": "incremental", "incremental_strategy": null, "batch_size": null, "lookback": 1, "begin": null, "persist_docs": {}, "post-hook": [], "pre-hook": [], "quoting": {}, "column_types": {}, "full_refresh": null, "unique_key": "order_id", "on_schema_change": "ignore", "on_configuration_change": "apply", "grants": {}, "packages": [], "docs": {"show": true, "node_color": null}, "contract": {"enforced": false, "alias_types": true}, "event_time": null, "concurrent_batches": null, "access": "protected", "freshness": null}, "tags": [], "depends_on": {"macros": ["macro.dbt.is_incremental"], "nodes": ["source.multi_warehouse_demo.analytics.raw_orders"]}}
[0m18:46:34.490126 [info ] [MainThread]: {"name": "raw_order_items", "resource_type": "source", "package_name": "multi_warehouse_demo", "original_file_path": "models/sources/sources.yml", "unique_id": "source.multi_warehouse_demo.analytics.raw_order_items", "source_name": "analytics", "tags": [], "config": {"enabled": true, "event_time": null, "freshness": {"warn_after": {"count": null, "period": null}, "error_after": {"count": null, "period": null}, "filter": null}, "loaded_at_field": null, "loaded_at_query": null, "meta": {}, "tags": []}}
[0m18:46:34.490397 [info ] [MainThread]: {"name": "raw_orders", "resource_type": "source", "package_name": "multi_warehouse_demo", "original_file_path": "models/sources/sources.yml", "unique_id": "source.multi_warehouse_demo.analytics.raw_orders", "source_name": "analytics", "tags": [], "config": {"enabled": true, "event_time": null, "freshness": {"warn_after": {"count": null, "period": null}, "error_after": {"count": null, "period": null}, "filter": null}, "loaded_at_field": null, "loaded_at_query": null, "meta": {}, "tags": []}}
[0m18:46:34.490683 [info ] [MainThread]: {"name": "accepted_values_stg_orders_status__completed__cancelled", "resource_type": "test", "package_name": "multi_warehouse_demo", "original_file_path": "models/staging/staging.yml", "unique_id": "test.multi_warehouse_demo.accepted_values_stg_orders_status__completed__cancelled.0881a3f2d1", "alias": "accepted_values_stg_orders_status__completed__cancelled", "config": {"enabled": true, "alias": null, "schema": "dbt_test__audit", "database": null, "tags": [], "meta": {}, "group": null, "materialized": "test", "severity": "ERROR", "store_failures": null, "store_failures_as": null, "where": null, "limit": null, "fail_calc": "count(*)", "warn_if": "!= 0", "error_if": "!= 0"}, "tags": [], "depends_on": {"macros": ["macro.dbt.test_accepted_values", "macro.dbt.get_where_subquery"], "nodes": ["model.multi_warehouse_demo.stg_orders"]}}
[0m18:46:34.490968 [info ] [MainThread]: {"name": "not_null_fct_orders_order_amount", "resource_type": "test", "package_name": "multi_warehouse_demo", "original_file_path": "models/marts/marts.yml", "unique_id": "test.multi_warehouse_demo.not_null_fct_orders_order_amount.ca14a44d1f", "alias": "not_null_fct_orders_order_amount", "config": {"enabled": true, "alias": null, "schema": "dbt_test__audit", "database": null, "tags": [], "meta": {}, "group": null, "materialized": "test", "severity": "ERROR", "store_failures": null, "store_failures_as": null, "where": null, "limit": null, "fail_calc": "count(*)", "warn_if": "!= 0", "error_if": "!= 0"}, "tags": [], "depends_on": {"macros": ["macro.dbt.test_not_null"], "nodes": ["model.multi_warehouse_demo.fct_orders"]}}
[0m18:46:34.491248 [info ] [MainThread]: {"name": "not_null_fct_orders_order_id", "resource_type": "test", "package_name": "multi_warehouse_demo", "original_file_path": "models/marts/marts.yml", "unique_id": "test.multi_warehouse_demo.not_null_fct_orders_order_id.4e687af8d0", "alias": "not_null_fct_orders_order_id", "config": {"enabled": true, "alias": null, "schema": "dbt_test__audit", "database": null, "tags": [], "meta": {}, "group": null, "materialized": "test", "severity": "ERROR", "store_failures": null, "store_failures_as": null, "where": null, "limit": null, "fail_calc": "count(*)", "warn_if": "!= 0", "error_if": "!= 0"}, "tags": [], "depends_on": {"macros": ["macro.dbt.test_not_null"], "nodes": ["model.multi_warehouse_demo.fct_orders"]}}
[0m18:46:34.491524 [info ] [MainThread]: {"name": "not_null_stg_order_items_order_id", "resource_type": "test", "package_name": "multi_warehouse_demo", "original_file_path": "models/staging/staging.yml", "unique_id": "test.multi_warehouse_demo.not_null_stg_order_items_order_id.2063801f96", "alias": "not_null_stg_order_items_order_id", "config": {"enabled": true, "alias": null, "schema": "dbt_test__audit", "database": null, "tags": [], "meta": {}, "group": null, "materialized": "test", "severity": "ERROR", "store_failures": null, "store_failures_as": null, "where": null, "limit": null, "fail_calc": "count(*)", "warn_if": "!= 0", "error_if": "!= 0"}, "tags": [], "depends_on": {"macros": ["macro.dbt.test_not_null"], "nodes": ["model.multi_warehouse_demo.stg_order_items"]}}
[0m18:46:34.491792 [info ] [MainThread]: {"name": "not_null_stg_order_items_qty", "resource_type": "test", "package_name": "multi_warehouse_demo", "original_file_path": "models/staging/staging.yml", "unique_id": "test.multi_warehouse_demo.not_null_stg_order_items_qty.8ef4f29677", "alias": "not_null_stg_order_items_qty", "config": {"enabled": true, "alias": null, "schema": "dbt_test__audit", "database": null, "tags": [], "meta": {}, "group": null, "materialized": "test", "severity": "ERROR", "store_failures": null, "store_failures_as": null, "where": null, "limit": null, "fail_calc": "count(*)", "warn_if": "!= 0", "error_if": "!= 0"}, "tags": [], "depends_on": {"macros": ["macro.dbt.test_not_null"], "nodes": ["model.multi_warehouse_demo.stg_order_items"]}}
[0m18:46:34.492066 [info ] [MainThread]: {"name": "not_null_stg_orders_order_id", "resource_type": "test", "package_name": "multi_warehouse_demo", "original_file_path": "models/staging/staging.yml", "unique_id": "test.multi_warehouse_demo.not_null_stg_orders_order_id.81cfe2fe64", "alias": "not_null_stg_orders_order_id", "config": {"enabled": true, "alias": null, "schema": "dbt_test__audit", "database": null, "tags": [], "meta": {}, "group": null, "materialized": "test", "severity": "ERROR", "store_failures": null, "store_failures_as": null, "where": null, "limit": null, "fail_calc": "count(*)", "warn_if": "!= 0", "error_if": "!= 0"}, "tags": [], "depends_on": {"macros": ["macro.dbt.test_not_null"], "nodes": ["model.multi_warehouse_demo.stg_orders"]}}
[0m18:46:34.492340 [info ] [MainThread]: {"name": "not_null_stg_orders_user_id", "resource_type": "test", "package_name": "multi_warehouse_demo", "original_file_path": "models/staging/staging.yml", "unique_id": "test.multi_warehouse_demo.not_null_stg_orders_user_id.7d129d0209", "alias": "not_null_stg_orders_user_id", "config": {"enabled": true, "alias": null, "schema": "dbt_test__audit", "database": null, "tags": [], "meta": {}, "group": null, "materialized": "test", "severity": "ERROR", "store_failures": null, "store_failures_as": null, "where": null, "limit": null, "fail_calc": "count(*)", "warn_if": "!= 0", "error_if": "!= 0"}, "tags": [], "depends_on": {"macros": ["macro.dbt.test_not_null"], "nodes": ["model.multi_warehouse_demo.stg_orders"]}}
[0m18:46:34.492623 [info ] [MainThread]: {"name": "relationships_stg_order_items_order_id__order_id__ref_stg_orders_", "resource_type": "test", "package_name": "multi_warehouse_demo", "original_file_path": "models/staging/staging.yml", "unique_id": "test.multi_warehouse_demo.relationships_stg_order_items_order_id__order_id__ref_stg_orders_.dbe9930c54", "alias": "relationships_stg_order_items_b3d7cdbd08ebfad01e3226c01c10bba0", "config": {"enabled": true, "alias": "relationships_stg_order_items_b3d7cdbd08ebfad01e3226c01c10bba0", "schema": "dbt_test__audit", "database": null, "tags": [], "meta": {}, "group": null, "materialized": "test", "severity": "ERROR", "store_failures": null, "store_failures_as": null, "where": null, "limit": null, "fail_calc": "count(*)", "warn_if": "!= 0", "error_if": "!= 0"}, "tags": [], "depends_on": {"macros": ["macro.dbt.test_relationships", "macro.dbt.get_where_subquery"], "nodes": ["model.multi_warehouse_demo.stg_orders", "model.multi_warehouse_demo.stg_order_items"]}}
[0m18:46:34.492898 [info ] [MainThread]: {"name": "unique_fct_orders_order_id", "resource_type": "test", "package_name": "multi_warehouse_demo", "original_file_path": "models/marts/marts.yml", "unique_id": "test.multi_warehouse_demo.unique_fct_orders_order_id.523ddb6ce5", "alias": "unique_fct_orders_order_id", "config": {"enabled": true, "alias": null, "schema": "dbt_test__audit", "database": null, "tags": [], "meta": {}, "group": null, "materialized": "test", "severity": "ERROR", "store_failures": null, "store_failures_as": null, "where": null, "limit": null, "fail_calc": "count(*)", "warn_if": "!= 0", "error_if": "!= 0"}, "tags": [], "depends_on": {"macros": ["macro.dbt.test_unique"], "nodes": ["model.multi_warehouse_demo.fct_orders"]}}
[0m18:46:34.493162 [info ] [MainThread]: {"name": "unique_stg_orders_order_id", "resource_type": "test", "package_name": "multi_warehouse_demo", "original_file_path": "models/staging/staging.yml", "unique_id": "test.multi_warehouse_demo.unique_stg_orders_order_id.e3b841c71a", "alias": "unique_stg_orders_order_id", "config": {"enabled": true, "alias": null, "schema": "dbt_test__audit", "database": null, "tags": [], "meta": {}, "group": null, "materialized": "test", "severity": "ERROR", "store_failures": null, "store_failures_as": null, "where": null, "limit": null, "fail_calc": "count(*)", "warn_if": "!= 0", "error_if": "!= 0"}, "tags": [], "depends_on": {"macros": ["macro.dbt.test_unique"], "nodes": ["model.multi_warehouse_demo.stg_orders"]}}
[0m18:46:34.493579 [warn ] [MainThread]: [[33mWARNING[0m][DeprecationsSummary]: Deprecated functionality
Summary of encountered deprecations:
- MissingArgumentsPropertyInGenericTestDeprecation: 2 occurrences
To see all deprecation instances instead of just the first occurrence of each,
run command again with the `--show-all-deprecations` flag. You may also need to
run with `--no-partial-parse` as some deprecations are only encountered during
parsing.
[0m18:46:34.496265 [debug] [MainThread]: Resource report: {"command_name": "list", "command_success": true, "command_wall_clock_time": 2.1655257, "process_in_blocks": "0", "process_kernel_time": 0.290465, "process_mem_max_rss": "148340736", "process_out_blocks": "0", "process_user_time": 2.928307}
[0m18:46:34.496665 [debug] [MainThread]: Command `dbt list` succeeded at 18:46:34.496587 after 2.17 seconds
[0m18:46:34.496958 [debug] [MainThread]: Sending event: {'category': 'dbt', 'action': 'invocation', 'label': 'end', 'context': [<snowplow_tracker.self_describing_json.SelfDescribingJson object at 0x104620b90>, <snowplow_tracker.self_describing_json.SelfDescribingJson object at 0x107d2e620>, <snowplow_tracker.self_describing_json.SelfDescribingJson object at 0x107d2e6d0>]}
[0m18:46:34.497221 [debug] [MainThread]: Flushing usage events
[0m18:46:35.015930 [debug] [MainThread]: An error was encountered while trying to flush usage events
[0m18:48:43.695337 [debug] [MainThread]: Sending event: {'category': 'dbt', 'action': 'invocation', 'label': 'start', 'context': [<snowplow_tracker.self_describing_json.SelfDescribingJson object at 0x104788050>, <snowplow_tracker.self_describing_json.SelfDescribingJson object at 0x1055f34d0>, <snowplow_tracker.self_describing_json.SelfDescribingJson object at 0x1055f3750>]}


============================== 18:48:43.699651 | 5f1363c2-b5a1-4e4b-aaf4-02b49dd1b096 ==============================
[0m18:48:43.699651 [info ] [MainThread]: Running with dbt=1.10.11
[0m18:48:43.700146 [debug] [MainThread]: running dbt with arguments {'invocation_command': 'dbt source freshness', 'empty': 'None', 'printer_width': '80', 'log_path': '/Users/austinabrahamanjiparambilhayis/Documents/repos/dbt-multi-warehouse-demo/logs', 'fail_fast': 'False', 'use_experimental_parser': 'False', 'version_check': 'True', 'target_path': 'None', 'cache_selected_only': 'False', 'warn_error': 'None', 'partial_parse': 'True', 'log_cache_events': 'False', 'write_json': 'True', 'log_format': 'default', 'introspect': 'True', 'quiet': 'False', 'use_colors': 'True', 'static_parser': 'True', 'profiles_dir': '/Users/austinabrahamanjiparambilhayis/.dbt', 'indirect_selection': 'eager', 'warn_error_options': 'WarnErrorOptionsV2(error=[], warn=[], silence=[])', 'send_anonymous_usage_stats': 'True', 'no_print': 'None', 'debug': 'False'}
[0m18:48:44.137875 [debug] [MainThread]: Sending event: {'category': 'dbt', 'action': 'project_id', 'label': '5f1363c2-b5a1-4e4b-aaf4-02b49dd1b096', 'context': [<snowplow_tracker.self_describing_json.SelfDescribingJson object at 0x1048dfa80>]}
[0m18:48:44.186992 [debug] [MainThread]: Sending event: {'category': 'dbt', 'action': 'adapter_info', 'label': '5f1363c2-b5a1-4e4b-aaf4-02b49dd1b096', 'context': [<snowplow_tracker.self_describing_json.SelfDescribingJson object at 0x1060f3df0>]}
[0m18:48:44.187724 [info ] [MainThread]: Registered adapter: snowflake=1.10.2
[0m18:48:44.283005 [debug] [MainThread]: checksum: 5335e1629744fab92fa7809c625edbb36f0d7063a879d6215c971798f27e66f9, vars: {}, profile: , target: , version: 1.10.11
[0m18:48:44.425231 [debug] [MainThread]: Partial parsing enabled: 0 files deleted, 0 files added, 0 files changed.
[0m18:48:44.425542 [debug] [MainThread]: Partial parsing enabled, no changes found, skipping parsing
[0m18:48:44.481663 [debug] [MainThread]: Sending event: {'category': 'dbt', 'action': 'load_project', 'label': '5f1363c2-b5a1-4e4b-aaf4-02b49dd1b096', 'context': [<snowplow_tracker.self_describing_json.SelfDescribingJson object at 0x1066ed750>]}
[0m18:48:44.576048 [debug] [MainThread]: Wrote artifact WritableManifest to /Users/austinabrahamanjiparambilhayis/Documents/repos/dbt-multi-warehouse-demo/target/manifest.json
[0m18:48:44.577922 [debug] [MainThread]: Wrote artifact SemanticManifest to /Users/austinabrahamanjiparambilhayis/Documents/repos/dbt-multi-warehouse-demo/target/semantic_manifest.json
[0m18:48:44.595111 [debug] [MainThread]: Sending event: {'category': 'dbt', 'action': 'resource_counts', 'label': '5f1363c2-b5a1-4e4b-aaf4-02b49dd1b096', 'context': [<snowplow_tracker.self_describing_json.SelfDescribingJson object at 0x1061837a0>]}
[0m18:48:44.595484 [info ] [MainThread]: Found 6 models, 1 snapshot, 4 seeds, 14 data tests, 4 sources, 480 macros
[0m18:48:44.595746 [debug] [MainThread]: Sending event: {'category': 'dbt', 'action': 'runnable_timing', 'label': '5f1363c2-b5a1-4e4b-aaf4-02b49dd1b096', 'context': [<snowplow_tracker.self_describing_json.SelfDescribingJson object at 0x10638d390>]}
[0m18:48:44.597212 [warn ] [MainThread]: Nothing to do. Try checking your model configs and model specification args
[0m18:48:44.619607 [debug] [MainThread]: Wrote artifact WritableManifest to /Users/austinabrahamanjiparambilhayis/Documents/repos/dbt-multi-warehouse-demo/target/manifest.json
[0m18:48:44.620938 [debug] [MainThread]: Wrote artifact SemanticManifest to /Users/austinabrahamanjiparambilhayis/Documents/repos/dbt-multi-warehouse-demo/target/semantic_manifest.json
[0m18:48:44.623436 [debug] [MainThread]: Wrote artifact FreshnessResult to /Users/austinabrahamanjiparambilhayis/Documents/repos/dbt-multi-warehouse-demo/target/sources.json
[0m18:48:44.623673 [info ] [MainThread]: Done.
[0m18:48:44.626372 [debug] [MainThread]: Resource report: {"command_name": "freshness", "command_success": true, "command_wall_clock_time": 0.9933377, "process_in_blocks": "0", "process_kernel_time": 0.286786, "process_mem_max_rss": "136495104", "process_out_blocks": "0", "process_user_time": 1.772966}
[0m18:48:44.626852 [debug] [MainThread]: Command `dbt source freshness` succeeded at 18:48:44.626781 after 0.99 seconds
[0m18:48:44.627128 [debug] [MainThread]: Sending event: {'category': 'dbt', 'action': 'invocation', 'label': 'end', 'context': [<snowplow_tracker.self_describing_json.SelfDescribingJson object at 0x10689fad0>, <snowplow_tracker.self_describing_json.SelfDescribingJson object at 0x1054d4b90>, <snowplow_tracker.self_describing_json.SelfDescribingJson object at 0x10684b410>]}
[0m18:48:44.627387 [debug] [MainThread]: Flushing usage events
[0m18:48:45.090776 [debug] [MainThread]: An error was encountered while trying to flush usage events
[0m18:49:00.823331 [debug] [MainThread]: Sending event: {'category': 'dbt', 'action': 'invocation', 'label': 'start', 'context': [<snowplow_tracker.self_describing_json.SelfDescribingJson object at 0x1041ac050>, <snowplow_tracker.self_describing_json.SelfDescribingJson object at 0x105013610>, <snowplow_tracker.self_describing_json.SelfDescribingJson object at 0x105013890>]}


============================== 18:49:00.827656 | db81703e-f57f-408d-aaf9-cecbe632a939 ==============================
[0m18:49:00.827656 [info ] [MainThread]: Running with dbt=1.10.11
[0m18:49:00.828209 [debug] [MainThread]: running dbt with arguments {'invocation_command': 'dbt list --select +fct_orders+ --output json', 'fail_fast': 'False', 'cache_selected_only': 'False', 'log_cache_events': 'False', 'log_format': 'default', 'introspect': 'True', 'target_path': 'None', 'printer_width': '80', 'use_experimental_parser': 'False', 'version_check': 'True', 'quiet': 'False', 'use_colors': 'True', 'profiles_dir': '/Users/austinabrahamanjiparambilhayis/.dbt', 'empty': 'None', 'send_anonymous_usage_stats': 'True', 'log_path': '/Users/austinabrahamanjiparambilhayis/Documents/repos/dbt-multi-warehouse-demo/logs', 'warn_error': 'None', 'warn_error_options': 'WarnErrorOptionsV2(error=[], warn=[], silence=[])', 'no_print': 'None', 'indirect_selection': 'eager', 'static_parser': 'True', 'debug': 'False', 'partial_parse': 'True', 'write_json': 'True'}
[0m18:49:01.261070 [debug] [MainThread]: Sending event: {'category': 'dbt', 'action': 'project_id', 'label': 'db81703e-f57f-408d-aaf9-cecbe632a939', 'context': [<snowplow_tracker.self_describing_json.SelfDescribingJson object at 0x104303a80>]}
[0m18:49:01.310480 [debug] [MainThread]: Sending event: {'category': 'dbt', 'action': 'adapter_info', 'label': 'db81703e-f57f-408d-aaf9-cecbe632a939', 'context': [<snowplow_tracker.self_describing_json.SelfDescribingJson object at 0x105b1bf00>]}
[0m18:49:01.311541 [info ] [MainThread]: Registered adapter: snowflake=1.10.2
[0m18:49:01.410342 [debug] [MainThread]: checksum: 5335e1629744fab92fa7809c625edbb36f0d7063a879d6215c971798f27e66f9, vars: {}, profile: , target: , version: 1.10.11
[0m18:49:01.552346 [debug] [MainThread]: Partial parsing enabled: 0 files deleted, 0 files added, 0 files changed.
[0m18:49:01.552671 [debug] [MainThread]: Partial parsing enabled, no changes found, skipping parsing
[0m18:49:01.609358 [debug] [MainThread]: Sending event: {'category': 'dbt', 'action': 'load_project', 'label': 'db81703e-f57f-408d-aaf9-cecbe632a939', 'context': [<snowplow_tracker.self_describing_json.SelfDescribingJson object at 0x106115750>]}
[0m18:49:01.702586 [debug] [MainThread]: Wrote artifact WritableManifest to /Users/austinabrahamanjiparambilhayis/Documents/repos/dbt-multi-warehouse-demo/target/manifest.json
[0m18:49:01.704473 [debug] [MainThread]: Wrote artifact SemanticManifest to /Users/austinabrahamanjiparambilhayis/Documents/repos/dbt-multi-warehouse-demo/target/semantic_manifest.json
[0m18:49:01.719354 [debug] [MainThread]: Sending event: {'category': 'dbt', 'action': 'runnable_timing', 'label': 'db81703e-f57f-408d-aaf9-cecbe632a939', 'context': [<snowplow_tracker.self_describing_json.SelfDescribingJson object at 0x1060f6030>]}
[0m18:49:01.720272 [info ] [MainThread]: {"name": "fct_orders", "resource_type": "model", "package_name": "multi_warehouse_demo", "original_file_path": "models/marts/fct_orders.sql", "unique_id": "model.multi_warehouse_demo.fct_orders", "alias": "fct_orders", "config": {"enabled": true, "alias": null, "schema": null, "database": null, "tags": [], "meta": {}, "group": null, "materialized": "view", "incremental_strategy": null, "batch_size": null, "lookback": 1, "begin": null, "persist_docs": {}, "post-hook": [], "pre-hook": [], "quoting": {}, "column_types": {}, "full_refresh": null, "unique_key": null, "on_schema_change": "ignore", "on_configuration_change": "apply", "grants": {}, "packages": [], "docs": {"show": true, "node_color": null}, "contract": {"enforced": false, "alias_types": true}, "event_time": null, "concurrent_batches": null, "access": "protected", "freshness": null}, "tags": [], "depends_on": {"macros": [], "nodes": ["model.multi_warehouse_demo.stg_orders", "model.multi_warehouse_demo.stg_order_items"]}}
[0m18:49:01.720698 [info ] [MainThread]: {"name": "stg_order_items", "resource_type": "model", "package_name": "multi_warehouse_demo", "original_file_path": "models/staging/stg_order_items.sql", "unique_id": "model.multi_warehouse_demo.stg_order_items", "alias": "stg_order_items", "config": {"enabled": true, "alias": null, "schema": null, "database": null, "tags": [], "meta": {}, "group": null, "materialized": "view", "incremental_strategy": null, "batch_size": null, "lookback": 1, "begin": null, "persist_docs": {}, "post-hook": [], "pre-hook": [], "quoting": {}, "column_types": {}, "full_refresh": null, "unique_key": null, "on_schema_change": "ignore", "on_configuration_change": "apply", "grants": {}, "packages": [], "docs": {"show": true, "node_color": null}, "contract": {"enforced": false, "alias_types": true}, "event_time": null, "concurrent_batches": null, "access": "protected", "freshness": null}, "tags": [], "depends_on": {"macros": [], "nodes": ["source.multi_warehouse_demo.analytics.raw_order_items"]}}
[0m18:49:01.721042 [info ] [MainThread]: {"name": "stg_orders", "resource_type": "model", "package_name": "multi_warehouse_demo", "original_file_path": "models/staging/stg_orders.sql", "unique_id": "model.multi_warehouse_demo.stg_orders", "alias": "stg_orders", "config": {"enabled": true, "alias": null, "schema": null, "database": null, "tags": [], "meta": {}, "group": null, "materialized": "incremental", "incremental_strategy": null, "batch_size": null, "lookback": 1, "begin": null, "persist_docs": {}, "post-hook": [], "pre-hook": [], "quoting": {}, "column_types": {}, "full_refresh": null, "unique_key": "order_id", "on_schema_change": "ignore", "on_configuration_change": "apply", "grants": {}, "packages": [], "docs": {"show": true, "node_color": null}, "contract": {"enforced": false, "alias_types": true}, "event_time": null, "concurrent_batches": null, "access": "protected", "freshness": null}, "tags": [], "depends_on": {"macros": ["macro.dbt.is_incremental"], "nodes": ["source.multi_warehouse_demo.analytics.raw_orders"]}}
[0m18:49:01.721331 [info ] [MainThread]: {"name": "raw_order_items", "resource_type": "source", "package_name": "multi_warehouse_demo", "original_file_path": "models/sources/sources.yml", "unique_id": "source.multi_warehouse_demo.analytics.raw_order_items", "source_name": "analytics", "tags": [], "config": {"enabled": true, "event_time": null, "freshness": {"warn_after": {"count": null, "period": null}, "error_after": {"count": null, "period": null}, "filter": null}, "loaded_at_field": null, "loaded_at_query": null, "meta": {}, "tags": []}}
[0m18:49:01.721584 [info ] [MainThread]: {"name": "raw_orders", "resource_type": "source", "package_name": "multi_warehouse_demo", "original_file_path": "models/sources/sources.yml", "unique_id": "source.multi_warehouse_demo.analytics.raw_orders", "source_name": "analytics", "tags": [], "config": {"enabled": true, "event_time": null, "freshness": {"warn_after": {"count": null, "period": null}, "error_after": {"count": null, "period": null}, "filter": null}, "loaded_at_field": null, "loaded_at_query": null, "meta": {}, "tags": []}}
[0m18:49:01.721857 [info ] [MainThread]: {"name": "accepted_values_stg_orders_status__completed__cancelled", "resource_type": "test", "package_name": "multi_warehouse_demo", "original_file_path": "models/staging/staging.yml", "unique_id": "test.multi_warehouse_demo.accepted_values_stg_orders_status__completed__cancelled.0881a3f2d1", "alias": "accepted_values_stg_orders_status__completed__cancelled", "config": {"enabled": true, "alias": null, "schema": "dbt_test__audit", "database": null, "tags": [], "meta": {}, "group": null, "materialized": "test", "severity": "ERROR", "store_failures": null, "store_failures_as": null, "where": null, "limit": null, "fail_calc": "count(*)", "warn_if": "!= 0", "error_if": "!= 0"}, "tags": [], "depends_on": {"macros": ["macro.dbt.test_accepted_values", "macro.dbt.get_where_subquery"], "nodes": ["model.multi_warehouse_demo.stg_orders"]}}
[0m18:49:01.722138 [info ] [MainThread]: {"name": "not_null_fct_orders_order_amount", "resource_type": "test", "package_name": "multi_warehouse_demo", "original_file_path": "models/marts/marts.yml", "unique_id": "test.multi_warehouse_demo.not_null_fct_orders_order_amount.ca14a44d1f", "alias": "not_null_fct_orders_order_amount", "config": {"enabled": true, "alias": null, "schema": "dbt_test__audit", "database": null, "tags": [], "meta": {}, "group": null, "materialized": "test", "severity": "ERROR", "store_failures": null, "store_failures_as": null, "where": null, "limit": null, "fail_calc": "count(*)", "warn_if": "!= 0", "error_if": "!= 0"}, "tags": [], "depends_on": {"macros": ["macro.dbt.test_not_null"], "nodes": ["model.multi_warehouse_demo.fct_orders"]}}
[0m18:49:01.722406 [info ] [MainThread]: {"name": "not_null_fct_orders_order_id", "resource_type": "test", "package_name": "multi_warehouse_demo", "original_file_path": "models/marts/marts.yml", "unique_id": "test.multi_warehouse_demo.not_null_fct_orders_order_id.4e687af8d0", "alias": "not_null_fct_orders_order_id", "config": {"enabled": true, "alias": null, "schema": "dbt_test__audit", "database": null, "tags": [], "meta": {}, "group": null, "materialized": "test", "severity": "ERROR", "store_failures": null, "store_failures_as": null, "where": null, "limit": null, "fail_calc": "count(*)", "warn_if": "!= 0", "error_if": "!= 0"}, "tags": [], "depends_on": {"macros": ["macro.dbt.test_not_null"], "nodes": ["model.multi_warehouse_demo.fct_orders"]}}
[0m18:49:01.722671 [info ] [MainThread]: {"name": "not_null_stg_order_items_order_id", "resource_type": "test", "package_name": "multi_warehouse_demo", "original_file_path": "models/staging/staging.yml", "unique_id": "test.multi_warehouse_demo.not_null_stg_order_items_order_id.2063801f96", "alias": "not_null_stg_order_items_order_id", "config": {"enabled": true, "alias": null, "schema": "dbt_test__audit", "database": null, "tags": [], "meta": {}, "group": null, "materialized": "test", "severity": "ERROR", "store_failures": null, "store_failures_as": null, "where": null, "limit": null, "fail_calc": "count(*)", "warn_if": "!= 0", "error_if": "!= 0"}, "tags": [], "depends_on": {"macros": ["macro.dbt.test_not_null"], "nodes": ["model.multi_warehouse_demo.stg_order_items"]}}
[0m18:49:01.722937 [info ] [MainThread]: {"name": "not_null_stg_order_items_qty", "resource_type": "test", "package_name": "multi_warehouse_demo", "original_file_path": "models/staging/staging.yml", "unique_id": "test.multi_warehouse_demo.not_null_stg_order_items_qty.8ef4f29677", "alias": "not_null_stg_order_items_qty", "config": {"enabled": true, "alias": null, "schema": "dbt_test__audit", "database": null, "tags": [], "meta": {}, "group": null, "materialized": "test", "severity": "ERROR", "store_failures": null, "store_failures_as": null, "where": null, "limit": null, "fail_calc": "count(*)", "warn_if": "!= 0", "error_if": "!= 0"}, "tags": [], "depends_on": {"macros": ["macro.dbt.test_not_null"], "nodes": ["model.multi_warehouse_demo.stg_order_items"]}}
[0m18:49:01.723198 [info ] [MainThread]: {"name": "not_null_stg_orders_order_id", "resource_type": "test", "package_name": "multi_warehouse_demo", "original_file_path": "models/staging/staging.yml", "unique_id": "test.multi_warehouse_demo.not_null_stg_orders_order_id.81cfe2fe64", "alias": "not_null_stg_orders_order_id", "config": {"enabled": true, "alias": null, "schema": "dbt_test__audit", "database": null, "tags": [], "meta": {}, "group": null, "materialized": "test", "severity": "ERROR", "store_failures": null, "store_failures_as": null, "where": null, "limit": null, "fail_calc": "count(*)", "warn_if": "!= 0", "error_if": "!= 0"}, "tags": [], "depends_on": {"macros": ["macro.dbt.test_not_null"], "nodes": ["model.multi_warehouse_demo.stg_orders"]}}
[0m18:49:01.723463 [info ] [MainThread]: {"name": "not_null_stg_orders_user_id", "resource_type": "test", "package_name": "multi_warehouse_demo", "original_file_path": "models/staging/staging.yml", "unique_id": "test.multi_warehouse_demo.not_null_stg_orders_user_id.7d129d0209", "alias": "not_null_stg_orders_user_id", "config": {"enabled": true, "alias": null, "schema": "dbt_test__audit", "database": null, "tags": [], "meta": {}, "group": null, "materialized": "test", "severity": "ERROR", "store_failures": null, "store_failures_as": null, "where": null, "limit": null, "fail_calc": "count(*)", "warn_if": "!= 0", "error_if": "!= 0"}, "tags": [], "depends_on": {"macros": ["macro.dbt.test_not_null"], "nodes": ["model.multi_warehouse_demo.stg_orders"]}}
[0m18:49:01.723743 [info ] [MainThread]: {"name": "relationships_stg_order_items_order_id__order_id__ref_stg_orders_", "resource_type": "test", "package_name": "multi_warehouse_demo", "original_file_path": "models/staging/staging.yml", "unique_id": "test.multi_warehouse_demo.relationships_stg_order_items_order_id__order_id__ref_stg_orders_.dbe9930c54", "alias": "relationships_stg_order_items_b3d7cdbd08ebfad01e3226c01c10bba0", "config": {"enabled": true, "alias": "relationships_stg_order_items_b3d7cdbd08ebfad01e3226c01c10bba0", "schema": "dbt_test__audit", "database": null, "tags": [], "meta": {}, "group": null, "materialized": "test", "severity": "ERROR", "store_failures": null, "store_failures_as": null, "where": null, "limit": null, "fail_calc": "count(*)", "warn_if": "!= 0", "error_if": "!= 0"}, "tags": [], "depends_on": {"macros": ["macro.dbt.test_relationships", "macro.dbt.get_where_subquery"], "nodes": ["model.multi_warehouse_demo.stg_orders", "model.multi_warehouse_demo.stg_order_items"]}}
[0m18:49:01.724021 [info ] [MainThread]: {"name": "unique_fct_orders_order_id", "resource_type": "test", "package_name": "multi_warehouse_demo", "original_file_path": "models/marts/marts.yml", "unique_id": "test.multi_warehouse_demo.unique_fct_orders_order_id.523ddb6ce5", "alias": "unique_fct_orders_order_id", "config": {"enabled": true, "alias": null, "schema": "dbt_test__audit", "database": null, "tags": [], "meta": {}, "group": null, "materialized": "test", "severity": "ERROR", "store_failures": null, "store_failures_as": null, "where": null, "limit": null, "fail_calc": "count(*)", "warn_if": "!= 0", "error_if": "!= 0"}, "tags": [], "depends_on": {"macros": ["macro.dbt.test_unique"], "nodes": ["model.multi_warehouse_demo.fct_orders"]}}
[0m18:49:01.724288 [info ] [MainThread]: {"name": "unique_stg_orders_order_id", "resource_type": "test", "package_name": "multi_warehouse_demo", "original_file_path": "models/staging/staging.yml", "unique_id": "test.multi_warehouse_demo.unique_stg_orders_order_id.e3b841c71a", "alias": "unique_stg_orders_order_id", "config": {"enabled": true, "alias": null, "schema": "dbt_test__audit", "database": null, "tags": [], "meta": {}, "group": null, "materialized": "test", "severity": "ERROR", "store_failures": null, "store_failures_as": null, "where": null, "limit": null, "fail_calc": "count(*)", "warn_if": "!= 0", "error_if": "!= 0"}, "tags": [], "depends_on": {"macros": ["macro.dbt.test_unique"], "nodes": ["model.multi_warehouse_demo.stg_orders"]}}
[0m18:49:01.726983 [debug] [MainThread]: Resource report: {"command_name": "list", "command_success": true, "command_wall_clock_time": 0.96153915, "process_in_blocks": "0", "process_kernel_time": 0.282221, "process_mem_max_rss": "136560640", "process_out_blocks": "0", "process_user_time": 1.772014}
[0m18:49:01.727555 [debug] [MainThread]: Command `dbt list` succeeded at 18:49:01.727470 after 0.96 seconds
[0m18:49:01.727891 [debug] [MainThread]: Sending event: {'category': 'dbt', 'action': 'invocation', 'label': 'end', 'context': [<snowplow_tracker.self_describing_json.SelfDescribingJson object at 0x104eafe70>, <snowplow_tracker.self_describing_json.SelfDescribingJson object at 0x105f0b5b0>, <snowplow_tracker.self_describing_json.SelfDescribingJson object at 0x10628bba0>]}
[0m18:49:01.728167 [debug] [MainThread]: Flushing usage events
[0m18:49:02.160993 [debug] [MainThread]: An error was encountered while trying to flush usage events
